#IID	PC1	PC2	PC3	PC4	PC5	PC6	PC7	PC8	PC9	PC10	sample	pop	super_pop	gender
HG00096	-0.0110418	0.0272767	0.0121115	0.0171276	0.00310711	-0.00526657	-0.00189425	-0.0197173	-0.0100446	0.0140703	HG00096	GBR	EUR	male
HG00097	-0.0108799	0.0266899	0.0104567	0.0168424	0.000796671	-0.00677175	-0.00729407	-0.0319511	-0.00876399	0.00599546	HG00097	GBR	EUR	female
HG00099	-0.0111621	0.0268861	0.0116561	0.0155416	0.00125105	-0.00707447	-0.00584075	-0.0345799	-0.00945115	0.010623	HG00099	GBR	EUR	female
HG00100	-0.0107257	0.0270649	0.0122997	0.0184257	0.00180576	-0.00512565	0.00206979	-0.00260641	-2.40831e-05	0.0152623	HG00100	GBR	EUR	female
HG00101	-0.0110317	0.0270445	0.0123859	0.0166564	-0.000743439	-0.00633161	-0.00244858	-0.0293227	-0.00665304	0.0103528	HG00101	GBR	EUR	male
HG00102	-0.0113735	0.0267517	0.0110891	0.0173035	0.00201565	-0.00686963	-0.000572895	-0.0281493	-0.00459719	0.0072481	HG00102	GBR	EUR	female
HG00103	-0.0110441	0.0266281	0.0116673	0.017276	0.00311542	-0.00456788	-0.00508977	-0.0222301	-0.0111996	0.016842	HG00103	GBR	EUR	male
HG00105	-0.0109909	0.0265707	0.0115467	0.0171837	-0.000502131	-0.0059338	-0.00672796	-0.0280414	-0.0087572	0.010129	HG00105	GBR	EUR	male
HG00106	-0.0112033	0.0272257	0.0108769	0.0160546	-0.00372333	-0.00584228	-0.0052409	-0.0257622	-0.00848748	0.00711247	HG00106	GBR	EUR	female
HG00107	-0.0112181	0.0264524	0.0116589	0.0161971	0.000680089	-0.00394808	-0.00225706	-0.0282588	-0.00710208	0.00742841	HG00107	GBR	EUR	male
HG00108	-0.0112036	0.0266513	0.0130803	0.0192225	-0.00440342	0.0100456	0.024751	0.00426999	0.00239269	-0.0114703	HG00108	GBR	EUR	male
HG00109	-0.0111997	0.026841	0.0127856	0.0200042	-0.00475599	0.00832233	0.0120754	-0.000533794	-0.000188793	-0.0170275	HG00109	GBR	EUR	male
HG00110	-0.0114015	0.0262826	0.0122524	0.0187928	-0.00522998	0.0086841	0.0183995	-0.00202171	-0.00244678	-0.0134031	HG00110	GBR	EUR	female
HG00111	-0.0112884	0.0264599	0.0123051	0.0183843	0.000348973	0.0128191	0.0297388	0.0074041	0.00663781	-0.00935861	HG00111	GBR	EUR	female
HG00112	-0.0113443	0.0265353	0.0110988	0.0174528	3.03146e-05	-0.00131702	0.00339048	-0.0230308	-0.00137374	-0.00195506	HG00112	GBR	EUR	male
HG00113	-0.0111944	0.0263066	0.0128785	0.0197104	-0.00378803	0.0108154	0.0206518	0.00834708	0.000871365	-0.0227133	HG00113	GBR	EUR	male
HG00114	-0.0111339	0.0266611	0.0120108	0.0173334	0.00284402	-0.0055546	0.000529321	-0.0225052	-0.0040651	0.00280549	HG00114	GBR	EUR	male
HG00115	-0.0108923	0.0270434	0.0108818	0.0178739	-0.00357241	-0.0056374	-0.00301815	-0.0261718	-0.00618175	-0.00950904	HG00115	GBR	EUR	male
HG00116	-0.0113675	0.0268611	0.0127557	0.0196988	0.00670689	0.00378753	0.0173643	0.00845024	0.00052641	0.0355704	HG00116	GBR	EUR	male
HG00117	-0.0113946	0.0264594	0.0134077	0.0182602	0.00727797	0.00115774	0.0153209	0.00685966	0.00274063	0.0364279	HG00117	GBR	EUR	male
HG00118	-0.0108328	0.0269374	0.0109678	0.0156437	-0.00433081	-0.00805338	-0.00683919	-0.0316338	-0.0073344	-0.00111477	HG00118	GBR	EUR	female
HG00119	-0.0110671	0.0265378	0.0138328	0.0194448	0.00772909	0.00753393	0.0244852	0.0147887	0.00543209	0.0227525	HG00119	GBR	EUR	male
HG00120	-0.0111881	0.027138	0.0125516	0.0189351	0.0073173	0.000962347	0.0140614	0.00793624	-2.42747e-05	0.032612	HG00120	GBR	EUR	female
HG00121	-0.011283	0.0265812	0.0126057	0.0189892	-0.00181646	0.00992516	0.0238144	0.00452755	0.00392746	-0.0155875	HG00121	GBR	EUR	female
HG00122	-0.0112737	0.0270863	0.011131	0.0169089	-0.00152428	-0.00687682	-0.00225991	-0.0233619	-0.00662864	-0.00173575	HG00122	GBR	EUR	female
HG00123	-0.011012	0.0269694	0.012593	0.0177262	0.0076958	0.00586371	0.0206903	0.0123978	0.00727024	0.0289295	HG00123	GBR	EUR	female
HG00125	-0.0114964	0.0264788	0.0136727	0.0186253	0.00169231	0.0118779	0.0250001	0.00703809	0.00526622	-0.00112195	HG00125	GBR	EUR	female
HG00126	-0.0110511	0.0277133	0.0106287	0.0175215	-0.00138757	-0.00615508	-0.00660228	-0.0221333	-0.00330955	-0.00387373	HG00126	GBR	EUR	male
HG00127	-0.0111744	0.0271201	0.0115197	0.0165231	0.00185715	-0.00507774	-0.00671765	-0.0241756	-0.00587316	0.0132225	HG00127	GBR	EUR	female
HG00128	-0.0109612	0.0273472	0.0108543	0.0174893	-7.25818e-05	-0.00574995	-0.00935072	-0.0261808	-0.0068523	0.00612313	HG00128	GBR	EUR	female
HG00129	-0.0110169	0.0271676	0.0109453	0.0165425	0.00100253	-0.00751648	-0.00597339	-0.0310222	-0.00856986	0.00674637	HG00129	GBR	EUR	male
HG00130	-0.0108682	0.0269469	0.0108212	0.0177888	0.000444088	-0.00657564	-0.0107118	-0.0273018	-0.00900047	0.00335641	HG00130	GBR	EUR	female
HG00131	-0.0111288	0.0266587	0.0132587	0.0200714	0.00548298	0.0092086	0.0230543	0.0216737	0.00564329	0.018259	HG00131	GBR	EUR	male
HG00132	-0.0108373	0.0271024	0.0106576	0.0177569	-9.45497e-05	-0.00590478	-0.00795241	-0.0220653	-0.00547556	0.00852725	HG00132	GBR	EUR	female
HG00133	-0.0108985	0.0267212	0.0127641	0.0186138	0.00581578	0.00503435	0.018115	0.0162092	0.00412851	0.0243888	HG00133	GBR	EUR	female
HG00136	-0.0113026	0.0262896	0.0133522	0.0201231	0.000198234	0.011648	0.024463	0.00921241	0.0048875	-0.00292953	HG00136	GBR	EUR	male
HG00137	-0.0114287	0.0264463	0.0130318	0.0199807	0.00133754	0.0118469	0.0211292	0.0100304	0.00426081	-0.0052171	HG00137	GBR	EUR	female
HG00138	-0.0111759	0.0268891	0.0136413	0.0201373	0.00180591	0.0113211	0.0225916	0.0114931	0.00429685	-0.00954399	HG00138	GBR	EUR	male
HG00139	-0.0112614	0.0270523	0.0137986	0.0203905	-0.00286083	0.00715861	0.0190062	0.0123521	0.0032971	-0.0193584	HG00139	GBR	EUR	male
HG00140	-0.0112959	0.026481	0.0127636	0.0198798	-0.00393462	0.00805864	0.0197669	0.00399884	0.00305656	-0.0219831	HG00140	GBR	EUR	male
HG00141	-0.0112192	0.0274253	0.0113731	0.0169305	-0.00328527	-0.00771511	-0.00444816	-0.0257739	-0.00606853	-0.00353381	HG00141	GBR	EUR	male
HG00142	-0.0111095	0.0270699	0.0114447	0.0183345	-0.000738103	-0.00172224	-0.00319543	-0.0232339	4.59232e-05	0.00186354	HG00142	GBR	EUR	male
HG00143	-0.0107127	0.0273089	0.0110557	0.0178059	0.000216865	-0.00734883	-0.00487235	-0.0211151	-0.00774914	-0.00122372	HG00143	GBR	EUR	male
HG00145	-0.0113249	0.0267015	0.0133348	0.0191895	0.00574757	0.00505397	0.014499	0.0181146	0.00261793	0.0252469	HG00145	GBR	EUR	male
HG00146	-0.0113429	0.0267303	0.0140336	0.0202704	0.00310738	0.00830632	0.018504	0.0171359	0.005102	0.0194812	HG00146	GBR	EUR	female
HG00148	-0.0111099	0.0270805	0.0107249	0.0173311	-0.00285862	-0.00568317	-0.00530846	-0.0266312	-0.00863501	-0.0026953	HG00148	GBR	EUR	male
HG00149	-0.0108496	0.0274354	0.0125791	0.0180119	-0.00123664	-0.00811949	-0.0065263	-0.0265214	-0.00656165	0.00630152	HG00149	GBR	EUR	male
HG00150	-0.0110704	0.026559	0.0117679	0.0168621	0.00235618	-0.00414856	-0.000890457	-0.0218226	-0.00665081	-0.00128772	HG00150	GBR	EUR	female
HG00151	-0.011108	0.0266183	0.0112192	0.0171098	-0.00151292	-0.000642364	0.00150311	-0.0223602	-0.00259897	-0.00828539	HG00151	GBR	EUR	male
HG00154	-0.0114373	0.0272103	0.014094	0.0200701	0.0018461	0.0111652	0.0219569	0.0117598	0.00420901	-0.00352244	HG00154	GBR	EUR	female
HG00155	-0.0114817	0.0265722	0.0138867	0.0186932	0.00449552	0.00747188	0.0189809	0.0154334	0.00344701	0.0291781	HG00155	GBR	EUR	male
HG00157	-0.0110718	0.0271381	0.0141837	0.020894	0.00599478	0.00719105	0.0207186	0.0160387	0.00621204	0.0231001	HG00157	GBR	EUR	male
HG00158	-0.0110389	0.0261822	0.0142562	0.0187233	0.00545409	0.00898863	0.0218703	0.0202257	0.00533198	0.0238752	HG00158	GBR	EUR	female
HG00159	-0.0111218	0.02669	0.0138838	0.0196254	0.0053337	0.00807285	0.0188618	0.020521	0.00739014	0.0209645	HG00159	GBR	EUR	male
HG00160	-0.0113887	0.0270438	0.0137631	0.0199446	0.00439411	0.00376776	0.016339	0.0138133	0.00342696	0.025631	HG00160	GBR	EUR	male
HG00171	-0.0122762	0.0223958	0.0143683	0.0163244	0.011029	0.00657046	0.0739615	-0.053951	0.00644599	-0.00434013	HG00171	FIN	EUR	female
HG00173	-0.0120914	0.0229312	0.0132797	0.0151212	0.00907468	0.00136484	0.0565993	-0.0667389	0.0016309	-0.00817809	HG00173	FIN	EUR	female
HG00174	-0.0118029	0.024312	0.014759	0.0174389	0.00757383	0.00617886	0.0545184	-0.0355831	0.00522856	-0.00402105	HG00174	FIN	EUR	female
HG00176	-0.0117559	0.0224815	0.0138235	0.0169545	0.0127132	0.00225179	0.0635974	-0.0499427	0.00349533	0.0136145	HG00176	FIN	EUR	female
HG00177	-0.0119095	0.0217525	0.0126697	0.0149261	0.0129353	0.00177242	0.0584956	-0.065737	0.0035146	-0.00611694	HG00177	FIN	EUR	female
HG00178	-0.0119067	0.0229787	0.0124465	0.0171667	0.00777189	-0.000376017	0.0522599	-0.0578608	-0.000532806	-0.00848261	HG00178	FIN	EUR	female
HG00179	-0.0117067	0.0223642	0.0129842	0.0157199	0.00970054	0.00269958	0.0537565	-0.0605301	0.00365534	-0.00793319	HG00179	FIN	EUR	female
HG00180	-0.0119635	0.022373	0.0125155	0.0167269	0.00672969	0.00175688	0.0509335	-0.0581239	0.00264359	-0.00764619	HG00180	FIN	EUR	female
HG00181	-0.0108562	0.0232439	0.0106821	0.0165574	0.00500294	-0.00364478	0.0303121	-0.0435759	0.00115033	-0.00523033	HG00181	FIN	EUR	male
HG00182	-0.0115239	0.02212	0.0132268	0.0144459	0.00860895	0.00262153	0.0589699	-0.0629482	0.00189525	-0.0125862	HG00182	FIN	EUR	male
HG00183	-0.0117408	0.022779	0.0122165	0.016225	0.0108976	0.00383369	0.0615908	-0.0624842	0.00162655	-0.00551088	HG00183	FIN	EUR	male
HG00185	-0.0117991	0.0226673	0.0121061	0.0156128	0.00775331	-0.00047181	0.0563374	-0.0687037	0.00253949	-0.00213224	HG00185	FIN	EUR	male
HG00186	-0.011951	0.0227053	0.0138749	0.016024	0.0100932	0.00403626	0.0654376	-0.0614133	0.00354454	0.0010128	HG00186	FIN	EUR	male
HG00187	-0.0116313	0.0219991	0.0135438	0.0151344	0.0112991	0.00107716	0.0643135	-0.0679355	0.0047295	-0.00669196	HG00187	FIN	EUR	male
HG00188	-0.0117683	0.023375	0.0126324	0.0155959	0.00890093	-0.00414021	0.0460011	-0.0673399	-0.00320299	0.000428561	HG00188	FIN	EUR	male
HG00189	-0.0117352	0.0226834	0.0125272	0.0163957	0.00669702	0.000166564	0.0468762	-0.0582333	-0.00326933	-0.00261002	HG00189	FIN	EUR	male
HG00190	-0.0115423	0.0233503	0.0113986	0.0160638	0.00660971	0.00170617	0.0445052	-0.0571624	-0.000702943	-0.00585123	HG00190	FIN	EUR	male
HG00231	-0.0109558	0.0265974	0.0116958	0.0168481	-0.000762388	-0.00133274	-0.00254268	-0.0147456	-0.0023386	-0.0126346	HG00231	GBR	EUR	female
HG00232	-0.0112822	0.0270706	0.0129887	0.0181297	0.00107437	0.0106589	0.0196395	0.0105753	0.00377415	-0.00555515	HG00232	GBR	EUR	female
HG00233	-0.0109704	0.0269746	0.0110675	0.0166878	0.00196184	-0.00704517	-0.0109108	-0.0244095	-0.00939276	0.0113008	HG00233	GBR	EUR	female
HG00234	-0.011113	0.0270292	0.0107472	0.0173209	0.00125036	-0.00625116	-0.0120375	-0.0316239	-0.00993177	0.0126177	HG00234	GBR	EUR	male
HG00235	-0.0109135	0.0273426	0.0110815	0.0169081	0.00214207	-0.00689614	-0.01214	-0.0318745	-0.00909667	0.0140864	HG00235	GBR	EUR	female
HG00236	-0.0108587	0.0267874	0.0135684	0.0198202	-0.00201438	0.0108111	0.021638	0.0143216	0.00271092	-0.0137997	HG00236	GBR	EUR	female
HG00237	-0.0109829	0.0265104	0.0123038	0.02019	-0.0040378	0.0129108	0.0226507	0.013834	0.00271868	-0.0104773	HG00237	GBR	EUR	female
HG00238	-0.0110635	0.026899	0.0108141	0.0168757	-0.0019646	-0.00567544	-0.00486829	-0.0236596	-0.00478778	0.00959859	HG00238	GBR	EUR	female
HG00239	-0.0106273	0.0272783	0.0124109	0.0189887	0.00515863	-0.0025307	0.00984166	-0.00116327	-0.00261464	0.0220884	HG00239	GBR	EUR	female
HG00240	-0.011093	0.0274818	0.0107904	0.0165955	-0.0014258	-0.0070752	-0.00644539	-0.0266397	-0.00584707	0.0114474	HG00240	GBR	EUR	female
HG00242	-0.0109784	0.0267679	0.0133687	0.0179992	0.00557462	0.0051686	0.0127798	0.0102182	0.00445011	0.0185454	HG00242	GBR	EUR	male
HG00243	-0.0110574	0.0272686	0.0128583	0.0177844	0.00569767	0.00206982	0.0124227	0.010819	-0.000472394	0.01794	HG00243	GBR	EUR	male
HG00244	-0.0110535	0.026717	0.0125266	0.019064	0.00330606	0.000929301	0.00925918	0.0127077	0.00148845	0.0201142	HG00244	GBR	EUR	male
HG00245	-0.0108926	0.0267055	0.0129219	0.0194623	0.00647024	0.00528154	0.018586	0.0185099	0.00595639	0.024459	HG00245	GBR	EUR	female
HG00246	-0.0111328	0.0266434	0.0126488	0.0185817	-0.00123144	0.010244	0.0155112	0.00972503	0.0024753	-0.0064359	HG00246	GBR	EUR	male
HG00250	-0.0112467	0.0267645	0.0124736	0.0190385	-0.00236281	0.00933175	0.0149083	0.00212198	0.00162125	-0.0214072	HG00250	GBR	EUR	female
HG00251	-0.011151	0.0267417	0.0122183	0.0182979	-0.00356673	0.00808305	0.0132399	0.00759977	0.00130732	-0.0207902	HG00251	GBR	EUR	male
HG00252	-0.0112726	0.0265252	0.0128414	0.0196899	-0.00388475	0.0104489	0.0201301	0.00771588	0.00176147	-0.0210212	HG00252	GBR	EUR	male
HG00253	-0.0111433	0.0269347	0.0127107	0.0201748	-0.00407896	0.00969692	0.0176049	0.0121387	0.00227231	-0.0179202	HG00253	GBR	EUR	female
HG00254	-0.0111699	0.0266032	0.0125354	0.0189893	-0.00534295	0.0134893	0.0199292	0.0136136	0.00521714	-0.0102755	HG00254	GBR	EUR	female
HG00255	-0.0109411	0.0268877	0.0126533	0.0175827	0.00425124	0.000763416	0.00529652	0.00029126	0.00223173	0.0266598	HG00255	GBR	EUR	female
HG00256	-0.0112293	0.0267952	0.0128118	0.0208131	-0.00297201	0.00999991	0.0254811	0.0124708	0.00439437	-0.0142916	HG00256	GBR	EUR	male
HG00257	-0.0111592	0.0267471	0.0122517	0.0196112	-0.0046358	0.0111321	0.0219124	0.0122939	0.00312218	-0.0203728	HG00257	GBR	EUR	female
HG00258	-0.0112026	0.0268441	0.0143241	0.0207611	0.00605817	0.00762545	0.0212554	0.0193421	0.00461898	0.0159057	HG00258	GBR	EUR	female
HG00259	-0.0111437	0.0265332	0.0130068	0.0195681	-0.00637536	0.0127641	0.0192525	0.00943426	0.00081344	-0.021859	HG00259	GBR	EUR	female
HG00260	-0.0110559	0.0268775	0.0132782	0.019284	-0.00305557	0.00988726	0.0192437	0.00318256	0.00206371	-0.0200084	HG00260	GBR	EUR	male
HG00261	-0.0113008	0.0265892	0.0127022	0.0201661	-0.00476919	0.00951681	0.0145012	0.0106434	0.0027089	-0.0194162	HG00261	GBR	EUR	female
HG00262	-0.0113776	0.0271256	0.0133939	0.0191152	0.00792617	0.00792208	0.0198989	0.022528	0.00561932	0.0291749	HG00262	GBR	EUR	female
HG00263	-0.011246	0.0268778	0.0130061	0.019072	-0.00141805	0.0101883	0.0196363	0.0141398	0.00191993	-0.00708049	HG00263	GBR	EUR	female
HG00264	-0.0110364	0.0263179	0.0137989	0.0182542	0.00676392	0.0014061	0.0128405	0.0165869	-0.000762248	0.035266	HG00264	GBR	EUR	male
HG00265	-0.0111361	0.0274932	0.0123127	0.0190542	0.00280802	0.00372759	0.0157943	0.00632907	0.000298623	0.0183071	HG00265	GBR	EUR	male
HG00266	-0.0114665	0.0227435	0.0124034	0.0162737	0.00967007	0.00153564	0.0543649	-0.0637232	0.00449581	-0.000511029	HG00266	FIN	EUR	female
HG00267	-0.0117768	0.0227966	0.0121268	0.0166109	0.0109271	-0.00185063	0.0565902	-0.0716527	0.00171336	-0.000825942	HG00267	FIN	EUR	male
HG00268	-0.0117972	0.023263	0.0138741	0.0188006	0.00401144	0.0191048	0.070967	-0.0265157	0.00546103	-0.0145272	HG00268	FIN	EUR	female
HG00269	-0.0116932	0.0229148	0.0123894	0.0154466	0.0106643	0.00359123	0.0621221	-0.0692744	0.00445066	-0.010459	HG00269	FIN	EUR	female
HG00271	-0.0119957	0.0215572	0.0135884	0.0178826	0.00857541	0.0169687	0.089928	-0.0448535	0.00839093	-0.0178879	HG00271	FIN	EUR	male
HG00272	-0.0121338	0.0212622	0.013537	0.0167111	0.0144012	0.0103884	0.078246	-0.0421885	0.0106698	0.0145124	HG00272	FIN	EUR	female
HG00273	-0.0117146	0.0228761	0.0138891	0.0178207	0.00462352	0.0115408	0.0653837	-0.0317943	0.00352843	-0.0176378	HG00273	FIN	EUR	male
HG00274	-0.0119796	0.0233068	0.0150631	0.0181646	0.0104076	0.010911	0.0707801	-0.0324405	0.00799986	0.000671546	HG00274	FIN	EUR	female
HG00275	-0.0118792	0.0232094	0.0141094	0.0182414	0.00543874	0.0165709	0.0691772	-0.0236574	0.00877975	-0.00734274	HG00275	FIN	EUR	female
HG00276	-0.011688	0.0224118	0.0146285	0.0174982	0.00978633	0.0152267	0.0767212	-0.0350634	0.00965184	-0.00886979	HG00276	FIN	EUR	female
HG00277	-0.0119401	0.023638	0.0134306	0.0176761	0.00576054	0.0138524	0.0604403	-0.0211764	0.00788864	-0.00318107	HG00277	FIN	EUR	male
HG00278	-0.0119348	0.0227017	0.0139949	0.0165483	0.00962893	0.017361	0.0801336	-0.036671	0.0104379	-0.00330938	HG00278	FIN	EUR	male
HG00280	-0.0121247	0.0228207	0.0146132	0.0185751	0.011337	0.0143594	0.0802093	-0.0365085	0.0101586	-0.00434535	HG00280	FIN	EUR	male
HG00281	-0.0120228	0.0226255	0.0145534	0.0171797	0.00940135	0.0146339	0.077433	-0.0279421	0.0081078	-0.000140483	HG00281	FIN	EUR	female
HG00282	-0.0119021	0.0223297	0.0138293	0.0183754	0.0123493	0.014139	0.078411	-0.0320412	0.0105874	-0.00104194	HG00282	FIN	EUR	female
HG00284	-0.0120993	0.0224743	0.0142482	0.0180271	0.0108322	0.0136539	0.075428	-0.029974	0.0112167	-0.00183298	HG00284	FIN	EUR	male
HG00285	-0.0121739	0.0219834	0.0139619	0.0175714	0.0104319	0.0169797	0.0878786	-0.037916	0.0112903	0.0011241	HG00285	FIN	EUR	female
HG00288	-0.0117877	0.0232922	0.00979585	0.0132956	0.000956534	-0.0108751	0.0598783	-0.0783696	-0.00144973	-0.016343	HG00288	FIN	EUR	female
HG00290	-0.0117047	0.0224971	0.00968351	0.013642	-0.000647106	-0.00999977	0.0595619	-0.0791877	-0.000751936	-0.0182141	HG00290	FIN	EUR	male
HG00304	-0.0114873	0.0230148	0.0105079	0.0136386	0.00501586	-0.00864259	0.0566721	-0.0874673	-0.00455658	-0.00264413	HG00304	FIN	EUR	female
HG00306	-0.0119285	0.0244824	0.0130148	0.0169253	0.0108935	0.00608785	0.0550939	-0.0310778	0.00328975	0.0181093	HG00306	FIN	EUR	female
HG00308	-0.0118008	0.0223333	0.0137694	0.0173477	0.011593	0.00777628	0.0640016	-0.037381	0.00448014	0.0197088	HG00308	FIN	EUR	male
HG00309	-0.0116269	0.0225443	0.0142823	0.0174809	0.00639461	0.0135053	0.0702363	-0.038716	0.0065048	-0.0189657	HG00309	FIN	EUR	female
HG00310	-0.0118233	0.0235494	0.0145085	0.0187138	0.00647436	0.0159267	0.0688075	-0.0265066	0.00756937	-0.00664353	HG00310	FIN	EUR	male
HG00311	-0.0120274	0.0245808	0.0137959	0.0183983	0.0116394	0.00589475	0.0505763	-0.0271117	0.00584704	0.0169486	HG00311	FIN	EUR	male
HG00313	-0.0119797	0.0222066	0.0145775	0.0175712	0.00988385	0.0126426	0.0793981	-0.0367177	0.00895316	-0.00725729	HG00313	FIN	EUR	female
HG00315	-0.0121081	0.022539	0.0145925	0.0165633	0.00946558	0.0150025	0.0742069	-0.0317468	0.00861597	-0.0054345	HG00315	FIN	EUR	female
HG00318	-0.0118295	0.0235229	0.0134968	0.0176396	0.00880358	0.0149086	0.0739753	-0.0296365	0.00825328	-0.00254293	HG00318	FIN	EUR	female
HG00319	-0.0120482	0.0225529	0.0140536	0.0176699	0.0122555	0.0160661	0.0772835	-0.0406483	0.00847318	-0.00259188	HG00319	FIN	EUR	female
HG00320	-0.0120242	0.0227963	0.0143358	0.0178176	0.008129	0.0140184	0.0693237	-0.0282772	0.00936392	-0.00380572	HG00320	FIN	EUR	female
HG00321	-0.0121475	0.0221267	0.0141761	0.0174588	0.00762846	0.011772	0.0746677	-0.0385096	0.0098353	-0.00230463	HG00321	FIN	EUR	male
HG00323	-0.0121054	0.0217225	0.0141588	0.0184704	0.00982063	0.0151145	0.0843186	-0.0444975	0.00803837	-0.00165916	HG00323	FIN	EUR	female
HG00324	-0.011844	0.0224187	0.0151968	0.0170317	0.00931097	0.0172673	0.0896452	-0.0409225	0.0136391	-0.00940243	HG00324	FIN	EUR	female
HG00325	-0.0124096	0.0213643	0.0152557	0.0172202	0.0108226	0.0148732	0.0842501	-0.0477394	0.00954798	0.0035898	HG00325	FIN	EUR	male
HG00326	-0.0118754	0.0228678	0.0147424	0.0183027	0.0106028	0.0141749	0.0781631	-0.0335348	0.0107771	-0.000746232	HG00326	FIN	EUR	female
HG00327	-0.0119068	0.0226939	0.0139188	0.0177741	0.00838402	0.014763	0.0787022	-0.0332273	0.0101744	0.00326643	HG00327	FIN	EUR	female
HG00328	-0.0122898	0.0228901	0.015657	0.0179507	0.00776412	0.0165268	0.0797348	-0.0311648	0.00878057	-0.00663148	HG00328	FIN	EUR	female
HG00329	-0.0117045	0.0230393	0.0135392	0.017623	0.00897128	0.0119136	0.0663499	-0.0225992	0.00659058	-0.00356172	HG00329	FIN	EUR	male
HG00330	-0.011886	0.0228195	0.0141021	0.0177017	0.00923778	0.0143141	0.0713805	-0.0281065	0.0117029	-0.00456836	HG00330	FIN	EUR	female
HG00331	-0.0118693	0.0225296	0.0138182	0.0181386	0.00855742	0.0141072	0.0708448	-0.0215974	0.010138	-0.00566091	HG00331	FIN	EUR	female
HG00332	-0.0117756	0.0230477	0.0129238	0.0163795	0.00443099	0.01283	0.0617306	-0.0360023	0.00541124	-0.023063	HG00332	FIN	EUR	female
HG00334	-0.0118129	0.0240248	0.0145003	0.0185739	0.00586096	0.0152761	0.0713027	-0.0246386	0.0107724	-0.00784024	HG00334	FIN	EUR	female
HG00335	-0.0118876	0.0230543	0.0139065	0.0184812	0.00561836	0.0143279	0.0720603	-0.03833	0.00772034	-0.0208469	HG00335	FIN	EUR	male
HG00336	-0.0120989	0.0221598	0.0137892	0.0183425	0.0113609	0.0132436	0.0732581	-0.0365675	0.00864627	-0.002418	HG00336	FIN	EUR	male
HG00337	-0.0117759	0.0236672	0.0142972	0.0177425	0.00348945	0.0127121	0.064636	-0.0300469	0.00729107	-0.0159956	HG00337	FIN	EUR	female
HG00338	-0.011722	0.0227479	0.0139302	0.0183953	0.0111493	0.0158816	0.0798506	-0.0332512	0.0105182	-0.000368015	HG00338	FIN	EUR	male
HG00339	-0.0119374	0.0225254	0.0135102	0.0186377	0.00797892	0.0145785	0.0739206	-0.0249924	0.00879579	0.00563242	HG00339	FIN	EUR	female
HG00341	-0.0111199	0.0229015	0.0119763	0.0172515	0.00214142	0.0120009	0.0502019	-0.0145758	0.00886529	-0.0195867	HG00341	FIN	EUR	male
HG00342	-0.0122989	0.0225693	0.0145732	0.0179705	0.0104353	0.0170047	0.0851003	-0.0334356	0.010755	-0.00668775	HG00342	FIN	EUR	male
HG00343	-0.0118914	0.0226712	0.0146438	0.0180028	0.0107441	0.0158776	0.0787156	-0.034535	0.0111869	-0.00616149	HG00343	FIN	EUR	female
HG00344	-0.0117981	0.0248686	0.0132541	0.0183029	0.00756162	0.0146933	0.0511006	-0.0150992	0.00720223	-0.00708664	HG00344	FIN	EUR	female
HG00345	-0.0119004	0.0226047	0.0142216	0.018028	0.00336932	0.0145613	0.0746976	-0.0364889	0.0106312	-0.0172686	HG00345	FIN	EUR	male
HG00346	-0.0117124	0.0233107	0.014287	0.0185331	0.00267035	0.0147137	0.0678929	-0.0311428	0.00597068	-0.0152055	HG00346	FIN	EUR	female
HG00349	-0.0116717	0.0229312	0.01171	0.0156229	0.0104814	-0.00491632	0.0490785	-0.079197	-0.00345303	0.0113566	HG00349	FIN	EUR	female
HG00350	-0.0111898	0.0247248	0.0123692	0.0165467	0.0071959	-0.0057076	0.0201861	-0.0602668	-0.00655868	0.0133382	HG00350	FIN	EUR	female
HG00351	-0.0117436	0.0231952	0.0126992	0.0156436	0.0113247	-0.00446765	0.0431223	-0.0782544	-0.00449017	0.0128643	HG00351	FIN	EUR	male
HG00353	-0.0121275	0.0222929	0.0138574	0.0180758	0.00170368	0.0146401	0.0717789	-0.0369757	0.011553	-0.0196528	HG00353	FIN	EUR	female
HG00355	-0.0116772	0.0237009	0.0126261	0.0153451	0.0111286	-0.00483518	0.0324092	-0.0683602	-0.00797904	0.0132499	HG00355	FIN	EUR	female
HG00356	-0.011628	0.0232795	0.0124174	0.0148997	0.00845718	-0.00354168	0.0412342	-0.071652	-0.00313969	0.00810601	HG00356	FIN	EUR	female
HG00357	-0.0119756	0.0237444	0.0140113	0.0182031	0.0138283	0.00596402	0.0666905	-0.0322356	0.00833066	0.0183325	HG00357	FIN	EUR	female
HG00358	-0.0118374	0.0221701	0.0135537	0.0138638	0.0107542	-0.00251459	0.0581476	-0.0935129	-0.00405759	0.00885235	HG00358	FIN	EUR	male
HG00360	-0.0115483	0.0243373	0.011293	0.0154336	0.00692135	-0.00402222	0.0387944	-0.0701129	-0.00357057	0.0107435	HG00360	FIN	EUR	male
HG00361	-0.0121021	0.0218335	0.0131382	0.0157726	0.0161504	0.00772432	0.0863862	-0.0514333	0.0114396	0.0086064	HG00361	FIN	EUR	female
HG00362	-0.0117659	0.0234506	0.0117155	0.0145434	0.00814457	-0.00335442	0.0424275	-0.0710223	-0.00143537	0.0075928	HG00362	FIN	EUR	female
HG00364	-0.0114742	0.023433	0.0125909	0.0153128	0.00644231	-0.00397101	0.0439713	-0.0713118	-0.00269439	0.0081341	HG00364	FIN	EUR	female
HG00365	-0.0117864	0.0227431	0.0125973	0.0149017	0.0114849	-0.00317195	0.0549919	-0.0818958	0.000896781	0.00620527	HG00365	FIN	EUR	female
HG00366	-0.0120462	0.0227042	0.013244	0.0165878	0.0154008	0.00852146	0.0702491	-0.0333559	0.012068	0.013721	HG00366	FIN	EUR	male
HG00367	-0.0120504	0.0226267	0.013914	0.0169903	0.0144842	0.00433079	0.0617517	-0.0315233	0.00829967	0.0179227	HG00367	FIN	EUR	female
HG00368	-0.0120214	0.0221075	0.0137072	0.0165389	0.0143562	0.00607067	0.0811963	-0.0534395	0.0105354	0.0022362	HG00368	FIN	EUR	female
HG00369	-0.0118938	0.0224799	0.0138555	0.0171141	0.0135045	0.00974725	0.0759727	-0.0373301	0.0120733	0.0139226	HG00369	FIN	EUR	male
HG00371	-0.0118182	0.023507	0.0129319	0.0160444	0.0141655	0.00429791	0.0616008	-0.0446572	0.00582476	0.0281445	HG00371	FIN	EUR	male
HG00372	-0.0120944	0.0232902	0.0143306	0.0173191	0.0145163	0.0072072	0.0671202	-0.0348477	0.00521611	0.0223389	HG00372	FIN	EUR	male
HG00373	-0.0122468	0.0219733	0.0147738	0.0161329	0.0161287	0.00695362	0.0755044	-0.0462925	0.0096958	0.0222304	HG00373	FIN	EUR	female
HG00375	-0.0118764	0.0229431	0.0138819	0.0179283	0.00852772	0.0174008	0.0802012	-0.0372537	0.0114248	-0.00510298	HG00375	FIN	EUR	male
HG00376	-0.0116786	0.0239925	0.0135737	0.0180181	0.00510687	0.0131932	0.0653438	-0.0306787	0.00595136	-0.0180932	HG00376	FIN	EUR	female
HG00378	-0.0119721	0.022596	0.0139187	0.0176889	0.00317106	0.014661	0.0756898	-0.0366852	0.00941978	-0.0212002	HG00378	FIN	EUR	female
HG00379	-0.011629	0.0237691	0.0124969	0.0165135	0.0112222	0.00343023	0.0596605	-0.043412	0.00581836	0.0295834	HG00379	FIN	EUR	female
HG00380	-0.0115213	0.0246754	0.0133815	0.0183002	0.010071	0.00471871	0.048204	-0.0269515	0.00352123	0.0181464	HG00380	FIN	EUR	female
HG00381	-0.0121125	0.0232181	0.0139438	0.0181798	0.00453389	0.0152047	0.0763456	-0.0414999	0.00561353	-0.0177558	HG00381	FIN	EUR	female
HG00382	-0.0118331	0.0219919	0.0140818	0.0175913	0.00668265	0.0147038	0.0842642	-0.0408173	0.00741827	-0.016069	HG00382	FIN	EUR	male
HG00383	-0.0118938	0.0218683	0.0142107	0.0171717	0.00629267	0.0149136	0.0823715	-0.0455191	0.00849829	-0.0167075	HG00383	FIN	EUR	female
HG00384	-0.0119232	0.0236528	0.0137316	0.0173905	0.0145892	0.00384739	0.061136	-0.0471673	0.00379805	0.028268	HG00384	FIN	EUR	female
HG00403	-0.0157503	-0.0339151	0.00675242	0.0159966	0.00378932	0.00171144	0.0104613	0.0183808	0.0064488	0.0147617	HG00403	CHS	EAS	male
HG00404	-0.0160844	-0.0343802	0.00693436	0.015114	0.00398101	0.00248793	0.0112518	0.0187751	0.00386875	0.0067144	HG00404	CHS	EAS	female
HG00406	-0.0159835	-0.034614	0.00560669	0.0153637	-0.00464505	0.00849494	0.0083205	0.0077416	0.00255443	-0.0200674	HG00406	CHS	EAS	male
HG00407	-0.0160107	-0.0340987	0.00545123	0.01594	-0.00498828	0.00746114	0.00755615	0.0118345	0.00194498	-0.0140927	HG00407	CHS	EAS	female
HG00409	-0.0156493	-0.0342083	0.00404784	0.01089	-0.00907722	-0.0172592	-0.0142016	-0.0173195	-0.00356869	-0.00907434	HG00409	CHS	EAS	male
HG00410	-0.0153493	-0.0337557	0.0024228	0.0104269	-0.00815395	-0.0205956	-0.0136904	-0.0210395	-0.00555956	-0.00266559	HG00410	CHS	EAS	female
HG00419	-0.016072	-0.034671	0.00622888	0.0151785	-0.00437454	0.00979671	0.0112801	0.0150633	0.00235821	-0.0154462	HG00419	CHS	EAS	female
HG00421	-0.0158929	-0.0346791	0.00590261	0.0159652	-0.00219166	0.00772937	0.010829	0.0138098	0.00158708	-0.0203723	HG00421	CHS	EAS	male
HG00422	-0.0160161	-0.0345655	0.00602035	0.0159998	-0.00332079	0.00907046	0.010666	0.0139326	0.00372393	-0.0180005	HG00422	CHS	EAS	female
HG00428	-0.0161066	-0.034786	0.00638528	0.0159976	-0.00393047	0.00902064	0.0101048	0.016923	0.00402594	-0.0160678	HG00428	CHS	EAS	female
HG00436	-0.015977	-0.0347735	0.00681326	0.014522	-0.000891366	0.00576057	0.00508905	0.00808399	0.00390092	-0.00263783	HG00436	CHS	EAS	male
HG00437	-0.016169	-0.0344123	0.00613932	0.0151746	-0.00416033	0.00178671	0.00416267	0.00422348	0.000531254	-0.0219504	HG00437	CHS	EAS	female
HG00442	-0.0161302	-0.0351381	0.00681096	0.0160422	-0.00701034	0.00937324	0.00854913	0.0129343	0.00118694	-0.0195253	HG00442	CHS	EAS	male
HG00443	-0.0159296	-0.0340246	0.00584187	0.0154047	-0.00691437	0.00941566	0.00982661	0.00875759	0.00363282	-0.0188414	HG00443	CHS	EAS	female
HG00445	-0.0159279	-0.0340314	0.00618142	0.0147445	-0.0057746	0.00627095	0.00825137	0.00932802	0.000763362	-0.0233171	HG00445	CHS	EAS	male
HG00446	-0.0161327	-0.0345537	0.00593963	0.0147542	-0.00457237	0.00448243	0.00934528	0.0109848	0.00162933	-0.0193706	HG00446	CHS	EAS	female
HG00448	-0.0158067	-0.0344696	0.0067172	0.0139205	-0.0024554	0.00952214	0.0121339	0.0179533	0.00625837	-0.0158158	HG00448	CHS	EAS	male
HG00449	-0.0159846	-0.0344648	0.00644036	0.0145134	-0.00149483	0.00527789	0.010052	0.00924818	0.00247482	-0.00985394	HG00449	CHS	EAS	female
HG00451	-0.0161087	-0.0347568	0.00660784	0.0160158	0.00039924	0.00810598	0.0142911	0.0192607	0.00410632	-0.0144877	HG00451	CHS	EAS	male
HG00452	-0.0158331	-0.0341915	0.0065274	0.015366	-0.00583509	0.00385015	0.00452618	0.00724681	0.000817274	-0.0247704	HG00452	CHS	EAS	female
HG00457	-0.0161022	-0.0349759	0.0058594	0.0151783	-0.00579779	0.00715529	0.00192869	0.0038406	0.00222343	-0.0215158	HG00457	CHS	EAS	male
HG00458	-0.0160038	-0.0343164	0.00553674	0.0148374	-0.00568513	0.00403407	0.00413213	0.00361826	0.000160213	-0.0259273	HG00458	CHS	EAS	female
HG00463	-0.0162887	-0.0344171	0.00779019	0.0165508	-0.00186459	0.0086018	0.0148226	0.017993	0.00290311	-0.00621981	HG00463	CHS	EAS	male
HG00464	-0.0160888	-0.0346391	0.00662802	0.0146794	-0.000715997	0.00986478	0.0140205	0.0176604	0.00727066	-0.0098787	HG00464	CHS	EAS	female
HG00472	-0.01589	-0.0345983	0.00583342	0.0155244	-0.00474534	0.00457621	0.0064725	0.00602863	0.000710875	-0.0258039	HG00472	CHS	EAS	male
HG00473	-0.0157923	-0.0348327	0.00500474	0.0148017	-0.00579667	0.00443731	0.00380522	0.0068581	0.000225828	-0.0219102	HG00473	CHS	EAS	female
HG00475	-0.0159277	-0.0346008	0.00643189	0.0155287	-0.00104314	0.000803589	0.00616702	0.0066785	0.00167944	-0.0266157	HG00475	CHS	EAS	male
HG00476	-0.0160811	-0.0342661	0.0056951	0.0149005	-0.00393219	0.00695063	0.0114888	0.0128303	0.0055495	-0.019857	HG00476	CHS	EAS	female
HG00478	-0.0160078	-0.0351615	0.0076065	0.0158114	-0.00386986	0.00650664	0.0113344	0.0123639	0.00346592	-0.0200646	HG00478	CHS	EAS	male
HG00479	-0.0162652	-0.0342367	0.00644381	0.0157427	-0.00322192	0.00772722	0.0104453	0.0121626	0.00170352	-0.0213205	HG00479	CHS	EAS	female
HG00500	-0.0160343	-0.0348025	0.00762402	0.015329	0.00445123	0.0063024	0.0150121	0.0164321	0.00429169	-0.00839901	HG00500	CHS	EAS	male
HG00513	-0.0160965	-0.0343949	0.0060715	0.0163786	-0.000597823	0.00647137	0.00766137	0.00815849	0.00555414	-0.00447059	HG00513	CHS	EAS	female
HG00524	-0.0161226	-0.0340706	0.00675019	0.0162899	-0.00101775	0.00708125	0.0110303	0.0147805	0.00441915	-0.00671024	HG00524	CHS	EAS	male
HG00525	-0.0162097	-0.0342433	0.00691419	0.0141793	-0.00224102	0.00405778	0.00817341	0.0146342	0.00316689	-0.0191939	HG00525	CHS	EAS	female
HG00530	-0.0158747	-0.0345218	0.00619238	0.0155927	0.00308495	0.00445514	0.0054156	0.0105098	0.0039315	-0.00809222	HG00530	CHS	EAS	male
HG00531	-0.0159437	-0.0339484	0.00609583	0.0153016	-0.00151795	0.00672404	0.00599121	0.00965727	0.00283575	-0.00254774	HG00531	CHS	EAS	female
HG00533	-0.0162539	-0.0341184	0.00698867	0.0153202	0.000601454	0.00880021	0.0107749	0.0153016	0.00599645	-0.00650182	HG00533	CHS	EAS	male
HG00534	-0.016101	-0.0341018	0.00707855	0.0155333	-0.00086281	0.00876088	0.0159145	0.0207017	0.00588702	-0.00923621	HG00534	CHS	EAS	female
HG00536	-0.0161065	-0.0345181	0.00645706	0.0148763	-0.0075459	0.0061592	0.00967711	0.00991193	0.00154272	-0.022508	HG00536	CHS	EAS	male
HG00537	-0.016282	-0.0349303	0.00668111	0.0153864	0.00135359	0.00544104	0.0137957	0.0125858	0.00366936	-0.0054716	HG00537	CHS	EAS	female
HG00542	-0.0161302	-0.0340113	0.00622385	0.0152736	0.0019983	0.0042553	0.0103262	0.00906237	0.00365983	-0.0116045	HG00542	CHS	EAS	male
HG00543	-0.0158667	-0.0349498	0.00573674	0.0138422	-0.00961073	0.00956255	0.0080675	0.00803825	0.000964455	-0.0245805	HG00543	CHS	EAS	female
HG00551	-0.00752612	0.0178925	0.0181655	0.00253018	0.00274337	0.00259185	-0.00733463	0.0481542	0.0112081	0.0221454	HG00551	PUR	AMR	female
HG00553	-0.00329848	0.0137942	0.0164659	-0.00606602	-0.00282317	-0.00133948	-0.019585	0.0221808	0.0065149	-0.00366564	HG00553	PUR	AMR	male
HG00554	-0.00763194	0.0198305	0.0141536	0.00373546	-0.00223292	-0.0026371	-0.0192913	0.0201034	0.00268933	-0.0116682	HG00554	PUR	AMR	female
HG00556	-0.0161972	-0.0345005	0.00697193	0.0150174	-0.00115423	0.00621101	0.00904241	0.0123185	0.00422483	-0.017806	HG00556	CHS	EAS	male
HG00557	-0.0158062	-0.0348574	0.00682717	0.0140356	-0.0019782	0.00313438	0.00567435	0.0116705	0.00400054	-0.0188547	HG00557	CHS	EAS	female
HG00559	-0.0158999	-0.033323	0.00514575	0.0123719	0.00828375	-0.0134125	-0.0091721	-0.0134895	-0.00354443	-0.00590169	HG00559	CHS	EAS	male
HG00560	-0.0158563	-0.0345108	0.00472187	0.0134702	0.00333425	-0.0081407	-0.00812729	-0.0171039	-0.00402816	-0.00895952	HG00560	CHS	EAS	female
HG00565	-0.0159701	-0.0344948	0.00570043	0.0139808	0.00330565	-0.00865931	-0.0116848	-0.0142155	-0.00412553	-0.00395248	HG00565	CHS	EAS	male
HG00566	-0.016053	-0.0342031	0.0055061	0.0130773	0.00113894	-0.00646671	-0.0108697	-0.0135084	-0.00194593	-0.00795488	HG00566	CHS	EAS	female
HG00580	-0.0163552	-0.0345057	0.00705536	0.0146531	0.00188802	0.00509561	0.014651	0.0174919	0.00524073	-0.0106122	HG00580	CHS	EAS	male
HG00581	-0.0162893	-0.0349711	0.0065477	0.0151825	0.00251217	0.00740022	0.0142087	0.0192209	0.00454905	-0.0130948	HG00581	CHS	EAS	female
HG00583	-0.0161603	-0.0346432	0.0060679	0.0174689	-0.00902722	0.0122555	0.00589057	0.00930913	0.00193961	-0.00809283	HG00583	CHS	EAS	male
HG00584	-0.0159871	-0.0346093	0.00659875	0.0161848	0.00292632	0.00582177	0.0144857	0.0179934	0.00425609	-0.0137207	HG00584	CHS	EAS	female
HG00589	-0.0163219	-0.0345023	0.00725879	0.0142052	7.77184e-05	0.00844845	0.0159694	0.0201307	0.00607229	-0.00972856	HG00589	CHS	EAS	male
HG00590	-0.0160878	-0.0333198	0.00483987	0.015144	-0.00441703	0.0120809	0.0139505	0.0189135	0.00504078	0.00151013	HG00590	CHS	EAS	female
HG00592	-0.0159076	-0.032614	0.00631784	0.0111011	0.0168094	-0.02091	-0.00402553	-0.00777567	-0.00166188	-0.0145515	HG00592	CHS	EAS	male
HG00593	-0.0157903	-0.0345282	0.00440209	0.0136898	-0.00154421	-0.012224	-0.0112969	-0.0155974	-0.0043324	-0.00838389	HG00593	CHS	EAS	female
HG00595	-0.0160451	-0.0341275	0.00401452	0.0143469	0.000609786	-0.0075857	-0.00854197	-0.00838932	-0.0043485	-0.0146976	HG00595	CHS	EAS	male
HG00596	-0.0161492	-0.0347737	0.00482797	0.0128793	0.00246582	-0.00798786	-0.00752258	-0.0111873	-0.00368698	-0.00983883	HG00596	CHS	EAS	female
HG00598	-0.0157152	-0.0341615	0.00278881	0.0121133	-0.00755297	-0.0211034	-0.0127799	-0.0201771	-0.00289964	-0.00588503	HG00598	CHS	EAS	male
HG00599	-0.0153877	-0.0338539	0.0032473	0.0111298	-0.00153745	-0.0252998	-0.0122831	-0.0142134	-0.00410823	-0.00634624	HG00599	CHS	EAS	female
HG00607	-0.0161945	-0.0344687	0.006529	0.0152885	0.0014919	0.00692972	0.0139859	0.0235707	0.00735945	-0.00939205	HG00607	CHS	EAS	male
HG00608	-0.0162379	-0.0347575	0.00754827	0.0165933	5.2057e-06	0.00931344	0.0194362	0.0221393	0.00476974	-0.00716775	HG00608	CHS	EAS	female
HG00610	-0.01602	-0.0342245	0.0061626	0.0151444	0.00762462	-1.15891e-05	0.0103808	0.0194833	0.00506495	0.00935631	HG00610	CHS	EAS	male
HG00611	-0.0163445	-0.0345348	0.0080248	0.0135143	0.00667602	0.000641891	0.00903356	0.0173309	0.00568032	0.00728013	HG00611	CHS	EAS	female
HG00613	-0.0162471	-0.0345185	0.00628147	0.0155349	0.00162509	0.00841733	0.0181379	0.0226091	0.003288	-0.0129693	HG00613	CHS	EAS	male
HG00614	-0.0159535	-0.0344881	0.00675162	0.0157173	0.00158413	0.0076609	0.0138264	0.0179796	0.00572982	-0.00563037	HG00614	CHS	EAS	female
HG00619	-0.0163103	-0.0342604	0.0085851	0.0163057	3.09936e-05	0.00856883	0.014378	0.0218041	0.00496028	-0.00819675	HG00619	CHS	EAS	male
HG00620	-0.0163056	-0.0346759	0.00705446	0.0165959	-0.00076112	0.00983174	0.0145121	0.0199979	0.0050481	-0.00671351	HG00620	CHS	EAS	female
HG00622	-0.0154807	-0.0341962	0.0033942	0.0121577	-0.00861918	-0.0197475	-0.0136945	-0.0199458	-0.00495134	-0.00759846	HG00622	CHS	EAS	male
HG00623	-0.0152229	-0.0341922	0.0018518	0.0113882	-0.00902211	-0.0215711	-0.0129334	-0.0175679	-0.00700904	-0.00767535	HG00623	CHS	EAS	female
HG00625	-0.0161024	-0.0334555	0.00597557	0.0147265	-0.000550154	0.0070917	0.00979054	0.0133307	0.00474528	0.0178352	HG00625	CHS	EAS	male
HG00626	-0.0162806	-0.0344287	0.00686342	0.0156153	0.00857626	0.00083887	0.00887667	0.0188771	0.00384232	0.00770418	HG00626	CHS	EAS	female
HG00628	-0.015989	-0.0337521	0.00737407	0.0146674	0.0032588	0.00388272	0.00643356	0.015922	0.00515794	0.00628569	HG00628	CHS	EAS	male
HG00629	-0.0160729	-0.0344424	0.00808327	0.0148791	0.00413541	0.00314253	0.00999959	0.0145689	0.00474958	0.0124924	HG00629	CHS	EAS	female
HG00631	-0.0157089	-0.0342536	0.00340524	0.0119336	-0.0092405	-0.0211444	-0.0117282	-0.0178003	-0.00415037	-0.00287491	HG00631	CHS	EAS	male
HG00632	-0.0157075	-0.0339511	0.00262186	0.0125897	-0.00686701	-0.0174633	-0.00892666	-0.00882768	-0.00407007	-0.0195431	HG00632	CHS	EAS	female
HG00634	-0.0160318	-0.0342417	0.00666081	0.0157799	0.00928028	-0.000741688	0.00854975	0.0187667	0.00393615	0.0123527	HG00634	CHS	EAS	male
HG00637	-0.00423761	0.0164052	0.0152081	0.0012319	-0.0033418	-0.00315455	-0.0180449	0.0150171	0.00160591	-0.00812813	HG00637	PUR	AMR	male
HG00638	-0.00361292	0.0158035	0.0156238	-0.00186367	-0.00164997	-0.00467224	-0.0178588	0.0127512	0.00107183	-0.00991872	HG00638	PUR	AMR	female
HG00640	-0.00782973	0.0196636	0.0144046	0.00490538	-0.00427243	-0.00400259	-0.0210484	0.0194026	0.00374033	-0.013805	HG00640	PUR	AMR	male
HG00641	-0.007917	0.0175883	0.0179168	0.00125058	0.0028643	0.0053827	-0.0018701	0.0549825	0.0125869	0.0166215	HG00641	PUR	AMR	female
HG00650	-0.0161151	-0.0344672	0.0059586	0.0170313	-0.0125175	0.0176886	0.0115148	0.0152253	0.00336474	-0.000241342	HG00650	CHS	EAS	male
HG00651	-0.0162794	-0.0349024	0.00740589	0.0162225	-0.0102484	0.0157342	0.00869414	0.0121301	0.00435619	-0.00173978	HG00651	CHS	EAS	female
HG00653	-0.0163241	-0.0347513	0.00652886	0.0168452	-0.0125847	0.0171182	0.0107586	0.0132151	0.00593905	-0.00448374	HG00653	CHS	EAS	male
HG00654	-0.0161561	-0.0339321	0.00558372	0.0159285	-0.00690659	0.0147248	0.012583	0.014374	0.00456151	-0.00423237	HG00654	CHS	EAS	female
HG00656	-0.0159238	-0.0347051	0.00569542	0.0160801	-0.0123173	0.0182219	0.0103727	0.01555	0.00596382	-0.00165702	HG00656	CHS	EAS	male
HG00657	-0.0160611	-0.0344694	0.00725153	0.0161395	-0.00869731	0.0131495	0.00882337	0.00905705	0.00458875	-0.00585005	HG00657	CHS	EAS	female
HG00662	-0.0160766	-0.0346522	0.00641991	0.0160885	-0.00767747	0.0165967	0.0113742	0.0195717	0.00425246	-0.0010787	HG00662	CHS	EAS	male
HG00663	-0.0160675	-0.0343253	0.00645916	0.0156661	-0.0131437	0.0208837	0.0102787	0.016313	0.00785555	0.00167764	HG00663	CHS	EAS	female
HG00671	-0.0160769	-0.0347126	0.00668515	0.0164566	-0.00891722	0.016711	0.0111349	0.0170382	0.00666143	-0.000547509	HG00671	CHS	EAS	male
HG00672	-0.0159695	-0.0348456	0.00675981	0.0163675	-0.00938905	0.0176588	0.00952329	0.0177219	0.004757	-0.00409161	HG00672	CHS	EAS	female
HG00674	-0.0154788	-0.0343781	0.00344912	0.011966	-0.0173683	-0.0107034	-0.0112948	-0.017104	-0.00227543	-0.00254749	HG00674	CHS	EAS	male
HG00675	-0.0155895	-0.0341508	0.00130377	0.0118461	-0.0175231	-0.00963628	-0.0166376	-0.0178735	-0.0030265	-0.00100199	HG00675	CHS	EAS	female
HG00683	-0.0162616	-0.0341367	0.00670065	0.0143991	-0.00758384	0.0134225	0.00669426	0.0121673	0.00533126	-0.00392546	HG00683	CHS	EAS	male
HG00684	-0.0161454	-0.0344792	0.0063657	0.0161784	-0.00968622	0.0147917	0.0101847	0.013045	0.00405838	-0.00109237	HG00684	CHS	EAS	female
HG00689	-0.0160852	-0.0347719	0.00644822	0.01575	-0.0100866	0.0149563	0.00790173	0.0151759	0.00367232	-0.00315017	HG00689	CHS	EAS	male
HG00690	-0.0160578	-0.0343018	0.00645683	0.0163762	-0.0150802	0.0207344	0.00966153	0.0121164	0.0033439	-0.00253943	HG00690	CHS	EAS	female
HG00692	-0.0161976	-0.0344815	0.00631882	0.0155491	-0.0108818	0.0189989	0.0106939	0.0150549	0.00218869	-0.00199862	HG00692	CHS	EAS	male
HG00693	-0.0162633	-0.0347325	0.00625392	0.0166896	-0.00944081	0.0146732	0.0117661	0.0185426	0.00551293	-0.00486552	HG00693	CHS	EAS	female
HG00698	-0.0159504	-0.0344899	0.0068285	0.0163889	-0.0112478	0.0172969	0.0106509	0.016329	0.00648118	-0.000156939	HG00698	CHS	EAS	male
HG00699	-0.0159569	-0.0348098	0.0066696	0.0165886	-0.00694166	0.0154575	0.0140243	0.0174899	0.00524319	-0.00148319	HG00699	CHS	EAS	female
HG00701	-0.0162355	-0.0347116	0.00657306	0.0154556	-0.00630209	0.0151519	0.0126792	0.0176828	0.00497321	-0.00358916	HG00701	CHS	EAS	male
HG00704	-0.0162008	-0.0343635	0.00648017	0.0158308	-0.010803	0.0169683	0.0134597	0.0165284	0.00512685	-0.0013737	HG00704	CHS	EAS	male
HG00705	-0.0160748	-0.0345509	0.00649616	0.017582	-0.00766435	0.0162511	0.0139747	0.0174553	0.00677989	-0.00275715	HG00705	CHS	EAS	female
HG00707	-0.0162247	-0.0345009	0.00656756	0.0159936	-0.0129893	0.0159311	0.00681836	0.013489	0.00108347	-0.00426055	HG00707	CHS	EAS	male
HG00708	-0.0161895	-0.0346507	0.00601193	0.0170787	-0.00910482	0.0150717	0.0127415	0.0169285	0.00503541	-0.00732165	HG00708	CHS	EAS	female
HG00717	-0.0155616	-0.0341267	0.00463538	0.0128597	-0.00890887	-0.00242191	-0.0242553	-0.029891	-0.0109619	0.0158656	HG00717	CHS	EAS	female
HG00728	-0.0154482	-0.0335846	0.00278879	0.0130235	-0.0193989	-0.0114215	-0.018022	-0.0210445	-0.00709247	0.000521504	HG00728	CHS	EAS	male
HG00729	-0.0153725	-0.0339528	0.00183455	0.0126667	-0.0181761	-0.0132488	-0.0177433	-0.0235117	-0.00696012	0.00848161	HG00729	CHS	EAS	female
HG00731	-0.009474	0.0227469	0.0146224	0.010507	-0.00138929	-0.00861795	-0.0261175	0.0199813	0.00165338	0.00416523	HG00731	PUR	AMR	male
HG00732	-0.00819804	0.0199433	0.0154031	0.0045708	-0.00418272	-0.00885099	-0.0271079	0.0215208	0.00518639	0.00442423	HG00732	PUR	AMR	female
HG00734	-0.00700525	0.0159565	0.0203697	-0.00283606	-0.000202389	0.00767398	0.000478239	0.0506057	0.0135643	0.0202197	HG00734	PUR	AMR	female
HG00736	-0.00856123	0.0205968	0.0167576	0.0068059	0.00417068	0.00397233	-0.000470677	0.0454926	0.00933527	0.0197748	HG00736	PUR	AMR	male
HG00737	-0.00757917	0.0205921	0.0168813	0.00781204	0.00441287	0.00303947	-0.000590385	0.0420309	0.0127241	0.0258486	HG00737	PUR	AMR	female
HG00739	-0.00876377	0.0233247	0.0140712	0.0110111	0.0020193	-0.000391638	-0.00617788	0.0198883	0.00224741	0.020985	HG00739	PUR	AMR	male
HG00740	-0.00607931	0.0170942	0.0178644	0.000997689	0.00337503	0.0047797	-0.00448021	0.045389	0.00956532	0.0218435	HG00740	PUR	AMR	female
HG00742	-0.00832846	0.0227028	0.0110706	0.0090441	-0.0109984	-0.0161611	-0.0391986	0.00138636	-0.0110413	-0.0107065	HG00742	PUR	AMR	male
HG00743	-0.00739701	0.0150116	0.0169033	-0.0105783	-0.0074347	-0.0158293	-0.0299517	0.00194431	-0.00619843	-0.00786383	HG00743	PUR	AMR	female
HG00759	-0.0157593	-0.0337253	0.00213568	0.0152154	-0.0409413	0.0247085	-0.0112012	-0.0168815	-0.00433534	-0.00234053	HG00759	CDX	EAS	female
HG00766	-0.0155396	-0.0338461	0.00291264	0.0168489	-0.0423164	0.0270489	-0.0126933	-0.0189226	-0.0020728	-0.00962666	HG00766	CDX	EAS	female
HG00844	-0.0157117	-0.034	0.00395733	0.0177735	-0.0403296	0.0353106	-0.00487112	-0.00286664	0.00213616	-0.00464621	HG00844	CDX	EAS	male
HG00851	-0.015834	-0.0343225	0.00433845	0.0171869	-0.0434739	0.0375831	-0.00371373	-0.00267817	0.00230704	-0.00427547	HG00851	CDX	EAS	female
HG00864	-0.0157696	-0.0335521	0.00337969	0.016657	-0.0347799	0.0294774	-0.00605765	-0.00669478	0.00046624	0.0177212	HG00864	CDX	EAS	female
HG00867	-0.0154467	-0.0341089	0.00333012	0.0158027	-0.0406958	0.0260165	-0.0123768	-0.0190974	-0.00164202	-0.0093347	HG00867	CDX	EAS	female
HG00879	-0.0156571	-0.0337326	0.0034589	0.0175041	-0.0359387	0.0355987	0.000159435	-0.0030054	0.00187952	0.0118487	HG00879	CDX	EAS	female
HG00881	-0.0158124	-0.0343773	0.004203	0.0171528	-0.0404851	0.0363534	-0.00245321	0.000572907	-0.000803187	0.00194966	HG00881	CDX	EAS	male
HG00956	-0.0155547	-0.0331744	0.00283238	0.0154893	-0.0369876	0.0291384	-0.00600652	-0.00756154	-0.00246894	-0.00602917	HG00956	CDX	EAS	female
HG00978	-0.0155452	-0.0339057	0.00340926	0.0153586	-0.0341003	0.0287398	-0.00426989	-0.00185788	0.00100469	-0.00521146	HG00978	CDX	EAS	female
HG00982	-0.0159481	-0.0346418	0.00362694	0.0177331	-0.0404634	0.0360527	-0.0008502	0.000577389	0.00161564	-0.00132748	HG00982	CDX	EAS	male
HG01028	-0.015789	-0.0342726	0.00294212	0.0166856	-0.0396748	0.0355318	-0.00167106	0.00315591	0.0039783	0.000897458	HG01028	CDX	EAS	male
HG01029	-0.0157689	-0.0347552	0.00393091	0.0174534	-0.0386872	0.0357039	-0.00282849	0.00210798	0.00380379	0.00329027	HG01029	CDX	EAS	female
HG01031	-0.0158418	-0.0338875	0.00422423	0.0166392	-0.0391619	0.0357733	-0.00457859	-0.00654777	0.000829715	0.00691907	HG01031	CDX	EAS	male
HG01046	-0.015825	-0.0344317	0.003805	0.0171957	-0.0400592	0.0339566	-0.00465208	-0.00421858	0.000293353	-0.00262858	HG01046	CDX	EAS	female
HG01047	-0.00717138	0.0204589	0.0160147	0.00843547	0.00331442	0.00247864	-0.00456297	0.0402375	0.00730795	0.0168334	HG01047	PUR	AMR	male
HG01048	-0.00614165	0.0177392	0.016831	0.0010553	0.00194783	0.00114367	-0.00575993	0.0417468	0.0104863	0.0216665	HG01048	PUR	AMR	male
HG01049	-0.00109931	0.0146132	0.0164385	0.0012658	0.00404081	0.00852749	0.00356163	0.0489996	0.012435	0.0189378	HG01049	PUR	AMR	female
HG01051	-0.00213719	0.0126602	0.0175001	-0.00452205	-0.00424528	0.013264	0.00588142	0.0459146	0.01228	-0.0127846	HG01051	PUR	AMR	male
HG01052	-0.0017321	0.0124262	0.017659	-0.0034963	-0.00262519	0.0147615	0.00689391	0.0406622	0.00790349	-0.0143117	HG01052	PUR	AMR	female
HG01054	-0.00850025	0.0185252	0.0188569	0.00158523	0.00470548	0.00336751	-0.00570907	0.0519949	0.0102583	0.0205437	HG01054	PUR	AMR	male
HG01055	-0.00546288	0.0184811	0.0159835	0.0067558	0.0015566	0.00453403	-0.00122523	0.0510091	0.0122008	0.0167042	HG01055	PUR	AMR	female
HG01058	-0.00567815	0.0169835	0.014152	-0.00315879	-0.00908746	-0.0124461	-0.0265103	-0.000509791	-0.00715352	-0.00757962	HG01058	PUR	AMR	female
HG01060	-0.00755049	0.0189308	0.0171834	0.00623659	-0.00187276	0.0114061	0.00186393	0.0476989	0.0096554	-0.0128906	HG01060	PUR	AMR	male
HG01061	-0.00814318	0.0187498	0.0184994	0.00503569	-0.0031625	0.00827286	0.000146682	0.048946	0.0117954	-0.0137149	HG01061	PUR	AMR	female
HG01063	0.00499958	0.0110816	0.00963947	-0.00327846	-0.0073618	-0.00871725	-0.0221113	-0.00408382	-0.0120363	-0.00717799	HG01063	PUR	AMR	male
HG01064	-0.00323209	0.0167151	0.0123162	0.000470465	-0.00864641	-0.0124317	-0.0312226	0.00652695	-0.00846646	-0.0102747	HG01064	PUR	AMR	female
HG01066	-0.00837531	0.0193086	0.0178225	0.00516288	0.00561795	0.00325777	-7.81491e-05	0.0475118	0.00925681	0.0211702	HG01066	PUR	AMR	male
HG01067	-0.00791335	0.0182999	0.0179454	0.00238523	-0.00239961	0.0077018	-0.00537475	0.0570332	0.0107137	0.0160341	HG01067	PUR	AMR	female
HG01069	-0.0076773	0.0180143	0.0184654	0.000874501	-0.00494315	0.00815268	-0.00428368	0.0434264	0.00761552	-0.018003	HG01069	PUR	AMR	male
HG01070	-0.0090462	0.0192052	0.0184138	0.00344439	-0.00529194	0.0120335	-0.00115946	0.0483583	0.00830244	-0.0146586	HG01070	PUR	AMR	female
HG01072	-0.00765414	0.0187174	0.0185941	0.00261251	-0.00715132	0.00952658	-0.00986496	0.0460104	0.00899822	-0.0198236	HG01072	PUR	AMR	male
HG01073	-0.00790437	0.0177913	0.0184798	0.0018844	-0.00488051	0.0148869	0.00160734	0.0524018	0.0122719	-0.0153116	HG01073	PUR	AMR	female
HG01075	-0.00650397	0.0220178	0.0136284	0.0124204	0.000569268	0.000533065	-0.00891812	0.0320099	0.00700914	0.00402824	HG01075	PUR	AMR	male
HG01077	-0.00277905	0.0137941	0.0138474	-0.0072765	-0.00700764	-0.0155741	-0.0264031	-0.0070601	-0.00574866	-0.00705921	HG01077	PUR	AMR	female
HG01079	-0.00395611	0.016087	0.0153907	0.00203861	0.00575864	0.00601985	0.000570118	0.0504809	0.0128164	0.0182892	HG01079	PUR	AMR	male
HG01080	-0.00763337	0.016077	0.0204054	-0.00450779	0.00254711	0.00829776	-0.00161162	0.054124	0.0108756	0.0144743	HG01080	PUR	AMR	female
HG01082	-0.00245333	0.0142012	0.0158761	-0.000725505	-0.00222179	0.0101189	0.00317862	0.0398166	0.00886639	-0.00331195	HG01082	PUR	AMR	male
HG01083	-0.00702609	0.0172734	0.0188168	-0.000206712	-0.00579403	0.0106888	-0.00286308	0.0431827	0.00750064	-0.0146557	HG01083	PUR	AMR	female
HG01085	-0.00570607	0.0178317	0.0151361	0.00410078	-0.00906696	0.0085828	-0.00329114	0.0320718	0.00769115	-0.0273805	HG01085	PUR	AMR	male
HG01086	-0.00546522	0.0149071	0.0174186	-0.00280913	-0.00551778	0.00683918	-0.00525951	0.0377483	0.00434502	-0.0266798	HG01086	PUR	AMR	female
HG01088	-0.00266669	0.0167114	0.0111043	-9.79179e-05	-0.00996216	-0.0121152	-0.0290457	-0.00520428	-0.00576501	-0.0147251	HG01088	PUR	AMR	male
HG01089	-0.00452723	0.0167394	0.0127281	-0.00220853	-0.00744149	-0.0144488	-0.0278596	-0.00134441	-0.00859575	-0.0131496	HG01089	PUR	AMR	female
HG01092	0.000310322	0.0142018	0.0112482	-0.00249609	-0.0105087	-0.0156132	-0.0279985	-0.00444348	-0.00613206	-0.00978133	HG01092	PUR	AMR	female
HG01094	-0.00517068	0.0174194	0.0160787	0.00372441	0.00237648	0.00451541	-0.000191906	0.0483827	0.0114145	0.0196304	HG01094	PUR	AMR	male
HG01095	-0.00626026	0.0184987	0.0159982	0.00279963	0.00242434	-0.00130241	-0.014871	0.0350433	0.00518692	0.0145913	HG01095	PUR	AMR	female
HG01097	-0.00690392	0.0183396	0.0165566	-0.000685675	-0.00133521	-0.00573408	-0.0269432	0.00842076	-0.00398356	0.00507216	HG01097	PUR	AMR	male
HG01098	-0.00668509	0.0183407	0.0160109	0.000499289	-0.000817046	-0.00496955	-0.0304883	0.0137266	-0.00110047	0.0109405	HG01098	PUR	AMR	female
HG01101	-0.00487532	0.0156377	0.0188827	-0.00171185	0.000954726	0.0072253	-0.00669207	0.054169	0.0115066	0.010472	HG01101	PUR	AMR	male
HG01102	-0.00361463	0.0164145	0.0165664	0.0022013	0.00403179	0.00633453	0.00194185	0.0500342	0.0126101	0.019356	HG01102	PUR	AMR	female
HG01104	-0.0072515	0.0182666	0.0155121	0.00552241	-0.010729	0.00828948	-0.00701425	0.035646	0.00478132	-0.0283144	HG01104	PUR	AMR	male
HG01105	-0.00767042	0.0207405	0.015162	0.00890571	-0.00870466	0.00811629	-0.00423939	0.0302441	0.00410171	-0.0274338	HG01105	PUR	AMR	female
HG01107	-0.00122306	0.0147175	0.0163336	0.00383293	-0.00426978	0.0139757	-0.00143797	0.0449555	0.00912357	-0.0186132	HG01107	PUR	AMR	male
HG01108	0.0184001	0.00379457	0.00911807	0.00113925	-0.00203483	0.0133243	0.0153121	0.0266723	0.00306114	-0.0103376	HG01108	PUR	AMR	female
HG01110	-0.00558228	0.0172087	0.0164729	0.00149338	0.00447102	0.00125971	-0.00220159	0.0407289	0.00844684	0.025993	HG01110	PUR	AMR	male
HG01111	-0.00608043	0.0175841	0.0180541	0.00182962	0.00320447	0.00148696	-0.00312836	0.0463261	0.0105653	0.0219885	HG01111	PUR	AMR	female
HG01112	-0.00971325	0.0238684	0.0141489	0.00895963	-0.000159629	-0.00770856	-0.0314404	0.0042298	-0.00703087	0.00390946	HG01112	CLM	AMR	male
HG01113	-0.011425	0.0151133	0.0226342	-0.0129518	0.0008189	-0.00333288	-0.0267677	0.00307764	-0.00293589	0.00443139	HG01113	CLM	AMR	female
HG01119	-0.0100299	0.0214038	0.0143006	0.0026643	-0.0162284	-0.00754895	-0.0168879	0.0128576	-0.00439902	-0.0533311	HG01119	CLM	AMR	female
HG01121	-0.00951529	0.0136528	0.0191508	-0.0181342	-0.0123523	-0.0138923	-0.0214272	-0.00362444	-0.00645265	-0.0179095	HG01121	CLM	AMR	male
HG01122	-0.00833274	0.0162187	0.0165033	-0.010844	-0.0130352	-0.0168032	-0.0238307	-0.00589992	-0.00697819	-0.0216348	HG01122	CLM	AMR	female
HG01124	-0.00517052	0.011125	0.0209016	-0.0159761	-0.00534521	0.000779793	-0.00565216	0.00560315	0.00426719	-0.0211286	HG01124	CLM	AMR	male
HG01125	-0.0074574	0.0133569	0.0198951	-0.0119024	-0.00643504	0.00251426	-0.0101059	0.0150946	0.0038895	-0.0244656	HG01125	CLM	AMR	female
HG01130	-0.00895295	0.0156413	0.018377	-0.0126912	-0.0168215	-0.00464551	-0.0107118	0.0105374	-0.00317239	-0.0543864	HG01130	CLM	AMR	male
HG01131	-0.00909457	0.0145151	0.0190392	-0.0123546	-0.017343	-0.00453545	-0.00977247	0.0128346	-0.00540141	-0.0557531	HG01131	CLM	AMR	female
HG01133	-0.010179	0.0200399	0.0181829	0.000605846	-0.00470853	-0.00123407	-0.0190403	0.0140153	0.00214808	-0.019999	HG01133	CLM	AMR	male
HG01134	-0.0062811	0.0143258	0.0185042	-0.00817922	-0.00595991	-0.00164812	-0.014314	0.00696285	0.00267501	-0.0162015	HG01134	CLM	AMR	female
HG01136	-0.00760319	0.0134786	0.021423	-0.0128701	-0.00852413	0.00263471	-0.0114786	0.0183358	0.0047124	-0.0318992	HG01136	CLM	AMR	male
HG01137	-0.0110066	0.0120066	0.0240081	-0.0220107	-0.00334015	0.000734137	-0.0125346	0.0118241	0.00267386	-0.0134989	HG01137	CLM	AMR	female
HG01139	-0.00386664	0.0101387	0.020428	-0.0181357	-0.00618759	-0.0035913	-0.0185931	-0.00143555	-0.00213676	-0.0143209	HG01139	CLM	AMR	male
HG01140	-0.00988772	0.0145248	0.0218511	-0.0135211	-0.00502291	-0.000420035	-0.0129563	0.0162705	0.00367634	-0.0226485	HG01140	CLM	AMR	female
HG01142	-0.00365897	0.00620241	0.0217848	-0.0269669	-0.0192479	-0.00343573	-0.00678259	0.00740812	-0.000483415	-0.0482157	HG01142	CLM	AMR	male
HG01148	-0.00933423	0.0150631	0.0213523	-0.0115475	-0.00201893	0.00123266	-0.0156171	0.00465823	-0.000699664	-0.0165916	HG01148	CLM	AMR	male
HG01149	-0.00809849	0.00604686	0.0261687	-0.0318755	-0.000447206	-0.000848686	-0.0113754	0.00320719	-0.000641948	-0.00961758	HG01149	CLM	AMR	female
HG01161	-0.00289612	0.0150717	0.0139963	-0.00510895	-0.00940963	-0.0146951	-0.0294842	-0.000155483	-0.00320847	-0.00824618	HG01161	PUR	AMR	male
HG01162	-0.00673826	0.017268	0.0145505	-0.00476583	-0.0089794	-0.0137474	-0.0298221	0.00319135	-0.00407873	-0.00707838	HG01162	PUR	AMR	female
HG01164	-0.00632716	0.0196433	0.0135515	0.000990855	-0.00934	-0.0157754	-0.0341053	0.000849388	-0.00602695	-0.00856652	HG01164	PUR	AMR	male
HG01167	-0.000933824	0.0142751	0.0158004	-0.000264179	0.00179849	-0.000618168	-0.010807	0.0280774	0.00879428	0.0353044	HG01167	PUR	AMR	male
HG01168	-0.00949323	0.0228287	0.0125968	0.0119108	0.00654627	0.00116855	-0.0127169	0.0468863	0.00662553	0.0255718	HG01168	PUR	AMR	female
HG01170	-0.00601593	0.016392	0.0175738	0.000263833	-0.00657089	0.0116895	-0.00107595	0.0365194	0.00857744	-0.0185208	HG01170	PUR	AMR	male
HG01171	-0.00284449	0.0149074	0.0164005	0.00119343	-0.00144525	0.0139478	0.00738742	0.043574	0.00751367	-0.0140138	HG01171	PUR	AMR	female
HG01173	-0.00785578	0.0219956	0.0149954	0.013591	-0.00695852	0.0116575	-0.00772942	0.0480153	0.012379	-0.0195619	HG01173	PUR	AMR	male
HG01174	-0.00833598	0.0195874	0.0165075	0.00612058	-0.00493972	0.0118585	-0.000578804	0.0452999	0.00807358	-0.0130239	HG01174	PUR	AMR	female
HG01176	-0.0068775	0.0181825	0.0174928	0.000349621	0.00214102	0.000603959	-0.0115961	0.0282476	0.00188448	0.0283514	HG01176	PUR	AMR	male
HG01177	-0.00807917	0.0169643	0.0189539	-0.0026634	0.00364593	0.00480641	-0.00572903	0.0514411	0.0137472	0.0247014	HG01177	PUR	AMR	female
HG01182	-0.00536251	0.0163564	0.017676	0.000210889	0.00309246	0.00427005	-3.99808e-05	0.0464588	0.00981845	0.025791	HG01182	PUR	AMR	male
HG01183	-0.00608159	0.0169539	0.0195769	-0.000533751	0.00403446	0.00568061	-0.000598667	0.0511703	0.0109264	0.0179738	HG01183	PUR	AMR	female
HG01187	-0.00349675	0.011597	0.0206785	-0.00963391	0.00497227	0.00684292	0.000936777	0.0484445	0.00888099	0.0260072	HG01187	PUR	AMR	male
HG01188	-0.00185721	0.0113109	0.0184183	-0.00821861	0.0045352	0.00363916	-0.00219886	0.0422285	0.011281	0.0221465	HG01188	PUR	AMR	female
HG01190	-0.00450519	0.0126783	0.0189745	-0.00739199	0.0032534	0.00555979	-0.000785578	0.0442391	0.00904863	0.0176611	HG01190	PUR	AMR	male
HG01191	-0.00734326	0.0164285	0.0188943	-0.00398811	0.00287309	0.00438748	-0.00278713	0.0451036	0.00940265	0.0214394	HG01191	PUR	AMR	female
HG01197	-0.00837352	0.018995	0.0183376	0.0033456	0.00222531	0.00556955	-0.00675762	0.0474257	0.00910951	0.0233348	HG01197	PUR	AMR	male
HG01198	-0.00272738	0.0150065	0.017466	0.000765601	0.00157862	0.000303443	-0.0049735	0.0425903	0.0116765	0.0278684	HG01198	PUR	AMR	female
HG01200	-0.0088415	0.0222646	0.0125571	0.00499102	-0.00677432	-0.0166062	-0.033629	0.00134893	-0.00909898	-0.0112462	HG01200	PUR	AMR	male
HG01204	-0.00667928	0.0176384	0.0167971	0.00260471	-0.000522046	0.00486072	-0.00552389	0.0483144	0.00665288	0.0100349	HG01204	PUR	AMR	male
HG01205	-0.0057235	0.0190432	0.0162114	0.00484036	0.00264183	-0.00259052	-0.0107521	0.037905	0.00445976	0.0286974	HG01205	PUR	AMR	female
HG01241	0.0199022	0.00283221	0.00893987	-0.000765264	0.0120699	0.0124198	0.00849667	0.0317481	0.00875215	0.0339343	HG01241	PUR	AMR	male
HG01242	0.012127	0.0087998	0.00945172	0.00437602	0.0120538	0.00964464	0.00498649	0.0355242	0.00658738	0.0325291	HG01242	PUR	AMR	female
HG01247	-0.0024979	0.013953	0.0176224	-0.00223908	0.00595282	0.00442954	0.000223212	0.045454	0.0114053	0.0242843	HG01247	PUR	AMR	male
HG01248	-0.00585568	0.018895	0.0144255	0.00458125	0.00223933	0.000602622	-0.0136051	0.0417801	0.00551445	0.0241337	HG01248	PUR	AMR	female
HG01250	-0.00862071	0.012503	0.0220326	-0.0183616	0.00352834	-0.00638004	-0.022304	0.000563379	-0.00390175	0.00739422	HG01250	CLM	AMR	male
HG01251	-0.0106239	0.0159076	0.0219655	-0.0120955	0.000711049	-0.0060063	-0.0242841	-0.000664818	-0.00346085	0.0106631	HG01251	CLM	AMR	female
HG01253	-0.00938	0.0168263	0.0193898	-0.00790588	0.00347596	-0.00725893	-0.0276873	0.000398152	-0.00284815	0.0065226	HG01253	CLM	AMR	male
HG01254	-0.00414597	0.00959664	0.0202597	-0.0178237	0.00105264	-0.00447802	-0.0184361	-0.0023131	-0.00221836	0.00821115	HG01254	CLM	AMR	female
HG01256	-0.010731	0.0197315	0.0196432	-0.000287697	0.00257372	-0.00177126	-0.0163167	0.0251324	0.00272096	0.0141503	HG01256	CLM	AMR	male
HG01257	-0.0109867	0.0150513	0.0232871	-0.0143622	0.000933349	-0.00204601	-0.00922392	0.0213837	0.00541613	0.0176601	HG01257	CLM	AMR	female
HG01259	-0.00973209	0.0207439	0.0176391	0.00418233	0.00177638	-0.00367288	-0.0170617	0.0283731	0.00199769	0.020064	HG01259	CLM	AMR	male
HG01260	-0.0062011	0.0106104	0.0222485	-0.0187935	0.00437164	-3.30885e-05	-0.00927349	0.0225667	0.00379119	0.019535	HG01260	CLM	AMR	female
HG01269	-0.00833154	0.0143681	0.0190329	-0.0137014	-0.0188237	-0.00626314	-0.0126164	0.0117931	-5.4985e-05	-0.0494429	HG01269	CLM	AMR	female
HG01271	-0.00825288	0.0148759	0.0201484	-0.0129898	-0.00217762	-0.00641029	-0.0290477	-0.0101869	-0.00689264	0.00526392	HG01271	CLM	AMR	male
HG01272	-0.00383318	0.0091543	0.0202876	-0.0201676	0.00269092	-0.00368541	-0.023237	-0.0103634	-0.0046662	0.00899569	HG01272	CLM	AMR	female
HG01275	-0.0100047	0.0250547	0.0134899	0.01216	0.00179991	-0.0107234	-0.0359427	-0.00745471	-0.00803825	0.00111573	HG01275	CLM	AMR	female
HG01277	-0.0113652	0.0126024	0.0233962	-0.022153	-0.001784	-0.00702886	-0.0293833	-0.00973145	-0.00347282	0.00431367	HG01277	CLM	AMR	male
HG01280	-0.0105771	0.0155109	0.0213672	-0.0135059	-0.0177837	-0.00476178	-0.0152453	0.0101543	0.000469031	-0.0507169	HG01280	CLM	AMR	male
HG01281	-0.0104578	0.0154654	0.0194065	-0.0117993	-0.0190459	-0.00472315	-0.0141762	0.010453	-0.0015102	-0.0541866	HG01281	CLM	AMR	female
HG01284	-0.00813986	0.0165308	0.0168686	-0.00926423	-0.0166334	-0.00680454	-0.018945	0.00782603	-2.3182e-05	-0.0447242	HG01284	CLM	AMR	female
HG01286	-0.000337701	0.014254	0.0126075	-0.00356158	-0.00860292	-0.0145367	-0.0258063	0.00121856	-0.00783408	-0.00880073	HG01286	PUR	AMR	male
HG01302	-0.00607833	0.0160055	0.0146948	-0.00685903	-0.0142557	-0.0184297	-0.031028	0.0031897	-0.00280328	-0.016901	HG01302	PUR	AMR	male
HG01303	-0.00599717	0.0154785	0.0140481	-0.00652802	-0.0123905	-0.0193003	-0.02809	0.000595741	-0.00585192	-0.0144422	HG01303	PUR	AMR	female
HG01305	-0.00446035	0.0153942	0.0155434	-0.0066789	-0.00755986	-0.0118957	-0.0274281	-0.00182858	-0.00565729	-0.00878095	HG01305	PUR	AMR	male
HG01308	-0.000674509	0.0142474	0.0135409	-0.00370999	-0.0101401	-0.0141622	-0.0285712	0.000131637	-0.00350984	-0.0102648	HG01308	PUR	AMR	male
HG01311	-0.00681653	0.0203724	0.0110757	0.00523911	-0.0131135	-0.0159394	-0.0295701	-0.00399388	-0.00792157	-0.0124197	HG01311	PUR	AMR	male
HG01312	-0.00484441	0.0175965	0.0132789	-0.000615498	-0.0110622	-0.017522	-0.0288197	-0.00381853	-0.0064715	-0.01677	HG01312	PUR	AMR	female
HG01323	-0.00593346	0.0175186	0.0138289	-0.00295959	-0.010959	-0.0160402	-0.0304338	-0.00204508	-0.0074498	-0.0187504	HG01323	PUR	AMR	female
HG01325	-0.00457849	0.019145	0.0116969	0.00314763	-0.0113044	-0.0202773	-0.0299338	-0.00209316	-0.00655478	-0.0122347	HG01325	PUR	AMR	male
HG01326	-0.006367	0.0168109	0.015775	-0.0055583	-0.0109286	-0.01745	-0.0278741	0.00339598	-0.00311396	-0.0163494	HG01326	PUR	AMR	female
HG01334	-0.0112732	0.0265948	0.0133169	0.018768	-0.00169076	0.00982309	0.0183931	0.0058738	0.00201525	-0.0112171	HG01334	GBR	EUR	male
HG01341	-0.0130727	0.00291112	0.034218	-0.046836	0.00360992	0.00757735	0.00894498	0.0259527	0.00729056	0.0157136	HG01341	CLM	AMR	male
HG01342	0.00421039	0.00699499	0.0177668	-0.0111458	0.00349135	0.00811047	0.00488694	0.0286632	0.00127073	0.0131846	HG01342	CLM	AMR	female
HG01344	-0.0110945	0.0102057	0.025824	-0.0298539	-0.00272567	-0.00549364	-0.021251	-0.0137595	-0.00551176	0.0072285	HG01344	CLM	AMR	male
HG01345	-0.00910874	0.0161581	0.0187686	-0.00902582	-0.00225904	-0.00925021	-0.0305946	-0.0108612	-0.0067258	0.00437838	HG01345	CLM	AMR	female
HG01348	-0.0101964	0.0103378	0.0246295	-0.0261032	-0.000204664	-0.00644788	-0.0244189	-0.00973159	-0.00705771	0.00701619	HG01348	CLM	AMR	female
HG01350	-0.00898626	0.00915048	0.0264143	-0.0244011	-0.00473097	0.0143209	0.0122046	0.0396793	0.00696519	-0.0185074	HG01350	CLM	AMR	male
HG01351	-0.0114743	0.0148755	0.0241841	-0.0117146	-0.0048552	0.0124489	0.00353429	0.0396425	0.00907413	-0.0210945	HG01351	CLM	AMR	female
HG01353	-0.0102913	0.0178534	0.0195644	-0.00165489	-0.00113125	0.0116659	0.00215296	0.0426472	0.0128506	-0.0133383	HG01353	CLM	AMR	male
HG01354	-0.0106639	0.0199497	0.0195286	0.00251194	-0.00465934	0.0139766	0.000621597	0.0446797	0.00767004	-0.0112309	HG01354	CLM	AMR	female
HG01356	-0.00918221	0.013397	0.0217251	-0.0186135	-0.00298696	-0.00342161	-0.0219496	-0.00432058	0.000893878	0.0031526	HG01356	CLM	AMR	male
HG01357	-0.0112152	0.0149193	0.0227862	-0.0132642	0.000158019	-0.00596717	-0.0250563	-0.00328943	-0.00227045	-0.00077004	HG01357	CLM	AMR	female
HG01359	-0.0100303	0.0150225	0.021012	-0.0102517	0.00187566	0.00203092	-0.00634256	0.0296883	0.00521889	0.00712077	HG01359	CLM	AMR	male
HG01360	-0.00873777	0.015384	0.0189664	-0.00978993	-0.00104206	-0.00622384	-0.0249234	-0.000666347	-0.0039528	0.005565	HG01360	CLM	AMR	female
HG01362	-0.00591389	0.013566	0.0161618	-0.0118866	-0.012085	-0.0178213	-0.0232985	-0.00245718	-0.00640436	-0.0193563	HG01362	CLM	AMR	male
HG01363	-0.00399114	0.0086889	0.0196038	-0.0213395	-0.0123344	-0.0115762	-0.0196556	-0.00791418	-0.00575755	-0.0156921	HG01363	CLM	AMR	female
HG01365	-0.00565069	0.0110616	0.0214884	-0.0128255	-0.00475311	0.0156456	0.0112965	0.0331606	0.00680721	-0.0179064	HG01365	CLM	AMR	male
HG01366	-0.00710868	0.0128298	0.0223725	-0.00924534	-0.00303938	0.0110555	0.00388314	0.0350425	0.00541148	-0.0135377	HG01366	CLM	AMR	female
HG01369	-0.00738027	0.00286321	0.0276712	-0.0431384	-0.0172496	-0.00406163	-0.00135637	0.00732538	0.00112241	-0.0503126	HG01369	CLM	AMR	female
HG01372	-0.00995854	0.0134758	0.0211085	-0.0191918	-0.0184075	-0.00672034	-0.0152635	0.00758131	-0.00345614	-0.0485883	HG01372	CLM	AMR	female
HG01374	-0.0112123	0.0160597	0.0234285	-0.00938008	-0.00393011	0.0101942	-0.000639378	0.0363705	0.0073542	-0.0197798	HG01374	CLM	AMR	male
HG01375	-0.00629791	0.00999815	0.0234515	-0.0158586	-0.00471339	0.0151671	0.00924734	0.0357049	0.00856135	-0.0129359	HG01375	CLM	AMR	female
HG01377	-0.00755184	0.0115757	0.0225334	-0.0166353	0.00232686	0.00125378	-0.00840961	0.0235241	0.00980492	0.0198857	HG01377	CLM	AMR	male
HG01378	-0.0103679	0.0100728	0.0267552	-0.0233264	0.00555167	0.00329292	-0.00634919	0.0249292	0.00666064	0.0220286	HG01378	CLM	AMR	female
HG01383	-0.0103174	0.0170178	0.0220306	-0.00935876	0.00294774	0.00131173	-0.0119602	0.0234638	0.00271703	0.0222672	HG01383	CLM	AMR	male
HG01384	-0.00892759	0.0158108	0.0203749	-0.00751064	0.00587424	-0.000385675	-0.0108295	0.0228621	0.00289565	0.0191475	HG01384	CLM	AMR	female
HG01389	-0.00872067	0.0193694	0.0176029	0.00376641	-0.00522177	0.0100655	-0.00079015	0.0399553	0.00903599	-0.0191871	HG01389	CLM	AMR	male
HG01390	0.000372289	0.00648321	0.0205727	-0.0165244	-0.000285849	0.0174942	0.0133587	0.0349028	0.00917341	-0.0143628	HG01390	CLM	AMR	female
HG01392	-0.00370449	0.0142383	0.0149798	-0.00677997	-0.0186672	-0.00418112	-0.00957836	0.0148468	0.00590002	-0.0518047	HG01392	PUR	AMR	male
HG01393	-0.00150016	0.014212	0.0128806	-0.00116391	-0.0168152	-0.00421516	-0.0106845	0.0174261	0.00107252	-0.0472863	HG01393	PUR	AMR	female
HG01395	-0.00754651	0.0193374	0.0144746	0.00120726	-0.0187037	-0.00509934	-0.0128762	0.0208933	0.00195731	-0.0520137	HG01395	PUR	AMR	male
HG01396	-0.00358724	0.0133599	0.0149429	-0.00869975	-0.0170557	-0.00601159	-0.0068613	0.0182855	0.00298084	-0.0487797	HG01396	PUR	AMR	female
HG01398	-0.00353326	0.0158499	0.0140708	-0.00542883	-0.00639715	-0.017307	-0.029864	-0.0045097	-0.00214257	-0.010644	HG01398	PUR	AMR	male
HG01402	-0.00390942	0.0144709	0.0142266	-0.0051174	-0.0175389	-0.00864662	-0.00940046	0.0197356	0.00304652	-0.0487215	HG01402	PUR	AMR	male
HG01403	-0.00350159	0.0144346	0.0144528	-0.0050041	-0.0153613	-0.0026754	-0.0116833	0.01884	-0.00253527	-0.0515595	HG01403	PUR	AMR	female
HG01405	-0.00611651	0.0191687	0.0114292	0.00220556	-0.0209345	-0.0147438	-0.0254755	0.00448438	-0.00121638	-0.0258917	HG01405	PUR	AMR	male
HG01412	-0.00712874	0.0159676	0.016608	-0.00967538	-0.0168882	-0.0155222	-0.0230571	0.0113287	-0.00345017	-0.0247356	HG01412	PUR	AMR	male
HG01413	-0.00484214	0.0146665	0.0154554	-0.00725451	-0.0202372	-0.00340009	-0.013762	0.0208037	0.00356758	-0.0505007	HG01413	PUR	AMR	male
HG01414	-0.00492802	0.0154837	0.0142898	-0.00319297	-0.0198727	-0.00405093	-0.00743661	0.0160332	0.00208716	-0.0505632	HG01414	PUR	AMR	female
HG01431	-0.00664355	0.0128763	0.0185216	-0.0170664	-0.0117603	-0.0189009	-0.0230206	-0.00295263	-0.00571476	-0.0186845	HG01431	CLM	AMR	male
HG01432	-0.0102231	0.0164514	0.0176644	-0.0113331	-0.0138017	-0.0169385	-0.0285199	-0.00326109	-0.00861788	-0.0163918	HG01432	CLM	AMR	female
HG01435	-0.0109707	0.0049194	0.0281505	-0.0413515	-0.0179129	0.000602276	-0.000872892	0.0052315	-0.000208714	-0.0490541	HG01435	CLM	AMR	female
HG01437	-0.0105289	0.0215271	0.0175296	0.00636772	0.00121443	0.00107001	-0.0133339	0.0325474	0.00455063	0.0117846	HG01437	CLM	AMR	male
HG01438	-0.0100584	0.024807	0.0142822	0.0136382	-0.000704622	0.00173041	-0.0109036	0.0322645	0.00605453	0.0114169	HG01438	CLM	AMR	female
HG01440	-0.00410497	0.0128847	0.019875	-0.010105	0.0027996	0.00619141	-0.000197551	0.0269783	0.00561189	0.0101611	HG01440	CLM	AMR	male
HG01441	-0.0115637	0.00977887	0.0266913	-0.0260485	0.00244742	0.00491396	-0.00158507	0.0262384	0.00764769	0.0171055	HG01441	CLM	AMR	female
HG01443	-0.0109621	0.00332057	0.0296499	-0.0487294	-0.0128842	-0.0125553	-0.0123338	-0.00818574	-0.00654933	-0.0145854	HG01443	CLM	AMR	male
HG01444	-0.00726681	0.0124334	0.0189579	-0.0172812	-0.0120801	-0.013997	-0.0209332	-0.00244346	-0.00716404	-0.0191413	HG01444	CLM	AMR	female
HG01447	-0.00846181	0.0143998	0.0176462	-0.0112174	-0.016761	-0.00372874	-0.00890111	0.0103639	-0.00245518	-0.0519761	HG01447	CLM	AMR	female
HG01455	-0.010797	0.0101146	0.027431	-0.0273177	-8.88502e-06	-0.006067	-0.0198072	-0.00184816	-0.00441308	0.00238644	HG01455	CLM	AMR	male
HG01456	-0.0099938	0.00968136	0.02526	-0.0264025	0.00191023	-0.00469172	-0.0180356	-0.00270003	-0.00229459	0.00396415	HG01456	CLM	AMR	female
HG01459	-0.0109914	0.0100959	0.0252233	-0.030227	-0.0179317	-0.00461485	-0.00292673	0.00650101	-0.000823816	-0.0519231	HG01459	CLM	AMR	female
HG01461	-0.00437444	0.00637161	0.0246575	-0.0264402	0.00422713	0.00697941	0.00231752	0.0308496	0.00839241	0.0124223	HG01461	CLM	AMR	male
HG01462	0.000964866	0.00493266	0.0213297	-0.0198811	0.00703551	0.00659525	0.0058741	0.0297177	0.00863316	0.0180551	HG01462	CLM	AMR	female
HG01464	-0.00310592	0.00803927	0.0224028	-0.0211927	-0.000877976	-0.00425155	-0.0106827	0.013661	0.00370485	0.0165374	HG01464	CLM	AMR	male
HG01465	-0.0105345	0.0189967	0.0196205	-0.00178371	0.000403601	0.000157979	-0.0153678	0.0347303	0.00406874	0.0107674	HG01465	CLM	AMR	female
HG01468	-0.0102325	0.0191412	0.0160376	-0.00419694	-0.011607	-0.0171333	-0.0358761	-0.00244068	-0.00613632	-0.0111892	HG01468	CLM	AMR	female
HG01474	-0.0103293	0.0208443	0.0157625	-0.00143002	-0.00788894	-0.0163401	-0.0345494	-0.00603759	-0.00673303	-0.0139393	HG01474	CLM	AMR	female
HG01479	-0.00961729	0.0212083	0.0148779	0.00125621	-0.00987561	-0.0149691	-0.037888	-0.0023618	-0.010408	-0.0126302	HG01479	CLM	AMR	male
HG01485	0.00455747	0.00520533	0.0150643	-0.0194555	-0.0137048	-0.0105667	-0.0131597	-0.00903221	-0.00453675	-0.0224966	HG01485	CLM	AMR	male
HG01486	-0.0103873	0.0118633	0.0218541	-0.0251187	-0.0149902	-0.0154902	-0.0220854	-0.00631471	-0.00816879	-0.0246105	HG01486	CLM	AMR	female
HG01488	-0.00451973	0.0166195	0.0157329	-2.23876e-05	0.00208219	0.00200404	-0.00764162	0.0293309	0.00756309	0.0178604	HG01488	CLM	AMR	male
HG01489	-0.0103582	0.0211319	0.0169188	0.0056534	0.00146213	0.00318074	-0.0101175	0.0358157	0.00354717	0.00312767	HG01489	CLM	AMR	female
HG01491	-0.0105452	0.0199985	0.0188762	0.00139041	0.000368598	0.00241445	-0.014789	0.0399477	0.00611194	0.0122174	HG01491	CLM	AMR	male
HG01492	-0.0101061	0.0177804	0.019908	-0.00510454	0.0017471	0.00201642	-0.0108584	0.0324771	0.00631684	0.0129703	HG01492	CLM	AMR	female
HG01494	-0.00821107	0.00750966	0.0257181	-0.0302481	0.00369879	-0.00371224	-0.0168694	-0.00336608	-0.00272057	0.00533848	HG01494	CLM	AMR	male
HG01495	-0.00667738	0.0075602	0.0249104	-0.026708	0.00222124	-0.00467571	-0.0185938	-0.00485788	-0.00266037	0.00824342	HG01495	CLM	AMR	female
HG01497	-0.0102361	0.011139	0.025708	-0.0247334	0.0019809	-0.00537504	-0.0237127	-0.00466068	-0.00362579	0.00845599	HG01497	CLM	AMR	male
HG01498	-0.00995722	0.0121375	0.0235328	-0.0218373	-0.000450185	-0.0033341	-0.0237758	-0.00433368	-0.00525865	0.00544375	HG01498	CLM	AMR	female
HG01500	-0.00934863	0.026194	0.0103348	0.018087	-0.00280785	-0.00658137	-0.0286273	0.000330838	-0.00238905	-0.0131552	HG01500	IBS	EUR	male
HG01501	-0.00932421	0.0260814	0.010605	0.0186575	-0.00479969	-0.00778968	-0.0222838	-0.0014497	-0.00361263	-0.00840897	HG01501	IBS	EUR	female
HG01503	-0.0103124	0.0266654	0.0111265	0.0189867	-0.00290185	-0.0106465	-0.0296329	-0.00134647	-0.00310831	-0.00544369	HG01503	IBS	EUR	male
HG01504	-0.00985208	0.0262561	0.0114086	0.0187642	-0.00450912	-0.0112534	-0.0333674	-0.000359927	-0.00740512	-0.00743368	HG01504	IBS	EUR	female
HG01506	-0.00953974	0.0267704	0.0118885	0.020427	-0.00747543	-0.00156652	-0.0199045	0.0131091	-0.00020328	-0.00394838	HG01506	IBS	EUR	male
HG01507	-0.00993652	0.0268069	0.0120742	0.0195714	-0.00590563	-0.00219918	-0.0178423	0.0173286	-0.00246502	-0.00696335	HG01507	IBS	EUR	female
HG01509	-0.00931478	0.0264996	0.0122346	0.0205795	-0.00816013	-0.00301199	-0.0163305	0.020418	-0.00110988	-0.0112618	HG01509	IBS	EUR	male
HG01510	-0.00991105	0.0267922	0.0120934	0.0186652	-0.00401888	-0.00448943	-0.0186884	0.0206423	0.000518233	-0.00637884	HG01510	IBS	EUR	female
HG01512	-0.0103013	0.0269526	0.0119651	0.0199658	-0.00612835	-0.00158148	-0.0152291	0.0145783	-0.000978645	-0.00763036	HG01512	IBS	EUR	male
HG01513	-0.010307	0.0269086	0.0128067	0.0200016	-0.00483005	-0.00373696	-0.0167625	0.0182376	-0.00258079	-0.00992405	HG01513	IBS	EUR	female
HG01515	-0.0108791	0.0275732	0.0144322	0.0205745	0.00311889	-0.00109277	-0.015838	0.0191322	-0.00317299	0.0153013	HG01515	IBS	EUR	male
HG01516	-0.0108008	0.0278537	0.015504	0.0210671	0.00230364	-0.00622913	-0.015456	0.0189759	-0.00243685	0.0149096	HG01516	IBS	EUR	female
HG01518	-0.0107984	0.0275497	0.0148668	0.0214728	-0.000315588	-0.00290769	-0.0131516	0.0190579	-0.000677127	0.0124141	HG01518	IBS	EUR	male
HG01519	-0.0105652	0.027791	0.0148023	0.0211088	0.00142127	-0.00142162	-0.0143046	0.0187388	-0.00413952	0.0176553	HG01519	IBS	EUR	female
HG01521	-0.0109738	0.0277551	0.0153919	0.0214033	0.00351231	-0.000593698	-0.0137744	0.0237089	-0.00314445	0.0136642	HG01521	IBS	EUR	male
HG01522	-0.0109617	0.0273655	0.0147729	0.020179	0.0018646	-0.00152225	-0.0152832	0.0195928	-0.00193377	0.015742	HG01522	IBS	EUR	female
HG01524	-0.00993916	0.0264146	0.0128553	0.0195028	-0.00484043	-0.00151978	-0.0195132	0.0174619	-0.000634262	0.00690427	HG01524	IBS	EUR	male
HG01525	-0.0098983	0.025976	0.0122141	0.0198059	-0.00155761	-0.00224452	-0.0186251	0.0162131	-0.00192003	0.00595547	HG01525	IBS	EUR	female
HG01527	-0.00924993	0.0260714	0.0120396	0.0183631	-0.00327859	-0.00383663	-0.0231515	0.0162308	-0.000180789	0.0103012	HG01527	IBS	EUR	male
HG01528	-0.00954783	0.0262816	0.013222	0.0199187	-0.00459356	-0.00474221	-0.0180565	0.0172106	0.000172622	0.00728698	HG01528	IBS	EUR	female
HG01530	-0.00949972	0.0257914	0.0123525	0.0196899	-0.00199265	-0.00422146	-0.0177615	0.0160909	0.00298259	0.00782624	HG01530	IBS	EUR	male
HG01531	-0.0094222	0.0265228	0.0123717	0.0201767	-0.00369084	-0.000457156	-0.0182239	0.019326	0.00286162	0.00659869	HG01531	IBS	EUR	female
HG01536	-0.00994326	0.0266228	0.0130526	0.019859	-0.00286818	-0.00412809	-0.0134747	0.0117876	-0.000553602	0.00623546	HG01536	IBS	EUR	male
HG01537	-0.0104236	0.0267017	0.0121483	0.0203321	-0.00488136	-0.000940639	-0.0178825	0.013904	-0.000804862	0.00662507	HG01537	IBS	EUR	female
HG01550	-0.00864691	0.0160858	0.0191588	-0.00921401	0.000172383	-0.00707484	-0.0275036	0.00160988	-0.00437467	0.00506339	HG01550	CLM	AMR	male
HG01551	0.00593359	0.005514	0.0160952	-0.0151546	0.00358866	-0.00288989	-0.0166925	-0.00661291	-0.00486298	0.0106138	HG01551	CLM	AMR	female
HG01556	-0.0016212	0.00650204	0.0189519	-0.0242137	-0.0156968	-0.00113229	-0.00401937	0.00734365	-0.00091862	-0.0520316	HG01556	CLM	AMR	male
HG01565	-0.0136571	-0.0010254	0.0369091	-0.0620557	-0.00401603	-0.000148547	-0.00552355	-0.0132412	-0.00466801	-0.00349035	HG01565	PEL	AMR	male
HG01566	-0.0123454	0.00755939	0.0280296	-0.0365293	-0.00358662	-0.0021012	-0.0150021	-0.00642201	-0.000953846	-0.00944228	HG01566	PEL	AMR	female
HG01571	-0.0139784	0.000695523	0.0366648	-0.0583196	-0.00214836	0.000103578	-0.00468057	-0.00879158	-0.00286324	-0.00820599	HG01571	PEL	AMR	male
HG01572	-0.0155497	-0.00993216	0.0479391	-0.094771	-0.00647185	0.009254	0.00907213	-0.0167628	-0.00202339	-0.00597719	HG01572	PEL	AMR	female
HG01577	-0.0097636	0.00767234	0.0271636	-0.0322234	-0.00735142	0.00622907	0.00104038	0.0186011	0.00236076	0.00101964	HG01577	PEL	AMR	male
HG01578	-0.0132307	0.002496	0.0351437	-0.0514584	-0.00437753	0.0090912	0.00695863	0.0124926	0.0050319	0.00429142	HG01578	PEL	AMR	female
HG01583	-0.0106502	0.0110306	-0.0283905	-0.0097937	-0.000607253	-0.00376234	-0.00612605	-0.00941167	-0.00505722	0.00263886	HG01583	PJL	SAS	male
HG01586	-0.0107895	0.0111422	-0.0276024	-0.00843968	0.00314238	-0.00359905	-0.00492252	-0.0122528	-0.00711262	0.00543398	HG01586	PJL	SAS	male
HG01589	-0.0106232	0.0115855	-0.0276722	-0.00923241	0.000795862	-0.00294193	-0.0057864	-0.0106881	-0.00249275	0.00539097	HG01589	PJL	SAS	male
HG01593	-0.0103506	0.0133051	-0.0266669	-0.00768499	0.00160804	-0.00596127	-0.00771884	-0.00729678	-0.00614325	0.00436433	HG01593	PJL	SAS	female
HG01595	-0.0158285	-0.0335253	0.0040178	0.0158262	-0.0243433	0.0181715	-0.00867893	-0.00375297	-0.00238728	0.0202558	HG01595	KHV	EAS	female
HG01596	-0.0156223	-0.0322644	0.00254396	0.0150364	-0.0261298	0.0201458	-0.00378211	-0.0074436	-0.000414575	0.0285968	HG01596	KHV	EAS	male
HG01597	-0.0156378	-0.0335178	0.00277456	0.0161699	-0.0255121	0.0204294	-0.00947368	-0.00721308	-0.00109837	0.02548	HG01597	KHV	EAS	female
HG01598	-0.0156461	-0.0328888	0.00326337	0.0148515	-0.026066	0.0200947	-0.0101383	-0.00743611	-0.00239574	0.0265746	HG01598	KHV	EAS	female
HG01599	-0.0156491	-0.033142	0.00340996	0.0156492	-0.0305333	0.0287987	0.000895177	0.00482445	0.00589437	0.00296843	HG01599	KHV	EAS	female
HG01600	-0.0157749	-0.034054	0.00407086	0.0157913	-0.0273763	0.0287395	0.0023844	0.00576732	0.00377699	0.0025567	HG01600	KHV	EAS	female
HG01602	-0.00952081	0.0262021	0.0113046	0.018122	-0.00178466	-0.00481949	-0.0300801	-0.00791308	-0.00371704	0.00204816	HG01602	IBS	EUR	female
HG01603	-0.00975807	0.0265264	0.0111973	0.0184626	-0.00283402	-0.00770454	-0.0312681	-0.00289085	-0.0029254	0.00139311	HG01603	IBS	EUR	male
HG01605	-0.0100834	0.027078	0.0123047	0.018372	-0.00115997	-0.00613534	-0.0272237	-0.00487402	-0.00440581	0.00337526	HG01605	IBS	EUR	female
HG01606	-0.0100455	0.0267823	0.0120561	0.019101	-0.00195952	-0.00757873	-0.0255354	-0.0078536	-0.0073493	9.06074e-05	HG01606	IBS	EUR	male
HG01607	-0.0100453	0.0268437	0.0113009	0.0176578	-0.00283728	-0.00744616	-0.0287331	-0.00333986	-0.00294952	0.00337749	HG01607	IBS	EUR	female
HG01608	-0.00989656	0.0266084	0.0116622	0.0188569	-0.00238513	-0.00860415	-0.0322628	-0.00358005	-0.00371133	0.00426823	HG01608	IBS	EUR	male
HG01610	-0.00966072	0.0263604	0.011828	0.0196081	-0.00218613	-0.00935049	-0.0347995	0.000481802	-0.00462315	-0.000956143	HG01610	IBS	EUR	male
HG01612	-0.00928048	0.0267756	0.0116651	0.0199	-0.0034358	-0.00721091	-0.0300475	-0.00361444	-0.00116875	0.000722563	HG01612	IBS	EUR	female
HG01613	-0.0102065	0.0267637	0.0106418	0.0187878	-0.00189043	-0.0101644	-0.0339947	-0.00655907	-0.0051737	0.00177704	HG01613	IBS	EUR	female
HG01615	-0.0101129	0.0269034	0.0110156	0.0184327	0.00111965	-0.00829308	-0.0274013	-0.00662691	-0.0038634	-0.00231364	HG01615	IBS	EUR	male
HG01617	-0.00970876	0.026242	0.0113075	0.0181556	-0.00112077	-0.0107342	-0.0372954	-0.00836343	-0.00978373	0.00580107	HG01617	IBS	EUR	male
HG01618	-0.00983791	0.0260469	0.0123364	0.0159538	-0.00236324	-0.0109845	-0.0370603	-0.00875753	-0.010155	0.00593301	HG01618	IBS	EUR	female
HG01619	-0.00982729	0.0269578	0.00991912	0.0177018	-0.0037756	-0.0112845	-0.035359	-0.00980799	-0.00909625	0.00707212	HG01619	IBS	EUR	male
HG01620	-0.00953233	0.0261178	0.0111787	0.0175292	-0.00126124	-0.0110672	-0.034826	-0.00877227	-0.0112969	0.000943203	HG01620	IBS	EUR	female
HG01623	-0.00942871	0.0265847	0.0115929	0.0186346	-0.00328474	-0.0132526	-0.0348728	-0.00485078	-0.00741814	0.00271523	HG01623	IBS	EUR	female
HG01624	-0.00954378	0.025973	0.0105533	0.0183347	-0.00438131	-0.0109123	-0.0401611	-0.00114841	-0.00639957	0.00308383	HG01624	IBS	EUR	male
HG01625	-0.0100138	0.0266895	0.0120341	0.018305	-3.968e-05	-0.0111042	-0.0327703	-0.0109569	-0.00990094	0.00613325	HG01625	IBS	EUR	male
HG01626	-0.00935804	0.0257664	0.0102588	0.0182994	-0.00159408	-0.012221	-0.0398079	-0.00472843	-0.00567379	0.00331424	HG01626	IBS	EUR	female
HG01628	-0.00761766	0.0248533	0.00992616	0.0171201	-0.00363664	-0.00972354	-0.0407405	-0.00340674	-0.00569109	0.00284167	HG01628	IBS	EUR	female
HG01630	-0.00826579	0.0258417	0.0097494	0.0178379	-0.0024298	-0.0130738	-0.0416535	-0.00453749	-0.00418932	0.00277334	HG01630	IBS	EUR	male
HG01631	-0.0101956	0.0270766	0.012049	0.020066	-0.00511038	6.23674e-05	-0.0160645	0.0213855	-5.11413e-06	0.00631693	HG01631	IBS	EUR	male
HG01632	-0.00993391	0.0265682	0.0125898	0.0206502	-0.00383533	-0.000390817	-0.0135947	0.0208571	0.00206265	0.0080727	HG01632	IBS	EUR	female
HG01668	-0.00933323	0.0259037	0.0101532	0.0174426	-0.00475038	-0.00385161	-0.022186	-0.00311793	-0.00470768	-0.00804073	HG01668	IBS	EUR	female
HG01669	-0.00834849	0.0254076	0.0109023	0.0185154	-0.00372503	-0.00547959	-0.025899	-0.00137832	-0.0059593	-0.0106556	HG01669	IBS	EUR	male
HG01670	-0.00994959	0.0267486	0.0107697	0.0197148	-0.00438725	-0.0105714	-0.0277014	-0.000879714	-0.00416414	-0.00987269	HG01670	IBS	EUR	female
HG01672	-0.0101863	0.0270646	0.0114163	0.0176537	-0.00582056	-0.0086983	-0.0221874	-0.00711565	-0.00624171	-0.00800274	HG01672	IBS	EUR	male
HG01673	-0.0103498	0.0265978	0.0129068	0.0207652	-0.00784447	0.00857639	-0.00454833	0.0329436	0.0031366	-0.0232136	HG01673	IBS	EUR	female
HG01675	-0.0102865	0.0265127	0.01312	0.0219613	-0.00664133	0.00649404	-0.00534572	0.0387669	0.00264421	-0.0221739	HG01675	IBS	EUR	male
HG01676	-0.0105327	0.026938	0.0149198	0.0212103	-0.0070985	0.00946591	-0.00398005	0.0321609	0.00481057	-0.0209252	HG01676	IBS	EUR	female
HG01678	-0.0103967	0.0262469	0.0133178	0.0219209	-0.00800932	0.0104959	-0.00383542	0.0354331	0.00691155	-0.0246713	HG01678	IBS	EUR	male
HG01679	-0.0100927	0.0266486	0.0137894	0.0215822	-0.00758397	0.00838813	-0.00511328	0.0332975	0.00709618	-0.0225617	HG01679	IBS	EUR	female
HG01680	-0.0100295	0.0262877	0.0143663	0.0221945	-0.00743211	0.0104709	0.000865198	0.0302919	0.00695793	-0.0241383	HG01680	IBS	EUR	male
HG01682	-0.0103256	0.0270414	0.0125332	0.0214194	-0.00559097	0.00664664	-0.00442409	0.0338178	0.00577961	-0.0217788	HG01682	IBS	EUR	male
HG01684	-0.0104977	0.0268238	0.0134467	0.020933	-0.00602866	0.00552992	-0.00298099	0.0287532	0.00279857	-0.0212117	HG01684	IBS	EUR	female
HG01685	-0.00958679	0.025744	0.0126202	0.020446	-0.00605323	0.00722206	-0.00235772	0.0300541	0.00641543	-0.0215448	HG01685	IBS	EUR	female
HG01686	-0.00992113	0.0261374	0.0128917	0.0204019	-0.00463836	0.0104398	-0.000495742	0.0281546	0.00523843	-0.0173824	HG01686	IBS	EUR	male
HG01694	-0.00846858	0.0252384	0.0120608	0.0209101	-0.00848154	0.00852676	-0.00714531	0.0382609	0.00715579	-0.0253586	HG01694	IBS	EUR	male
HG01695	-0.00849349	0.0249233	0.0123381	0.0203911	-0.00577897	0.00842044	-0.00749845	0.03432	0.00593506	-0.0222903	HG01695	IBS	EUR	female
HG01697	-0.00937976	0.026242	0.0110076	0.0167026	-0.00534274	-0.0117526	-0.0307499	0.00379818	-0.00265147	-0.0039557	HG01697	IBS	EUR	female
HG01699	-0.00936668	0.0263015	0.0102398	0.0191064	-0.00540179	-0.00977139	-0.0347791	0.00292054	-0.00302684	0.000537215	HG01699	IBS	EUR	male
HG01700	-0.0111149	0.0271703	0.0150403	0.0217399	-0.0105242	0.00898181	-0.00254244	0.0318807	0.00297529	-0.0274617	HG01700	IBS	EUR	male
HG01702	-0.0106669	0.0272105	0.0142531	0.0215568	-0.00931777	0.0036859	-0.00908035	0.0290368	-0.000693113	-0.0283186	HG01702	IBS	EUR	female
HG01704	-0.00929355	0.0260341	0.0111274	0.0180521	-0.00561775	-0.00506969	-0.0214661	0.0143118	0.00634485	-0.00570358	HG01704	IBS	EUR	female
HG01705	-0.00944268	0.0266467	0.0115357	0.0194858	-0.00617122	-0.00620037	-0.0223742	0.0139916	0.000147704	-0.000696678	HG01705	IBS	EUR	male
HG01707	-0.00971106	0.0267621	0.011779	0.0192757	-0.00402101	-0.00649371	-0.0212913	0.0108633	-1.3008e-05	0.0051538	HG01707	IBS	EUR	female
HG01708	-0.00966312	0.0262073	0.0104593	0.0179768	-0.00715128	-0.00435694	-0.0202168	0.010114	0.00028298	-0.00201568	HG01708	IBS	EUR	male
HG01709	-0.00934531	0.0264943	0.0111533	0.018673	-0.00749697	-0.00721919	-0.0229395	0.0119596	-0.00160871	-0.00174184	HG01709	IBS	EUR	male
HG01710	-0.00961792	0.0266869	0.0109655	0.0198553	-0.00722415	-0.0032434	-0.019354	0.0114064	0.000750973	-0.00246759	HG01710	IBS	EUR	female
HG01746	-0.0102222	0.0268576	0.0125511	0.0204265	-0.0066148	-0.00631112	-0.0195582	0.0159262	1.49615e-05	-0.0074002	HG01746	IBS	EUR	female
HG01747	-0.0101261	0.0268815	0.011449	0.0183111	-0.00458494	-0.00542	-0.0239919	0.0136509	-0.00384359	-0.000249109	HG01747	IBS	EUR	male
HG01756	-0.00945719	0.0262125	0.0113752	0.0179291	-0.0031427	-0.0144486	-0.0399443	-0.0092478	-0.0158106	0.00513529	HG01756	IBS	EUR	male
HG01757	-0.00915999	0.0261076	0.010087	0.0181797	-0.00471941	-0.0136747	-0.04102	-0.0071149	-0.0124445	0.00622911	HG01757	IBS	EUR	female
HG01761	-0.00972744	0.0272088	0.0104976	0.0187709	-0.00430266	-0.0143598	-0.0387653	-0.00921945	-0.00963078	0.00551423	HG01761	IBS	EUR	male
HG01762	-0.00984999	0.0269808	0.0100362	0.018453	-0.00327269	-0.012956	-0.0337673	-0.0150022	-0.0125302	0.00761758	HG01762	IBS	EUR	female
HG01765	-0.00973918	0.0274013	0.010147	0.0176047	-0.0178978	-0.00867756	-0.0178049	0.00854436	-0.00108899	-0.0520252	HG01765	IBS	EUR	male
HG01766	-0.00926793	0.0262106	0.00952179	0.0178478	-0.0173335	-0.0103622	-0.021021	0.013379	-0.00265015	-0.0515805	HG01766	IBS	EUR	female
HG01767	-0.00938578	0.0266451	0.00980974	0.0188095	-0.0191076	-0.00807058	-0.0251184	0.0099272	-0.00455231	-0.0509631	HG01767	IBS	EUR	male
HG01768	-0.00950354	0.0258405	0.0100533	0.0181208	-0.0169594	-0.00981416	-0.0160274	0.0091984	-0.00279934	-0.055924	HG01768	IBS	EUR	female
HG01770	-0.00972608	0.0270237	0.0118962	0.0173458	-0.00270738	-0.00986924	-0.0342291	-0.00453157	-0.00498078	-0.00134654	HG01770	IBS	EUR	female
HG01771	-0.0102301	0.0274545	0.0118481	0.0184787	-0.00328246	-0.010802	-0.0300331	-0.00647824	-0.00350336	-0.00577034	HG01771	IBS	EUR	male
HG01773	-0.0100821	0.0270128	0.0120734	0.0191648	-0.00316171	-0.00902557	-0.0309158	-0.00010276	-0.00259065	-0.0046717	HG01773	IBS	EUR	female
HG01775	-0.0104277	0.0275672	0.0124739	0.019089	-0.00405243	-0.0088204	-0.026396	-0.00249631	-0.00499691	-0.0101472	HG01775	IBS	EUR	male
HG01776	-0.0106073	0.0268044	0.0110341	0.0192778	-0.0029724	-0.00682751	-0.0271447	-0.00102815	-0.00589612	-0.00331769	HG01776	IBS	EUR	female
HG01777	-0.0102983	0.0271337	0.0118441	0.0192975	-0.00313129	-0.0118894	-0.03278	-0.00681966	-0.00430846	-0.000798761	HG01777	IBS	EUR	male
HG01779	-0.0100377	0.0273968	0.0113783	0.0197128	-0.00375137	-0.00881393	-0.03114	-0.00668058	-0.00447978	-0.00129945	HG01779	IBS	EUR	female
HG01781	-0.0100639	0.0267973	0.0113468	0.019055	-0.00215821	-0.0105387	-0.03105	-0.00378514	-0.0053503	0.00154857	HG01781	IBS	EUR	male
HG01783	-0.00952783	0.0265719	0.0107245	0.0182175	-0.00480793	-0.00861111	-0.0319682	-0.00141396	-0.000933228	-0.00567104	HG01783	IBS	EUR	male
HG01784	-0.00969757	0.026431	0.0111426	0.0187781	-0.00457252	-0.0112655	-0.0344075	-0.00421761	-0.00563899	-0.000766065	HG01784	IBS	EUR	female
HG01785	-0.0103589	0.0274453	0.00940337	0.0169632	-0.00858255	-0.0172994	-0.027702	-0.0121428	-0.010656	-0.0100146	HG01785	IBS	EUR	male
HG01786	-0.01012	0.0268943	0.00896186	0.0167158	-0.0073001	-0.0158964	-0.0317382	-0.0101114	-0.0106758	-0.0065642	HG01786	IBS	EUR	female
HG01789	-0.0109917	0.0270168	0.0114345	0.0176884	-0.00310111	-0.00500667	-0.00473322	-0.0226252	-0.005856	-0.00345152	HG01789	GBR	EUR	male
HG01790	-0.0110522	0.0267819	0.0108447	0.0171538	-0.00233581	-0.00714855	-0.00525846	-0.020057	-0.00513179	-0.00378473	HG01790	GBR	EUR	female
HG01791	-0.0110441	0.0265087	0.0119965	0.0182355	-0.000881417	0.00265309	0.00883768	0.000343475	-0.00216776	0.0066286	HG01791	GBR	EUR	male
HG01794	-0.0159104	-0.0347907	0.00434619	0.0183556	-0.0406099	0.0389278	0.00289895	0.00305418	0.00412354	0.00722574	HG01794	CDX	EAS	female
HG01795	-0.0156642	-0.0337316	0.00348833	0.0172515	-0.0372073	0.0359534	0.0011673	0.00535898	0.00146497	0.00165231	HG01795	CDX	EAS	female
HG01796	-0.0160106	-0.0341996	0.00363579	0.017452	-0.0393618	0.0382383	0.00127331	0.00459606	0.00169161	0.00508626	HG01796	CDX	EAS	female
HG01797	-0.0158126	-0.0338045	0.00363117	0.0169203	-0.0430273	0.0385423	-7.03159e-05	0.002819	0.0034993	0.00262902	HG01797	CDX	EAS	female
HG01798	-0.0157889	-0.0342232	0.00662412	0.0143453	-0.00972112	0.0114068	0.00861511	0.0124096	0.00428679	-0.0113975	HG01798	CDX	EAS	female
HG01799	-0.0161686	-0.0343802	0.00371645	0.017065	-0.0385592	0.0374925	0.00246842	0.00662196	-2.93189e-05	0.00420933	HG01799	CDX	EAS	female
HG01800	-0.015772	-0.0345646	0.00469443	0.0168181	-0.039341	0.0357199	-0.000283517	0.00523815	0.000194708	0.00369305	HG01800	CDX	EAS	female
HG01801	-0.0155496	-0.0338251	0.00390613	0.0178581	-0.0425903	0.0392075	0.00187718	0.00216783	0.00211338	0.00236226	HG01801	CDX	EAS	female
HG01802	-0.0154826	-0.0342019	0.0044774	0.0166542	-0.0357548	0.033304	0.00349693	0.0074181	0.00370867	0.00253194	HG01802	CDX	EAS	female
HG01804	-0.0159519	-0.0342944	0.00459555	0.0171231	-0.0367193	0.0367163	0.00339274	0.00575553	0.00387789	0.00805161	HG01804	CDX	EAS	female
HG01805	-0.0157704	-0.034527	0.00433364	0.0182782	-0.03947	0.0363982	0.000282296	0.00471269	0.00365544	0.00832081	HG01805	CDX	EAS	female
HG01806	-0.0154958	-0.0345496	0.0043934	0.0185332	-0.0377447	0.0375081	0.00124941	0.00674965	0.00288051	0.00779727	HG01806	CDX	EAS	female
HG01807	-0.0157979	-0.034249	0.00421569	0.0175706	-0.0407711	0.039666	0.00255155	0.00708328	0.00465648	0.00601016	HG01807	CDX	EAS	female
HG01808	-0.015754	-0.0342905	0.0044193	0.0181063	-0.034822	0.0365566	0.00261193	0.00508238	0.00401215	0.00119144	HG01808	CDX	EAS	female
HG01809	-0.0158533	-0.0342348	0.00443906	0.0184801	-0.0391378	0.0398683	0.00215731	0.00680842	0.00400989	0.00709088	HG01809	CDX	EAS	female
HG01810	-0.0158113	-0.0340226	0.00450782	0.0175193	-0.0383901	0.0382722	0.00273028	0.00614002	0.00385821	0.00527625	HG01810	CDX	EAS	male
HG01811	-0.0159811	-0.0342334	0.00425145	0.0178347	-0.0413748	0.0388205	-0.000576922	0.00587552	0.00191099	0.00540804	HG01811	CDX	EAS	male
HG01812	-0.0159685	-0.0344296	0.00382266	0.0174181	-0.0379209	0.0378717	0.000568875	0.00537788	0.001387	0.00573087	HG01812	CDX	EAS	female
HG01813	-0.0156395	-0.0339846	0.00421291	0.0171429	-0.0360156	0.0352748	0.00187526	0.00721751	0.00160975	0.000606937	HG01813	CDX	EAS	female
HG01815	-0.0158052	-0.0338807	0.00417085	0.0175018	-0.0381133	0.038866	0.00204573	0.00695182	0.00181103	0.00610606	HG01815	CDX	EAS	female
HG01816	-0.0158864	-0.0344836	0.00422738	0.0184513	-0.0390221	0.0382623	0.00153287	0.00685394	0.00166266	0.00795948	HG01816	CDX	EAS	male
HG01817	-0.0157854	-0.0342516	0.00294313	0.018559	-0.0380592	0.0392762	0.00091215	0.00521262	0.00479912	0.00447875	HG01817	CDX	EAS	female
HG01840	-0.0156683	-0.0336133	0.00313646	0.0165251	-0.0250428	0.0302415	0.00716638	0.0178048	0.00562699	0.00521468	HG01840	KHV	EAS	male
HG01841	-0.0158662	-0.0331124	0.00435406	0.0175733	-0.0303721	0.0327779	0.00370592	0.0109595	0.00466921	0.0108568	HG01841	KHV	EAS	female
HG01842	-0.0156784	-0.0329481	0.00411607	0.017734	-0.0311123	0.03296	0.00462453	0.0090154	0.00440545	0.00903079	HG01842	KHV	EAS	male
HG01843	-0.0159491	-0.0332111	0.00362694	0.0179183	-0.0308929	0.0319354	0.00252637	0.0108289	0.00727055	0.00567691	HG01843	KHV	EAS	female
HG01844	-0.015636	-0.0335697	0.00401031	0.016931	-0.0284718	0.0329199	0.00591485	0.0133102	0.00579473	0.00746545	HG01844	KHV	EAS	male
HG01845	-0.0156779	-0.0333284	0.00375403	0.0167013	-0.0304167	0.0320122	0.00788144	0.00987711	0.00324999	0.00429443	HG01845	KHV	EAS	female
HG01846	-0.0155876	-0.0328792	0.00263512	0.0170126	-0.0296424	0.0330651	0.00815391	0.0113689	0.00426589	0.0030295	HG01846	KHV	EAS	male
HG01847	-0.0157251	-0.032989	0.00352947	0.0161803	-0.0317266	0.0370459	0.0071984	0.00889261	0.00409225	0.00696162	HG01847	KHV	EAS	female
HG01848	-0.015577	-0.0336194	0.00360368	0.016193	-0.0276449	0.0307394	0.0104188	0.010572	0.00412354	0.00513895	HG01848	KHV	EAS	female
HG01849	-0.0157662	-0.0329648	0.00311783	0.0172411	-0.0325718	0.034162	0.00682614	0.0128773	0.00543471	0.00453832	HG01849	KHV	EAS	male
HG01850	-0.0157889	-0.0331151	0.00480572	0.0159514	-0.028198	0.0316996	0.00735404	0.0110125	0.00470705	0.00508361	HG01850	KHV	EAS	female
HG01851	-0.01582	-0.0338224	0.00514499	0.0169406	-0.0320083	0.0349225	0.00507655	0.0112183	0.00335778	0.00447467	HG01851	KHV	EAS	female
HG01852	-0.0157772	-0.0331212	0.00305328	0.0172039	-0.0288934	0.0327192	0.00773837	0.0117956	0.0058458	0.0106718	HG01852	KHV	EAS	male
HG01853	-0.0159162	-0.0335091	0.00342542	0.0165555	-0.031066	0.0350246	0.00600784	0.0127004	0.00530455	0.00837445	HG01853	KHV	EAS	female
HG01855	-0.0156868	-0.0329439	0.00306541	0.0166456	-0.0274856	0.0314146	0.00428076	0.0106187	0.00271063	0.00256414	HG01855	KHV	EAS	female
HG01857	-0.0158331	-0.0335866	0.00398133	0.0166572	-0.0280006	0.0318566	0.00599602	0.00987457	0.00518432	0.00550426	HG01857	KHV	EAS	female
HG01858	-0.015759	-0.033628	0.0034376	0.0178078	-0.0304613	0.0336046	0.00378043	0.00799319	0.00608311	0.00150954	HG01858	KHV	EAS	female
HG01859	-0.0156947	-0.0336147	0.00495854	0.0170673	-0.0315112	0.0300784	0.00408071	0.00565255	0.0031426	0.00203398	HG01859	KHV	EAS	female
HG01860	-0.0157328	-0.0339657	0.0031261	0.0153718	-0.0357978	0.0325099	-0.00527742	-0.00238703	0.000713905	0.00131577	HG01860	KHV	EAS	male
HG01861	-0.0156598	-0.0330104	0.00353697	0.015841	-0.0295903	0.0269438	0.000902927	0.00159817	0.0021473	-0.0052706	HG01861	KHV	EAS	male
HG01862	-0.0155237	-0.0329859	0.00164676	0.0148605	-0.0243068	0.0134381	-0.0159638	-0.0161157	-0.00102061	0.0229938	HG01862	KHV	EAS	female
HG01863	-0.0156491	-0.0333041	0.00287161	0.0129425	-0.0255257	0.0140959	-0.0161548	-0.0174168	-0.0039096	0.0239935	HG01863	KHV	EAS	female
HG01864	-0.0153356	-0.0331307	0.00171285	0.0145935	-0.0259649	0.0133888	-0.0169477	-0.01468	-0.00437325	0.0220448	HG01864	KHV	EAS	male
HG01865	-0.0154821	-0.0328875	0.00210641	0.0148491	-0.0276922	0.0134784	-0.0208815	-0.0216525	-0.00366205	0.0332671	HG01865	KHV	EAS	male
HG01866	-0.0154199	-0.0323272	0.00170683	0.013561	-0.0274802	0.0192871	-0.0129324	-0.0142133	-0.00182994	0.0228923	HG01866	KHV	EAS	male
HG01867	-0.0153697	-0.0327838	0.00186177	0.0132558	-0.0277715	0.0141261	-0.0182903	-0.0162779	-0.00359501	0.0250149	HG01867	KHV	EAS	male
HG01868	-0.0156112	-0.0331187	0.00170408	0.0145534	-0.0300374	0.0178246	-0.0180254	-0.0164944	-0.00357724	0.0223297	HG01868	KHV	EAS	female
HG01869	-0.0156293	-0.033321	0.00283066	0.01489	-0.0298248	0.0163632	-0.017111	-0.0199543	-0.00202094	0.0258427	HG01869	KHV	EAS	female
HG01870	-0.0152358	-0.0327108	0.0026509	0.012553	-0.0264483	0.00956018	-0.0325838	-0.0378348	-0.0139245	0.0295836	HG01870	KHV	EAS	female
HG01871	-0.0151616	-0.0331459	0.000910026	0.0127232	-0.0257322	0.00839879	-0.0301784	-0.0395796	-0.0158768	0.0290067	HG01871	KHV	EAS	female
HG01872	-0.0152837	-0.0326314	0.00177924	0.0116012	-0.0194058	0.00356086	-0.0283802	-0.039768	-0.011924	0.0286501	HG01872	KHV	EAS	male
HG01873	-0.015203	-0.0328197	0.00212817	0.0124758	-0.0251025	0.00467273	-0.0348923	-0.0415709	-0.013185	0.0332475	HG01873	KHV	EAS	male
HG01874	-0.0150442	-0.0324312	0.00131339	0.0121944	-0.0249076	0.00691917	-0.0325422	-0.0399065	-0.0136022	0.0282417	HG01874	KHV	EAS	female
HG01878	-0.0152056	-0.0324148	0.00162311	0.012547	-0.0243035	0.00777088	-0.0306466	-0.0387488	-0.0137005	0.0293254	HG01878	KHV	EAS	female
HG01879	0.0273751	-0.000809151	0.00401522	0.00497325	0.00101326	0.0226629	0.0252651	0.0331942	-0.00810923	-0.00204217	HG01879	ACB	AFR	male
HG01880	0.0136588	-0.00154706	-0.0104359	-0.000893376	0.00526583	0.0289157	0.0269134	0.03489	-0.00633032	-0.00568344	HG01880	ACB	AFR	female
HG01882	0.0331455	-0.00387822	0.0024958	0.00317903	0.00275294	0.0229824	0.0180087	0.0258206	-0.0113089	-0.0111117	HG01882	ACB	AFR	male
HG01883	0.0282642	-0.000733052	0.00290262	0.00548601	-0.000650367	0.0201992	0.0180465	0.0208635	-0.016749	-0.0169347	HG01883	ACB	AFR	female
HG01885	0.0322656	-0.0023975	0.00209034	0.0018207	0.00344555	0.00778346	0.00796615	0.0123623	-0.0129755	0.0109266	HG01885	ACB	AFR	male
HG01886	0.0300669	-0.000821028	0.00197852	0.000160219	0.00496487	0.000472567	-0.0110931	-0.0135137	-0.0246191	0.0142382	HG01886	ACB	AFR	female
HG01889	0.033741	-0.00342828	0.00189225	0.00119296	0.00665816	0.00370227	-0.00529749	-0.00975569	-0.018264	0.0110542	HG01889	ACB	AFR	female
HG01890	0.0293319	-0.00063045	0.00218014	0.00234303	0.00511432	0.00366152	-0.00603617	-0.0117102	-0.0202867	0.0128226	HG01890	ACB	AFR	male
HG01892	-0.0115519	-0.00422395	0.0401513	-0.0651288	-0.00546067	0.0243	0.0272104	0.0266478	0.00719911	-0.0175741	HG01892	PEL	AMR	male
HG01893	-0.00837058	6.69796e-05	0.0346322	-0.0482345	-0.00383669	0.0244901	0.0187361	0.033092	0.0101735	-0.02197	HG01893	PEL	AMR	female
HG01894	0.0307497	-0.00173548	0.00156507	0.00282465	0.00492829	0.00403424	8.81816e-05	-0.00598161	-0.0236636	0.00979603	HG01894	ACB	AFR	female
HG01896	0.0333309	-0.00416599	0.00293408	0.00343485	0.00763311	0.0273015	0.0269085	0.035399	-0.00936382	-0.00417302	HG01896	ACB	AFR	female
HG01912	0.0307557	-0.00117624	0.00102752	0.00176492	0.00659999	0.00831722	-0.00357513	-0.00949011	-0.0219491	0.00885066	HG01912	ACB	AFR	male
HG01914	0.0278191	-0.000151747	0.00448672	0.00431559	0.00316289	0.0237215	0.023848	0.0369419	-0.0058074	-0.00828621	HG01914	ACB	AFR	male
HG01915	0.031259	-0.00271263	0.00294537	0.004583	0.00243311	0.0213853	0.0270467	0.0382279	-0.0102069	-0.00179175	HG01915	ACB	AFR	female
HG01917	-0.0145496	-0.0076921	0.0464233	-0.0823392	-0.008835	0.0251649	0.0315492	0.0194255	0.00976122	-0.0138923	HG01917	PEL	AMR	male
HG01918	-0.0146686	-0.00413079	0.0424064	-0.0708445	-0.00802437	0.0232276	0.0282883	0.0243815	0.00809993	-0.0210665	HG01918	PEL	AMR	female
HG01920	-0.0159655	-0.0121654	0.0516683	-0.0964211	-0.00800916	0.0275718	0.0340844	0.0179002	0.00950262	-0.0169291	HG01920	PEL	AMR	male
HG01921	-0.01474	-0.00398305	0.0417342	-0.066772	-0.00565721	0.0218358	0.0261003	0.0270658	0.00732652	-0.0169978	HG01921	PEL	AMR	female
HG01923	-0.0155657	-0.0110554	0.0491984	-0.0911597	-0.0093149	0.0228806	0.0273107	0.00770832	0.00521111	-0.0205039	HG01923	PEL	AMR	male
HG01924	-0.00966265	-0.00786515	0.0375683	-0.0619769	-0.00756304	0.0215783	0.0256979	0.0165655	0.00498602	-0.0228336	HG01924	PEL	AMR	female
HG01926	-0.0160638	-0.01275	0.0499199	-0.0985641	-0.00538172	0.00973327	0.0136822	-0.00546159	0.00436663	0.003538	HG01926	PEL	AMR	male
HG01927	-0.0157918	-0.00985191	0.0476256	-0.0921641	-0.00448449	0.00926097	0.0168554	-0.00482453	0.0030629	-0.000696622	HG01927	PEL	AMR	female
HG01932	-0.0146727	-0.00364387	0.0414756	-0.0769607	-0.00301212	0.00618429	0.0039691	-0.00695696	0.00129657	0.00946273	HG01932	PEL	AMR	male
HG01933	-0.00979961	-0.00430515	0.0340679	-0.0583622	-0.00445902	0.00838836	0.00586996	0.00124	0.00306386	0.000734194	HG01933	PEL	AMR	female
HG01935	-0.0140805	-0.00215555	0.04007	-0.0689644	-0.00807878	0.009682	0.00954066	0.000343424	0.00345358	-0.00431603	HG01935	PEL	AMR	male
HG01936	-0.0124775	-0.000140936	0.0352033	-0.0591674	-0.00474828	0.00440793	0.0036969	0.000683627	0.00226169	0.00243883	HG01936	PEL	AMR	female
HG01938	-0.0158465	-0.0123689	0.0488549	-0.0978778	-0.00216621	0.00432555	0.0116038	-0.0101744	0.00202451	0.0111971	HG01938	PEL	AMR	male
HG01939	-0.0138263	-0.00379095	0.0411255	-0.0743358	-0.00320208	0.00614667	0.00499522	-0.00829464	0.00296158	0.00641479	HG01939	PEL	AMR	female
HG01941	-0.0122103	-0.00761719	0.0409954	-0.0767943	-0.00227088	0.00387045	0.00478342	-0.00664697	-0.000953809	0.0130171	HG01941	PEL	AMR	male
HG01942	-0.0145332	-0.00628998	0.0435906	-0.081638	-0.00216332	0.00444809	0.00244578	-0.00787888	0.00306368	0.0110343	HG01942	PEL	AMR	female
HG01944	-0.0145644	-0.016474	0.0283656	-0.0434128	-0.00561263	0.00167428	-0.00645511	-0.00954388	0.000648067	0.0143925	HG01944	PEL	AMR	male
HG01945	-0.0143115	-0.00379848	0.0408062	-0.07368	-0.00175248	0.00163924	0.00243767	-0.00833436	-0.00191668	0.0143327	HG01945	PEL	AMR	female
HG01947	-0.0124094	0.000761638	0.0334209	-0.0534333	-0.00518873	0.0023781	-0.000226671	0.00474115	0.000710867	0.00304855	HG01947	PEL	AMR	male
HG01948	-0.00643128	-0.00786099	0.0334173	-0.0618631	-0.0016257	0.00448354	-0.00149244	-0.00797143	-0.00233223	0.0169185	HG01948	PEL	AMR	female
HG01950	-0.0126225	-0.00888044	0.0431088	-0.0813187	-0.00455129	0.00693537	0.00854341	-0.000335054	0.00388446	0.0033975	HG01950	PEL	AMR	male
HG01951	-0.0147776	-0.0116483	0.0458227	-0.0937928	-0.00272964	0.00823927	0.0128399	-0.000380285	0.00142584	0.00717509	HG01951	PEL	AMR	female
HG01953	-0.0145329	-0.00851048	0.0455464	-0.0888721	-0.00348782	0.00137103	-0.00456482	-0.0269892	-0.00912426	0.00747154	HG01953	PEL	AMR	male
HG01954	-0.015053	-0.00914624	0.046009	-0.090812	-0.00367611	0.00272376	-0.00239356	-0.0291824	-0.0073274	0.0118673	HG01954	PEL	AMR	female
HG01956	0.0317347	-0.00167696	0.00227686	0.00212153	0.00690135	0.0104956	0.00460188	0.00685652	-0.0160971	0.0106301	HG01956	ACB	AFR	female
HG01958	0.0282465	-0.000688016	0.00439523	0.00483765	0.00331351	0.0277058	0.0252167	0.0348215	-0.00898854	-0.00631068	HG01958	ACB	AFR	female
HG01961	-0.0158896	-0.0119107	0.0474859	-0.099939	-0.00942186	-0.00107326	0.00671043	-0.024252	-0.00434597	-0.00744487	HG01961	PEL	AMR	male
HG01965	-0.0097268	5.49756e-05	0.0300045	-0.0544549	-0.0106383	-0.00758468	-0.00832501	-0.0180518	-0.00532527	-0.0137008	HG01965	PEL	AMR	female
HG01967	-0.0131023	0.00155246	0.0355121	-0.0587424	-0.00249387	-0.00196796	-0.0140692	-0.0210546	-0.011284	0.00781315	HG01967	PEL	AMR	male
HG01968	-0.0153825	-0.0114517	0.0474496	-0.0946494	-0.000856033	-0.000151976	-0.00202526	-0.0259654	-0.0086099	0.00834977	HG01968	PEL	AMR	female
HG01970	-0.013479	0.000610301	0.0359193	-0.0599689	-0.00209104	-0.00380759	-0.0092681	-0.0234587	-0.00842266	0.00930535	HG01970	PEL	AMR	male
HG01971	-0.00588774	-0.00101677	0.0310544	-0.051216	-0.000570405	-0.00483717	-0.0080704	-0.0165194	-0.0135436	0.0108709	HG01971	PEL	AMR	female
HG01973	-0.0130298	-0.00614805	0.0421269	-0.0791913	-0.00147467	0.000476178	-0.00532586	-0.0243731	-0.00775938	0.0104929	HG01973	PEL	AMR	female
HG01974	-0.0150648	-0.0112842	0.046743	-0.094135	-0.00143844	0.0018594	-0.000468188	-0.0254989	-0.00814451	0.0107862	HG01974	PEL	AMR	male
HG01976	-0.0132999	-0.000248681	0.0373564	-0.064112	-0.00336622	-0.0015501	-0.0114654	-0.0217845	-0.00663951	0.0102581	HG01976	PEL	AMR	female
HG01977	-0.0143136	-0.00415311	0.041458	-0.0763231	-0.00404962	-0.000145494	-0.0082182	-0.0175494	-0.00901565	0.0100717	HG01977	PEL	AMR	male
HG01979	-0.0136984	-0.00141576	0.0376658	-0.066655	-0.00441986	-0.000175397	-0.00310894	-0.0185697	-0.00239456	0.00134244	HG01979	PEL	AMR	male
HG01980	-0.0125318	-0.00251735	0.0383411	-0.0695703	-0.00327533	0.00102773	-0.0109301	-0.0200998	-0.00193236	0.0071319	HG01980	PEL	AMR	female
HG01982	-0.0147975	-0.00475477	0.0427586	-0.0715141	-0.00582225	0.0242675	0.0279948	0.0231433	0.0090809	-0.0189715	HG01982	PEL	AMR	male
HG01985	0.0311506	-0.00233819	0.00390571	0.00401973	-0.000534	0.0185648	0.0247589	0.0316667	-0.00413398	-0.00615303	HG01985	ACB	AFR	female
HG01986	0.0288887	-0.000652216	0.00416072	0.00391822	-0.000600896	0.0196815	0.01558	0.024099	-0.0160911	-0.0173492	HG01986	ACB	AFR	male
HG01988	0.0147633	0.00986893	0.00474767	0.0078008	0.00463388	-0.00110596	-0.00177736	-0.0078461	-0.0137622	0.00146735	HG01988	ACB	AFR	male
HG01989	0.0281241	0.000142216	0.00282442	0.00211179	0.00496102	0.00291796	-0.0025551	-0.00125566	-0.0193686	0.00810508	HG01989	ACB	AFR	female
HG01990	0.0312752	-0.0031988	0.00342293	0.00448174	-0.00406019	0.0201698	0.0234062	0.0315751	-0.0135547	-0.0152379	HG01990	ACB	AFR	male
HG01991	-0.013515	-0.00294848	0.0392617	-0.0698209	-0.00474161	0.00117394	-0.00655845	-0.0207334	-0.00468256	0.0054835	HG01991	PEL	AMR	male
HG01992	-0.0152516	-0.00874781	0.0450796	-0.0881268	-0.00159482	0.00404476	-0.00169246	-0.0234134	-0.00335906	0.00784908	HG01992	PEL	AMR	female
HG01997	-0.015136	-0.00805514	0.0442183	-0.0854409	-0.000646911	0.00374918	0.00408389	-0.0168009	0.00107794	0.00752659	HG01997	PEL	AMR	female
HG02002	-0.014307	-0.00460904	0.039738	-0.0741804	8.3263e-05	-0.000952472	-0.00722329	-0.0215357	-0.00540615	0.00908323	HG02002	PEL	AMR	male
HG02003	-0.0143686	-0.00632339	0.0435303	-0.080376	-0.00363383	0.00407303	-0.00514863	-0.0225162	-0.00265029	0.00902973	HG02003	PEL	AMR	female
HG02006	0.00523832	0.00198759	0.0189134	-0.0276055	-0.0139269	0.00358818	0.00291296	0.00105114	-0.004035	-0.0473144	HG02006	PEL	AMR	female
HG02008	-0.0145465	-0.00701998	0.042598	-0.0805443	-0.00256174	0.00385091	0.000553654	-0.0179585	-0.00132038	0.0105805	HG02008	PEL	AMR	male
HG02009	0.0282546	0.000355682	0.00299145	0.00207709	0.00538859	0.000304009	-0.00608355	-0.0127005	-0.0252436	0.0148013	HG02009	ACB	AFR	male
HG02010	0.0278881	0.000382215	0.00221792	0.00312243	0.00417207	0.00144087	-0.0069023	-0.0103918	-0.0206143	0.015804	HG02010	ACB	AFR	female
HG02012	0.031533	-0.00250621	0.00333342	0.00385048	0.000143348	0.0210935	0.024515	0.0295453	-0.00817254	-0.0154549	HG02012	ACB	AFR	female
HG02013	0.0331814	-0.00410322	0.00283465	0.00348227	0.00621803	0.0260926	0.024235	0.0307413	-0.0121893	-0.00891323	HG02013	ACB	AFR	male
HG02014	0.0292822	-0.000481534	0.0020532	0.00192795	0.00303475	-0.0013296	-0.00754528	-0.0121289	-0.0246644	0.0188984	HG02014	ACB	AFR	male
HG02016	-0.0153416	-0.0294547	-0.00182759	0.0103413	-0.0265153	0.0162454	-0.025079	-0.0338889	-0.00558526	0.0237307	HG02016	KHV	EAS	female
HG02017	-0.0153809	-0.0325604	0.00071751	0.0133812	-0.0262952	0.0124507	-0.0236482	-0.0315647	-0.00538716	0.017238	HG02017	KHV	EAS	male
HG02019	-0.0156988	-0.0326456	0.00162099	0.0135773	-0.0241859	0.0108452	-0.0237236	-0.0304792	-0.00728563	0.0178542	HG02019	KHV	EAS	female
HG02020	-0.0152752	-0.0323916	0.00178345	0.0137847	-0.0274775	0.0124329	-0.0250512	-0.032931	-0.00658181	0.0191548	HG02020	KHV	EAS	male
HG02023	-0.0155552	-0.032744	0.00271771	0.0134061	-0.0306581	0.0174946	-0.0175116	-0.0152048	-0.00147098	0.0244449	HG02023	KHV	EAS	male
HG02025	-0.0154035	-0.0329735	0.0027458	0.0138239	-0.0269998	0.011252	-0.0247462	-0.0267149	-0.00504107	0.0285831	HG02025	KHV	EAS	female
HG02026	-0.0153317	-0.0334924	0.00189217	0.0139889	-0.0280629	0.00952757	-0.0243565	-0.0317501	-0.00681986	0.0254658	HG02026	KHV	EAS	male
HG02028	-0.0153927	-0.0326746	0.00276176	0.01605	-0.0261954	0.0189032	-0.0160462	-0.0161985	-0.00212528	0.0220444	HG02028	KHV	EAS	female
HG02029	-0.0156127	-0.0347569	0.00380879	0.013824	-0.0147957	0.00491324	-0.0183004	-0.0197793	-0.00616518	0.0212884	HG02029	KHV	EAS	male
HG02031	-0.015623	-0.0340925	0.0039205	0.0155018	-0.0296386	0.0288406	-0.000657739	0.00204363	0.000869547	-0.00609064	HG02031	KHV	EAS	female
HG02032	-0.0157824	-0.0337929	0.00525141	0.0162572	-0.0239525	0.0206598	0.00412544	0.00685828	0.00230287	-0.0088013	HG02032	KHV	EAS	male
HG02035	-0.0153232	-0.0328388	0.00176418	0.0137629	-0.0266779	0.00940422	-0.0274828	-0.0338965	-0.00641772	0.0178129	HG02035	KHV	EAS	male
HG02040	-0.0156165	-0.0322475	0.00140697	0.0136059	-0.0273598	0.00967507	-0.0218935	-0.0282559	-0.00650585	0.0204717	HG02040	KHV	EAS	male
HG02047	-0.0156761	-0.0326022	0.000907094	0.0135324	-0.0299215	0.0110317	-0.0231049	-0.0317301	-0.00632007	0.0222576	HG02047	KHV	EAS	male
HG02048	-0.0152251	-0.0324507	0.00173049	0.0133973	-0.0273557	0.00851744	-0.0326238	-0.0394388	-0.0145703	0.0338315	HG02048	KHV	EAS	female
HG02049	-0.0151602	-0.0330805	0.00203495	0.0119289	-0.0299908	0.0114765	-0.0309067	-0.0390922	-0.0134688	0.03074	HG02049	KHV	EAS	female
HG02050	-0.0157976	-0.0335196	0.00346639	0.0163625	-0.0331266	0.0305456	0.00191751	0.00128523	0.000693254	-0.00346413	HG02050	KHV	EAS	male
HG02051	0.0334383	-0.00393155	0.00300849	0.00297662	0.00237474	0.0244503	0.0250436	0.0326843	-0.00730332	-0.0108312	HG02051	ACB	AFR	male
HG02052	0.0338672	-0.00337913	0.00160596	0.000785291	0.00648105	0.00717584	-0.000406007	0.000582782	-0.0211174	0.00821154	HG02052	ACB	AFR	female
HG02053	0.0315911	-0.00308179	0.00297911	0.00386583	0.000143686	0.0259745	0.0253176	0.0277503	-0.00583789	-0.0140104	HG02053	ACB	AFR	male
HG02054	0.029014	-0.000480905	0.00211838	0.00286607	0.00483585	0.00686979	-0.00184905	-0.00469096	-0.0191056	0.00430133	HG02054	ACB	AFR	female
HG02057	-0.0149096	-0.0330424	0.00204382	0.0122759	-0.0240211	0.00623041	-0.0300535	-0.0372951	-0.0139356	0.0312546	HG02057	KHV	EAS	female
HG02058	-0.0149068	-0.0314209	0.000410048	0.0111216	-0.0256302	0.00888695	-0.0277273	-0.0362349	-0.0125699	0.0310127	HG02058	KHV	EAS	male
HG02060	-0.0157606	-0.0330609	0.00344354	0.0165234	-0.0314963	0.0308338	0.00390841	0.00411764	0.00306939	0.00585836	HG02060	KHV	EAS	female
HG02061	-0.0157138	-0.0326544	0.00352604	0.0157483	-0.0302158	0.0306273	0.00437632	0.00608616	0.00355214	0.00231226	HG02061	KHV	EAS	male
HG02064	-0.0156167	-0.0333457	0.00460769	0.0156828	-0.03108	0.0317757	0.00198404	0.0062873	0.00445007	0.00649787	HG02064	KHV	EAS	male
HG02067	-0.0156361	-0.0333331	0.00326286	0.0168841	-0.0300095	0.032584	0.00250571	0.00452135	0.00295678	0.00611026	HG02067	KHV	EAS	male
HG02069	-0.0152223	-0.0322869	0.00110632	0.0121598	-0.0245669	0.00845688	-0.0288531	-0.0381594	-0.0125841	0.034991	HG02069	KHV	EAS	female
HG02070	-0.0153188	-0.0325247	0.00164917	0.0132924	-0.0237287	0.00748181	-0.0310845	-0.0393775	-0.0162006	0.0337361	HG02070	KHV	EAS	male
HG02072	-0.0152087	-0.0323637	0.00138528	0.0120575	-0.0256901	0.00890096	-0.0286455	-0.0394446	-0.0140598	0.0340383	HG02072	KHV	EAS	female
HG02073	-0.0153657	-0.0333172	0.00184309	0.0130972	-0.0245074	0.0084971	-0.0314945	-0.0375064	-0.0144371	0.0300034	HG02073	KHV	EAS	male
HG02075	-0.0152337	-0.0327839	0.000936833	0.0140085	-0.0261439	0.00798674	-0.0289362	-0.0362222	-0.00751033	0.0284898	HG02075	KHV	EAS	female
HG02076	-0.0153916	-0.0332707	0.00223377	0.0135403	-0.0271325	0.0113986	-0.0291663	-0.0382576	-0.00999609	0.0276733	HG02076	KHV	EAS	male
HG02078	-0.0155533	-0.0331463	0.00164625	0.0142441	-0.0308133	0.0145912	-0.0318906	-0.0380576	-0.00830788	0.0286985	HG02078	KHV	EAS	female
HG02079	-0.0150061	-0.0333273	0.00188951	0.0147493	-0.0283286	0.010457	-0.029114	-0.0358086	-0.00808503	0.022619	HG02079	KHV	EAS	male
HG02081	-0.0155727	-0.0328551	0.00151011	0.0129206	-0.0244095	0.011864	-0.0295235	-0.0402369	-0.0109478	0.0303703	HG02081	KHV	EAS	female
HG02082	-0.0154598	-0.0331458	0.00268576	0.0125666	-0.0132433	0.000954684	-0.0279925	-0.0362696	-0.0093377	0.0231855	HG02082	KHV	EAS	male
HG02084	-0.0154387	-0.0329722	0.00164689	0.0120586	-0.0244233	0.00944769	-0.0316215	-0.0389962	-0.00842112	0.0288308	HG02084	KHV	EAS	female
HG02085	-0.0155572	-0.0325469	0.00151015	0.0131966	-0.0270461	0.0115494	-0.0303608	-0.0378398	-0.0139407	0.0298795	HG02085	KHV	EAS	male
HG02086	-0.0153937	-0.0324136	0.00123574	0.0127173	-0.027114	0.0119726	-0.0280309	-0.0386033	-0.0117573	0.0275949	HG02086	KHV	EAS	female
HG02087	-0.0152986	-0.0331237	0.00106413	0.014358	-0.0240226	0.012168	-0.0251579	-0.0387316	-0.00869426	0.0297485	HG02087	KHV	EAS	female
HG02088	-0.0154367	-0.0334263	0.00185668	0.0137694	-0.0266599	0.0134579	-0.0296638	-0.0389994	-0.0105588	0.0267484	HG02088	KHV	EAS	male
HG02089	-0.0132323	0.000337757	0.036322	-0.0609644	-0.00236675	-0.00123528	-0.0090967	-0.0216737	-0.00708038	0.0105438	HG02089	PEL	AMR	female
HG02090	-0.00781109	0.000592015	0.0318818	-0.0523883	-0.00119051	0.000221875	-0.0119882	-0.0171094	-0.0039214	0.00534459	HG02090	PEL	AMR	male
HG02095	0.0321884	-0.00278582	0.00115787	0.00170154	0.00564956	0.00487801	0.00165589	-0.00096101	-0.0261036	0.00658847	HG02095	ACB	AFR	female
HG02102	-0.0143061	-0.00664785	0.0407294	-0.0803325	-0.0158861	0.00217962	0.0153316	-0.00388764	0.00146439	-0.0475613	HG02102	PEL	AMR	female
HG02104	-0.014882	-0.00875684	0.0447	-0.0882824	-0.00179571	0.00320894	-0.00486747	-0.0246089	-0.0045828	0.00851202	HG02104	PEL	AMR	male
HG02105	-0.01577	-0.0103124	0.0464659	-0.092327	-0.00180261	0.00436607	0.00123883	-0.0258603	-0.00748954	0.00914404	HG02105	PEL	AMR	female
HG02107	0.0339623	-0.00371419	0.00103913	0.00124387	0.00295733	0.00145204	0.00143073	-0.00072194	-0.0200409	0.0127196	HG02107	ACB	AFR	male
HG02108	0.027782	0.000618834	0.0024131	0.00289815	0.00106067	0.00466328	0.00160201	0.00142549	-0.0116269	0.00974424	HG02108	ACB	AFR	female
HG02111	0.0314914	-0.00240313	0.00177817	0.00252708	0.00868048	0.00651563	-0.00328538	-0.00524025	-0.0234894	0.0129358	HG02111	ACB	AFR	female
HG02113	-0.015417	-0.032896	0.00158572	0.0130112	-0.0242546	0.0100461	-0.0322445	-0.040872	-0.011282	0.0279039	HG02113	KHV	EAS	female
HG02116	-0.015554	-0.0320501	0.00166891	0.0135919	-0.0288175	0.0128179	-0.0229149	-0.025968	-0.0043462	0.021824	HG02116	KHV	EAS	male
HG02121	-0.0153895	-0.0322653	0.00168492	0.0134079	-0.0265049	0.0111187	-0.0287703	-0.031951	-0.00559119	0.0295383	HG02121	KHV	EAS	female
HG02122	-0.0155421	-0.0332323	0.00254745	0.0137792	-0.0100233	-0.0013329	-0.0216163	-0.0285318	-0.00444503	0.0186851	HG02122	KHV	EAS	male
HG02127	-0.0155002	-0.0331909	0.00319054	0.0136594	-0.0270639	0.0106839	-0.0289982	-0.0354675	-0.00815544	0.0266714	HG02127	KHV	EAS	female
HG02128	-0.0154953	-0.0322408	0.00147381	0.013536	-0.0263693	0.0132494	-0.0274816	-0.0348081	-0.00450249	0.0257143	HG02128	KHV	EAS	male
HG02130	-0.0159235	-0.0330675	0.00295882	0.016054	-0.0294279	0.033825	0.00217169	0.00801069	0.00319659	0.00664665	HG02130	KHV	EAS	female
HG02131	-0.0150479	-0.0299004	0.000303115	0.0138644	-0.0302045	0.0343214	0.0040089	0.00638199	0.00388292	0.0117875	HG02131	KHV	EAS	male
HG02133	-0.0155445	-0.0330235	0.00220849	0.0164301	-0.0291243	0.0336852	0.00367513	0.0074915	0.00375778	0.00820383	HG02133	KHV	EAS	female
HG02134	-0.0157084	-0.0336514	0.00467698	0.0177732	-0.0303937	0.031938	0.0019567	0.00620332	0.00407846	0.00627595	HG02134	KHV	EAS	male
HG02136	-0.0152917	-0.0325177	0.00193529	0.0154871	-0.0280585	0.0317162	0.00456506	0.0078998	0.00601911	0.0052717	HG02136	KHV	EAS	female
HG02137	-0.0158981	-0.0336868	0.00366282	0.0165374	-0.0298921	0.031946	0.00359341	0.00867655	0.00456429	0.00400015	HG02137	KHV	EAS	male
HG02138	-0.0155108	-0.0329049	0.0011915	0.0131724	-0.0256926	0.0115468	-0.0307555	-0.0422041	-0.0130364	0.0311858	HG02138	KHV	EAS	male
HG02139	-0.0155277	-0.0327432	0.00179247	0.0130522	-0.0259064	0.0122582	-0.0301417	-0.038293	-0.0117426	0.0286248	HG02139	KHV	EAS	female
HG02140	-0.0153895	-0.0327641	0.00205512	0.0129469	-0.0233778	0.00852769	-0.0316738	-0.0372317	-0.0114883	0.0272103	HG02140	KHV	EAS	female
HG02141	-0.015538	-0.0325694	0.00177547	0.0132037	-0.0232677	0.0073223	-0.029453	-0.0397449	-0.0108964	0.0321733	HG02141	KHV	EAS	male
HG02142	-0.0152009	-0.0277548	0.00394196	0.0157957	-0.0205955	0.015049	-0.0101326	-0.00502563	0.000468541	0.0303423	HG02142	KHV	EAS	female
HG02143	0.0265242	0.000912001	0.00184976	0.00356669	0.00352941	0.00724654	0.00262581	-0.000342419	-0.0169706	0.00673636	HG02143	ACB	AFR	male
HG02144	0.0322027	-0.00254219	0.00181556	0.00140857	0.00247616	0.00542316	0.00489595	0.00164582	-0.0160403	0.00733728	HG02144	ACB	AFR	female
HG02146	-0.0153099	-0.00832685	0.0476144	-0.0839359	-0.00454252	0.0239565	0.0335432	0.0253422	0.00909734	-0.0119497	HG02146	PEL	AMR	male
HG02147	-0.0155331	-0.00980925	0.048703	-0.0871642	-0.00616308	0.0236045	0.0356056	0.0242768	0.0107262	-0.0111768	HG02147	PEL	AMR	female
HG02150	-0.0155577	-0.0104789	0.0454038	-0.0957081	-0.0165182	0.00550818	0.020048	-0.00573853	0.00106897	-0.0435344	HG02150	PEL	AMR	male
HG02151	-0.0155291	-0.0339836	0.00380654	0.0169292	-0.0413556	0.0372315	0.000122693	-0.000535212	0.00118615	0.00119739	HG02151	CDX	EAS	female
HG02152	-0.0156799	-0.0333163	0.00293461	0.0145957	-0.0385905	0.0229057	-0.0271989	-0.0342192	-0.00755293	0.0192039	HG02152	CDX	EAS	female
HG02153	-0.0156094	-0.0328731	0.000955635	0.0140266	-0.0320046	0.0183783	-0.0228703	-0.0312008	-0.00759747	0.0216771	HG02153	CDX	EAS	female
HG02154	-0.0155716	-0.033554	0.00277267	0.0147835	-0.0334571	0.0164685	-0.0302235	-0.0374691	-0.0101434	0.0258159	HG02154	CDX	EAS	female
HG02155	-0.0154642	-0.0339395	0.00322998	0.0152031	-0.0337989	0.0179639	-0.0264197	-0.0336823	-0.011716	0.021669	HG02155	CDX	EAS	female
HG02156	-0.0157626	-0.0334456	0.00156921	0.0149484	-0.0362644	0.0189647	-0.0245894	-0.0324631	-0.00601059	0.0203267	HG02156	CDX	EAS	female
HG02164	-0.0154017	-0.0331245	0.00106853	0.0143139	-0.0321642	0.0165727	-0.0219375	-0.0307188	-0.00774343	0.019414	HG02164	CDX	EAS	female
HG02165	-0.0158045	-0.0327745	0.00222828	0.0147558	-0.0273901	0.0139827	-0.0227249	-0.0330537	-0.00805216	0.0174174	HG02165	CDX	EAS	female
HG02166	-0.0155934	-0.0340612	0.0020924	0.0144658	-0.0380467	0.0177054	-0.0262091	-0.0354052	-0.00814999	0.0218568	HG02166	CDX	EAS	female
HG02178	-0.0156567	-0.0340454	0.00143938	0.0160184	-0.0372895	0.0200811	-0.0260432	-0.0319659	-0.00854664	0.0198794	HG02178	CDX	EAS	female
HG02179	-0.0155017	-0.0329455	0.00148166	0.0135004	-0.0300625	0.0157761	-0.0268192	-0.0338935	-0.00842341	0.0218234	HG02179	CDX	EAS	female
HG02180	-0.0157383	-0.0343207	0.001849	0.0159112	-0.0320288	0.0182229	-0.0266101	-0.032398	-0.00972015	0.0195238	HG02180	CDX	EAS	female
HG02181	-0.0154718	-0.0337259	0.00175965	0.0154143	-0.0356549	0.0214999	-0.0267265	-0.0320036	-0.00804013	0.0205802	HG02181	CDX	EAS	female
HG02182	-0.0156625	-0.0334087	0.00269177	0.0152283	-0.0349167	0.0205657	-0.0243936	-0.0318497	-0.00840394	0.0154785	HG02182	CDX	EAS	female
HG02184	-0.0158471	-0.0335394	0.00302459	0.0154133	-0.036569	0.0186975	-0.0254647	-0.0334297	-0.00944635	0.0188794	HG02184	CDX	EAS	female
HG02185	-0.0156612	-0.0334923	0.00305979	0.0154366	-0.0329784	0.0160459	-0.0249465	-0.0309327	-0.0073454	0.01712	HG02185	CDX	EAS	female
HG02186	-0.01541	-0.0333549	0.00210961	0.0142191	-0.0375845	0.01873	-0.0265193	-0.0311323	-0.0106002	0.0189862	HG02186	CDX	EAS	female
HG02187	-0.0155927	-0.0339542	0.00289869	0.0148036	-0.036473	0.0239659	-0.0243925	-0.0319132	-0.00754078	0.0223459	HG02187	CDX	EAS	female
HG02188	-0.0155825	-0.0336083	0.00249709	0.0153401	-0.0383298	0.0233447	-0.0237896	-0.0335279	-0.00630374	0.0187567	HG02188	CDX	EAS	female
HG02190	-0.015594	-0.0332284	0.00236277	0.0154663	-0.0344445	0.018916	-0.0248686	-0.0283697	-0.00586654	0.0210466	HG02190	CDX	EAS	female
HG02215	-0.0111904	0.0270312	0.0138166	0.0206256	-0.00665023	0.0146442	0.0268089	0.0146141	0.00703239	-0.0126958	HG02215	GBR	EUR	female
HG02219	-0.0100014	0.0268938	0.010061	0.0168341	-0.00874521	-0.0185635	-0.0362785	-0.00772003	-0.0105714	-0.0116354	HG02219	IBS	EUR	male
HG02220	-0.0104003	0.0269918	0.0106488	0.0184434	-0.0030674	-0.00592247	-0.0240561	-0.00467324	-0.00468664	-0.00618035	HG02220	IBS	EUR	female
HG02221	-0.00996584	0.027086	0.0123915	0.0197124	-0.00207062	-0.00849626	-0.0286416	-0.00160888	-0.00310075	-0.00496006	HG02221	IBS	EUR	male
HG02223	-0.010272	0.0269629	0.010772	0.0190041	-0.00514773	-0.00825872	-0.0226887	-0.000265355	-0.00573391	-0.00314476	HG02223	IBS	EUR	female
HG02224	-0.0108041	0.0268929	0.0113659	0.0192013	-0.00340428	-0.00720846	-0.0219234	-0.0049586	-0.00558273	-0.00588879	HG02224	IBS	EUR	male
HG02230	-0.01038	0.0270976	0.01094	0.0189899	-0.00488045	-0.00852997	-0.0238952	-0.00214679	-0.00686968	-0.0040688	HG02230	IBS	EUR	female
HG02231	-0.0104661	0.0272179	0.010558	0.0178178	-0.00341448	-0.00939299	-0.0228698	-0.00341782	-0.00247889	-0.00205777	HG02231	IBS	EUR	male
HG02232	-0.00978638	0.0264071	0.013444	0.0214464	-0.00735263	0.0135802	0.00177298	0.0454412	0.0100397	-0.024107	HG02232	IBS	EUR	female
HG02233	-0.00982506	0.0261596	0.0132974	0.0203068	-0.0047221	0.0100364	-0.000487295	0.0433031	0.00777933	-0.0209397	HG02233	IBS	EUR	male
HG02235	-0.0101062	0.0263531	0.0101281	0.0178989	-0.00398132	-0.00951353	-0.0311757	0.000774572	-0.00430205	-0.00454459	HG02235	IBS	EUR	female
HG02236	-0.00995037	0.0270224	0.0108222	0.0182011	-0.00528232	-0.00551032	-0.0268134	-0.00286132	-0.00271805	-0.00576111	HG02236	IBS	EUR	male
HG02238	-0.00973347	0.026417	0.0138848	0.0218933	-0.00795779	0.00989033	-0.000568948	0.0432083	0.00912685	-0.0179973	HG02238	IBS	EUR	male
HG02239	-0.00967092	0.0253358	0.0104201	0.0194486	-0.00705125	0.0119326	0.000724284	0.0470465	0.00836039	-0.0196157	HG02239	IBS	EUR	female
HG02250	-0.0157093	-0.0335362	0.00395392	0.0172989	-0.0425284	0.0373012	-0.00148754	0.00313848	0.00145584	-0.000996051	HG02250	CDX	EAS	male
HG02252	-0.0127909	0.000477122	0.0325439	-0.0603684	-0.0105495	-0.00876405	-0.0101371	-0.019097	-0.00815856	-0.0165072	HG02252	PEL	AMR	female
HG02253	-0.0127189	0.0050116	0.0294987	-0.0494033	-0.0111048	-0.010757	-0.0120294	-0.0121229	-0.00433605	-0.0209229	HG02253	PEL	AMR	male
HG02255	0.0316553	-0.00293059	0.0011367	0.00247224	0.00737242	0.00711197	0.00177578	-0.0030949	-0.0201174	0.00126233	HG02255	ACB	AFR	male
HG02256	0.0249091	0.00127994	0.0044218	0.00089423	0.00577007	0.0066724	0.000434111	-0.00593712	-0.0211809	0.000842286	HG02256	ACB	AFR	female
HG02259	-0.0158651	-0.0124988	0.0499758	-0.0945262	-0.00997564	0.0243792	0.0320573	0.0122346	0.0058529	-0.0206748	HG02259	PEL	AMR	male
HG02260	-0.0150819	-0.00689796	0.0443472	-0.0763209	-0.00992899	0.0200247	0.0243286	0.0189626	0.0090908	-0.0267132	HG02260	PEL	AMR	female
HG02262	-0.0143803	-0.0048214	0.0403411	-0.0753841	-0.01982	0.00607012	0.0119415	0.000950976	0.00109829	-0.049185	HG02262	PEL	AMR	male
HG02265	-0.0155396	-0.00966027	0.0455875	-0.0946942	-0.0113974	-0.000972343	0.00625942	-0.018738	-0.00555933	-0.0121151	HG02265	PEL	AMR	male
HG02266	-0.0153647	-0.0102101	0.0443388	-0.0895913	-0.00735046	-0.00550738	0.00237366	-0.0175148	-0.00458649	-0.00777454	HG02266	PEL	AMR	female
HG02271	-0.0156857	-0.0123403	0.0504544	-0.0950235	-0.0109935	0.0252016	0.0329644	0.0129662	0.0062901	-0.0216873	HG02271	PEL	AMR	male
HG02272	-0.0160726	-0.0128358	0.0507205	-0.103896	-0.00116794	0.00868951	0.00601936	-0.0297442	-0.00487066	0.00719485	HG02272	PEL	AMR	female
HG02274	-0.00210431	-0.0047498	0.0284763	-0.059973	-0.0087297	-0.00390267	-0.00340718	-0.0209238	-0.0123349	-0.00553137	HG02274	PEL	AMR	male
HG02275	-0.015583	-0.0103086	0.045627	-0.0966029	-0.013295	-0.00221295	0.0014931	-0.0248781	-0.00552281	-0.00873453	HG02275	PEL	AMR	female
HG02277	-0.0140487	-0.000245501	0.036457	-0.0624162	-0.00368916	0.000335253	-0.0127911	-0.0188282	-0.00576798	0.00547736	HG02277	PEL	AMR	male
HG02278	-0.0149286	-0.00927687	0.0451605	-0.0894037	-0.000996534	0.00468647	-0.000769206	-0.0230797	-0.00305413	0.00859787	HG02278	PEL	AMR	female
HG02281	0.0333509	-0.00305395	0.00107185	0.00125178	0.00723316	0.00786234	-0.00403602	-0.00589851	-0.0260947	0.0126295	HG02281	ACB	AFR	male
HG02282	0.0264426	0.00155065	0.00232878	0.00374839	0.00267659	0.000905894	-0.00557793	-0.0144977	-0.0212187	0.0114317	HG02282	ACB	AFR	female
HG02283	0.0255904	0.0019268	0.00320334	0.00294507	0.00325824	0.00226183	-0.00279331	-0.0057299	-0.0169937	0.0104818	HG02283	ACB	AFR	male
HG02284	0.0278156	0.000551687	0.00166233	0.00331805	0.00476998	0.000522083	-0.0008471	-0.00365851	-0.0130386	0.0135353	HG02284	ACB	AFR	male
HG02285	-0.0140867	-0.00450077	0.0407935	-0.0755908	-0.000502987	0.00280341	-0.00489728	-0.0238984	-0.00382397	0.0104316	HG02285	PEL	AMR	male
HG02286	-0.0141244	-0.00262479	0.0395349	-0.0706573	-0.00303683	0.00111644	-0.00637596	-0.0206816	-0.0018553	0.00249888	HG02286	PEL	AMR	female
HG02291	-0.0157042	-0.0110649	0.0480316	-0.0957572	0.00116644	0.00735156	0.00472103	-0.0208382	-0.00261394	0.00873192	HG02291	PEL	AMR	male
HG02292	-0.0153772	-0.00684485	0.044674	-0.0849575	0.000249441	0.00403731	0.00271156	-0.0198591	-0.00445042	0.00779423	HG02292	PEL	AMR	female
HG02298	-0.0131766	0.0017998	0.0351464	-0.0544442	1.79043e-05	-0.000149007	-0.00491045	-0.0149138	-0.00135699	0.012123	HG02298	PEL	AMR	female
HG02299	-0.0150183	-0.00735275	0.0449567	-0.084702	0.000104346	0.00323099	0.00158243	-0.0195885	-0.00112721	0.0111725	HG02299	PEL	AMR	male
HG02301	-0.0144552	-0.00567067	0.0421729	-0.0820983	-0.00113591	0.00289326	-0.00304157	-0.0256169	-0.00709123	0.00935439	HG02301	PEL	AMR	female
HG02304	-0.012156	-0.00603808	0.0372901	-0.0731112	-0.0157114	0.00174741	0.0104254	-0.0026467	-0.00145761	-0.0423374	HG02304	PEL	AMR	male
HG02307	0.0320757	-0.00283022	0.00119542	0.000568375	-0.000148314	0.00379864	0.00527503	0.00589385	-0.0144336	0.0129399	HG02307	ACB	AFR	male
HG02308	0.0297597	-0.00100738	0.00145604	0.00206079	0.00317044	0.00883937	-0.000378434	0.00249921	-0.0216167	0.00550528	HG02308	ACB	AFR	female
HG02309	0.030465	-0.000919005	0.00207096	0.00202583	0.00665684	0.0066379	0.000242359	0.00411035	-0.017244	0.00709862	HG02309	ACB	AFR	female
HG02312	-0.013443	0.00172774	0.0326995	-0.0551777	-0.0162403	0.00190863	0.00511031	0.00267726	-0.00179409	-0.0455452	HG02312	PEL	AMR	female
HG02314	0.031973	-0.00215334	0.00162551	0.00130967	0.00703911	0.00687903	0.0015736	-0.000219286	-0.0231964	0.00786233	HG02314	ACB	AFR	male
HG02315	0.0290869	-0.000467987	0.00197059	0.00168281	0.00294668	0.00539402	0.000784844	-0.00145792	-0.0201733	0.0112394	HG02315	ACB	AFR	female
HG02317	0.0324924	-0.002868	0.00111827	0.00213198	0.00583964	0.00411875	-0.00500834	-0.0110788	-0.0242251	0.0170348	HG02317	ACB	AFR	male
HG02318	0.0326636	-0.00329056	0.000563639	0.00181267	0.00944261	0.0091133	-0.00774639	-0.0102541	-0.0310886	0.0106313	HG02318	ACB	AFR	female
HG02322	0.0293309	-0.000673522	0.00149945	0.00255865	0.00359279	0.00821482	0.00588427	-0.000321502	-0.0168984	0.00614868	HG02322	ACB	AFR	female
HG02323	0.0319642	-0.00248484	0.00115258	0.00255828	0.00222115	0.0055326	0.00226649	0.00282318	-0.0210337	0.00716676	HG02323	ACB	AFR	male
HG02325	0.0334728	-0.00389602	0.00115284	0.000667146	0.00592405	0.00804439	0.0015417	0.00214277	-0.0165186	0.0101467	HG02325	ACB	AFR	female
HG02330	0.0301271	-0.0013468	0.00237313	0.00195838	0.00451519	0.00538333	0.00242886	0.00255526	-0.0167768	0.00461663	HG02330	ACB	AFR	male
HG02332	0.0310436	-0.00125667	0.0021271	0.00219104	0.00101191	0.00147421	0.000193137	-0.0022659	-0.0192232	0.00867233	HG02332	ACB	AFR	male
HG02334	0.0240879	0.00280207	0.00292928	0.00410318	0.00358142	0.00637902	0.00318365	-0.000387553	-0.0187705	0.00481511	HG02334	ACB	AFR	male
HG02337	0.0292452	-0.000645202	0.0021985	0.00283876	0.00476164	0.00910354	0.000969751	0.00200547	-0.0173162	0.00443497	HG02337	ACB	AFR	female
HG02339	0.0343264	-0.00381182	0.00116013	0.00149022	0.00389138	0.00837223	0.00298074	0.00550119	-0.0178803	0.00386447	HG02339	ACB	AFR	female
HG02343	0.024756	0.00238005	0.00384815	0.00418791	0.00330179	0.00528034	0.000931052	0.00145029	-0.0187055	0.012222	HG02343	ACB	AFR	male
HG02345	-0.0101752	5.04328e-05	0.0254669	-0.0379542	-0.00976359	-0.00735115	-0.0138816	-0.0231946	-0.00988108	-0.00779883	HG02345	PEL	AMR	female
HG02348	-0.0143376	-0.00617786	0.041187	-0.0808467	-0.0157957	0.0076138	0.0152236	-0.00627112	0.00119427	-0.041313	HG02348	PEL	AMR	female
HG02351	-0.0157557	-0.0336971	0.00356815	0.0170124	-0.0383763	0.0366638	0.0010189	-0.000693494	0.00199271	0.00477438	HG02351	CDX	EAS	male
HG02353	-0.0156065	-0.0343559	0.00328705	0.0178069	-0.0434808	0.0417107	-0.00141536	0.00247201	0.00239012	-0.00173353	HG02353	CDX	EAS	male
HG02355	-0.0160291	-0.0340507	0.00317231	0.0177223	-0.0380302	0.0378242	0.000108844	0.00210347	0.00202119	0.00232238	HG02355	CDX	EAS	male
HG02356	-0.015886	-0.0339905	0.00446408	0.01769	-0.0374456	0.0382074	0.00293464	0.00334192	0.0030579	0.0091536	HG02356	CDX	EAS	male
HG02360	-0.0156758	-0.0340582	0.00450248	0.0178366	-0.0379628	0.037199	0.00162807	0.00962415	0.00179924	0.0064321	HG02360	CDX	EAS	male
HG02364	-0.0155238	-0.0347325	0.00436782	0.0174706	-0.0421665	0.041557	0.00409348	0.00732367	0.00143814	0.00814849	HG02364	CDX	EAS	male
HG02367	-0.0158246	-0.0339918	0.00354738	0.0175901	-0.0391613	0.0401195	0.00221246	0.00668828	0.0036111	0.00874738	HG02367	CDX	EAS	male
HG02371	-0.0160108	-0.0342818	0.00478293	0.0180766	-0.0390658	0.0404108	0.00247305	0.0078081	0.00386583	0.00839843	HG02371	CDX	EAS	male
HG02373	-0.0156081	-0.0338815	0.004167	0.0173939	-0.0379471	0.0396442	0.00575239	0.00957408	0.00243666	0.00837093	HG02373	CDX	EAS	male
HG02374	-0.0158578	-0.0335495	0.00462611	0.0184959	-0.0383308	0.0388945	0.00188186	0.00750027	0.00325248	0.00395386	HG02374	CDX	EAS	male
HG02375	-0.0158033	-0.0343977	0.00458202	0.0189102	-0.0399341	0.0430443	0.0044091	0.00857695	0.00509529	0.0106122	HG02375	CDX	EAS	male
HG02379	-0.0159101	-0.0335798	0.00371086	0.0180314	-0.0387495	0.0425012	0.00746603	0.00843604	0.00401525	0.00284652	HG02379	CDX	EAS	male
HG02380	-0.0158192	-0.0343791	0.00539514	0.0176551	-0.0434391	0.0408245	0.00222572	0.00627242	0.0043849	0.00631699	HG02380	CDX	EAS	male
HG02382	-0.0158109	-0.0341962	0.00360965	0.0183364	-0.0382149	0.0404972	0.00378718	0.0112459	0.00338622	0.00765027	HG02382	CDX	EAS	male
HG02383	-0.0158183	-0.0340665	0.00431942	0.0164494	-0.041459	0.0418735	0.0031358	0.00967992	0.00492577	0.00937373	HG02383	CDX	EAS	male
HG02384	-0.0158876	-0.0341564	0.00433948	0.0190142	-0.0392645	0.0388532	0.00113148	0.00322664	0.0011974	0.00709512	HG02384	CDX	EAS	male
HG02385	-0.0159157	-0.0341567	0.00469641	0.0184909	-0.0402793	0.0384705	-0.000714897	0.00506192	0.000789045	0.006968	HG02385	CDX	EAS	male
HG02386	-0.0160173	-0.0332318	0.0035265	0.0170424	-0.0350654	0.0350411	0.00585671	0.00754285	0.00404037	-0.000243675	HG02386	CDX	EAS	male
HG02389	-0.0160028	-0.034496	0.00381432	0.0169688	-0.0391819	0.0376129	-0.000555096	0.00436103	0.00272977	0.00469871	HG02389	CDX	EAS	male
HG02390	-0.0157235	-0.0339948	0.00381443	0.0169739	-0.0392496	0.0369093	-0.00242612	-0.00107969	0.000844033	0.000102819	HG02390	CDX	EAS	male
HG02391	-0.0158694	-0.0339912	0.00368225	0.0179975	-0.0406773	0.0375952	-0.00186747	0.00203452	0.00314189	-0.000629567	HG02391	CDX	EAS	male
HG02392	-0.016028	-0.0341444	0.00424595	0.0168095	-0.0378442	0.0363002	-0.000308484	0.00179522	0.000802903	0.00579685	HG02392	CDX	EAS	male
HG02394	-0.0154403	-0.0336879	0.00421671	0.0174816	-0.0416548	0.0405345	-0.00188922	0.00425782	0.0021324	0.00652897	HG02394	CDX	EAS	male
HG02395	-0.015789	-0.0341241	0.00353382	0.0172255	-0.0376657	0.034962	0.00123276	0.00282536	0.000938951	0.0102618	HG02395	CDX	EAS	male
HG02396	-0.015908	-0.0345792	0.00391956	0.0175436	-0.0398322	0.0374289	-0.00158591	0.0018435	0.000665322	0.00665075	HG02396	CDX	EAS	male
HG02397	-0.0158661	-0.0337669	0.00400536	0.0173837	-0.0359618	0.0352157	0.00113623	0.0051106	0.0022168	0.00354046	HG02397	CDX	EAS	male
HG02398	-0.0157326	-0.0339133	0.00429283	0.0169295	-0.0403482	0.0368278	-0.00168232	0.00399209	0.00131175	0.00363177	HG02398	CDX	EAS	male
HG02399	-0.0156955	-0.0339624	0.00319865	0.0180977	-0.041523	0.0381915	-0.00167159	8.16845e-05	-0.000766847	0.00110704	HG02399	CDX	EAS	male
HG02401	-0.0157294	-0.0343192	0.00485125	0.0167239	-0.0396864	0.0336407	-0.00312902	0.00148149	0.00182221	0.00267961	HG02401	CDX	EAS	male
HG02402	-0.0157099	-0.0337423	0.00442657	0.016447	-0.0421198	0.03852	-0.00252739	-0.000574488	0.00132414	0.00312666	HG02402	CDX	EAS	male
HG02406	-0.0158361	-0.0344162	0.00397479	0.0174975	-0.0403585	0.034886	-0.00174264	-0.00202128	-0.000559657	0.00347369	HG02406	CDX	EAS	male
HG02407	-0.0156438	-0.0340764	0.0030472	0.0175525	-0.0400428	0.0361446	-0.00229476	-0.00218522	0.00131742	0.0023491	HG02407	CDX	EAS	male
HG02408	-0.0154086	-0.0333675	0.000366391	0.0140688	-0.0466245	0.0122836	-0.0239814	-0.0343397	-0.010337	0.00952821	HG02408	CDX	EAS	male
HG02409	-0.0159056	-0.0340617	0.00362159	0.0171112	-0.0403559	0.0377315	-0.00247151	-0.00247711	0.00249088	0.00396157	HG02409	CDX	EAS	male
HG02410	-0.0154855	-0.0333485	0.00010637	0.0139036	-0.0428297	0.00760306	-0.023353	-0.0372578	-0.00981851	0.0082687	HG02410	CDX	EAS	male
HG02419	0.0323059	-0.00323789	0.00151341	0.00119406	0.00365478	0.00863751	-0.000466948	-0.000878017	-0.0182581	0.011009	HG02419	ACB	AFR	female
HG02420	0.0157898	0.0087845	0.00478655	0.00909426	0.00256042	0.00154734	0.000856865	0.00303593	-0.0101552	0.00351851	HG02420	ACB	AFR	male
HG02425	-0.0107963	0.0027784	0.0300106	-0.0498802	-0.0107369	-0.00952268	-0.00663145	-0.0102395	-0.00403422	-0.0186007	HG02425	PEL	AMR	female
HG02427	0.0308811	-0.00172381	0.00180592	0.00219564	0.00289161	0.000377583	0.00143742	-0.00139519	-0.0187851	0.0126389	HG02427	ACB	AFR	female
HG02429	0.030958	-0.0016672	0.00212702	0.00186496	0.00542067	0.00570087	-0.00426741	-0.00567181	-0.0305846	0.016766	HG02429	ACB	AFR	male
HG02433	0.0290639	-0.00130824	0.00109625	0.00262805	0.00535552	0.00341418	0.000477993	-0.00509996	-0.0193675	0.0102202	HG02433	ACB	AFR	male
HG02439	0.0325314	-0.00309396	-0.000169876	-0.000464091	-0.00414737	-0.00753854	-0.00505887	-0.00880011	-0.0249087	-0.0120977	HG02439	ACB	AFR	male
HG02442	0.0336775	-0.00401664	0.000920905	0.00128828	0.00496607	0.00745616	0.000738707	0.000150656	-0.0251383	0.0105492	HG02442	ACB	AFR	male
HG02445	0.0270438	0.000545113	0.00263243	0.00336208	0.00211439	0.00253364	-0.00170807	8.79745e-05	-0.0172521	0.00597506	HG02445	ACB	AFR	male
HG02449	0.0326323	-0.00252878	0.00237069	0.000744752	0.0109189	0.00659893	-0.00395706	-0.00457286	-0.0258412	0.0181672	HG02449	ACB	AFR	male
HG02450	0.0312316	-0.00203	0.00245236	0.00208918	0.00903099	0.00779184	0.00470204	0.00820614	-0.0169519	0.0294754	HG02450	ACB	AFR	female
HG02455	0.0285486	-0.000132417	0.000225589	0.00111492	-0.00248769	-0.00506031	-0.00354566	-0.0152186	-0.0218529	-0.01638	HG02455	ACB	AFR	male
HG02461	0.0343186	-0.00383117	-0.000911454	-0.000430356	-0.0409216	-0.0462578	0.0155079	0.00773514	0.0502136	0.0142201	HG02461	GWD	AFR	male
HG02462	0.033071	-0.00254641	-0.000419047	0.000256716	-0.039689	-0.0464896	0.0101417	0.00721669	0.0492971	0.0156715	HG02462	GWD	AFR	female
HG02464	0.035006	-0.00433619	-0.000796519	2.14737e-05	-0.0370457	-0.043515	0.0160729	0.00254245	0.045538	0.0142988	HG02464	GWD	AFR	male
HG02465	0.0345954	-0.00410922	-0.00174498	-0.00031366	-0.0356347	-0.0431394	0.0122784	0.00494123	0.0436834	0.0158198	HG02465	GWD	AFR	female
HG02470	0.03195	-0.00253998	0.00130792	0.00105082	0.0116326	0.00619685	-0.00307113	-0.0031137	-0.024322	0.0231686	HG02470	ACB	AFR	male
HG02471	0.0318534	-0.00267759	0.00258872	0.00147657	0.00936343	0.00572178	-0.00501962	-0.0100606	-0.0266099	0.0224535	HG02471	ACB	AFR	female
HG02476	0.0275767	0.000422112	0.000326857	0.00147149	-0.00379715	-0.00787472	-0.00364849	-0.0150752	-0.0265448	-0.0112552	HG02476	ACB	AFR	female
HG02477	0.0288876	3.35037e-05	0.00125149	0.000993528	-0.0037656	-0.00719487	-0.00520263	-0.0116062	-0.022772	-0.011422	HG02477	ACB	AFR	female
HG02479	0.0307549	-0.001447	0.00251251	0.0016201	0.00814514	0.0045788	-0.00671694	-0.0139248	-0.0361571	0.0217938	HG02479	ACB	AFR	female
HG02481	0.0308163	-0.00208365	0.000141646	0.00117081	-0.00455195	-0.00692786	-0.00159191	-0.0103955	-0.0273627	-0.00686707	HG02481	ACB	AFR	male
HG02484	0.0305848	-0.00145477	0.00183596	0.00183761	0.00789194	0.00193484	-0.00605326	-0.0136543	-0.0261083	0.0169425	HG02484	ACB	AFR	male
HG02485	0.0234651	0.0037279	0.00316513	0.00467774	0.00861229	0.00337027	-0.00772835	-0.0159625	-0.0209766	0.0167534	HG02485	ACB	AFR	female
HG02489	0.0290504	-0.000915012	0.00259942	0.00254946	0.0141735	0.0102883	-0.000345304	-0.000295214	-0.0236882	0.0199859	HG02489	ACB	AFR	male
HG02490	-0.0106116	0.0123763	-0.0272069	-0.00790627	-0.00418045	-0.00890333	-0.00170432	-0.00447847	1.1673e-05	0.00584815	HG02490	PJL	SAS	male
HG02491	-0.0104663	0.0109834	-0.0299142	-0.00942882	-0.00237522	-0.00529314	-0.00312139	0.000588011	-0.00281534	0.00384599	HG02491	PJL	SAS	female
HG02493	-0.0101972	0.0118409	-0.0280815	-0.00847139	-0.00783031	0.00613952	0.00882803	0.00977678	6.59762e-06	-0.0382308	HG02493	PJL	SAS	male
HG02494	-0.0106345	0.012579	-0.0237334	-0.00643167	-0.0076201	0.00450953	0.00904718	0.00479012	-0.00053555	-0.0379713	HG02494	PJL	SAS	female
HG02496	0.0314489	-0.00211669	0.00200973	0.00106673	0.00703848	0.00507538	-0.00701717	-0.0127026	-0.0315312	0.0181517	HG02496	ACB	AFR	male
HG02497	0.0323453	-0.00296576	0.00190031	-0.000709288	0.00944518	0.0040074	-0.00929338	-0.0126069	-0.0228706	0.0192682	HG02497	ACB	AFR	female
HG02501	0.0248266	0.0024924	0.00141099	0.00180795	1.91073e-05	-0.00399812	-0.00802116	-0.014709	-0.0265995	-0.00144287	HG02501	ACB	AFR	male
HG02502	0.0268682	0.000573295	0.00138195	0.0022586	-0.00257478	-0.00758926	-0.0028148	-0.0142134	-0.0276771	0.000306057	HG02502	ACB	AFR	female
HG02505	0.0305391	-0.0013177	0.000369328	-0.000157046	-0.000598155	-0.00271029	-0.00613832	-0.0110344	-0.0273737	0.00301822	HG02505	ACB	AFR	female
HG02508	0.0316619	-0.00275802	0.00141017	0.00119428	0.00682137	0.00411712	-0.00813869	-0.0118234	-0.0237521	0.0164837	HG02508	ACB	AFR	female
HG02511	0.0323825	-0.00317672	0.00171365	0.00180964	0.00972998	0.0069352	-0.00829999	-0.0113301	-0.024595	0.020384	HG02511	ACB	AFR	female
HG02512	-0.0155172	-0.033086	0.0014526	0.0128065	-0.0282685	0.012799	-0.0205883	-0.0217798	-0.00260382	0.020503	HG02512	KHV	EAS	male
HG02513	-0.0155427	-0.0334803	0.00229794	0.015231	-0.035622	0.0156008	-0.0242267	-0.0257387	-0.00617948	0.0192122	HG02513	KHV	EAS	female
HG02521	-0.0154672	-0.032675	0.00159612	0.0129802	-0.0294848	0.0133654	-0.0204589	-0.0226817	-0.00431012	0.0218295	HG02521	KHV	EAS	male
HG02522	-0.0151616	-0.0326409	0.001224	0.0130292	-0.0275549	0.012441	-0.0248015	-0.0314531	-0.00698843	0.0227445	HG02522	KHV	EAS	female
HG02536	0.0266061	0.00168694	0.00168794	0.00201771	4.35418e-05	-0.00467135	-0.00603968	-0.00956607	-0.0275998	-0.00129157	HG02536	ACB	AFR	male
HG02537	0.0329474	-0.0034498	0.000631784	0.00194154	0.00236174	0.00715551	0.000477839	-0.00289089	-0.0202887	-0.00615118	HG02537	ACB	AFR	female
HG02541	0.0264251	0.00106736	0.00110417	0.00305572	-0.00792564	0.00753088	0.00800302	0.00280911	-0.0156244	-0.0440516	HG02541	ACB	AFR	male
HG02545	0.031194	-0.00176942	-0.000546198	0.000362807	-0.0038287	-0.00145056	-0.00473486	-0.012289	-0.0311489	-0.00707197	HG02545	ACB	AFR	male
HG02546	0.0314731	-0.00186166	-0.000760218	-0.000687138	-0.00181487	-0.00599911	-0.00330123	-0.0127225	-0.028706	-0.0100451	HG02546	ACB	AFR	female
HG02549	0.0339723	-0.00355457	-0.000459781	0.000131426	-0.00699433	0.00670788	0.0108892	0.00619041	-0.0262446	-0.0398682	HG02549	ACB	AFR	female
HG02554	0.0296897	-0.00150703	7.21391e-05	0.00111058	-0.00645455	0.00826002	0.0084725	0.00316941	-0.016538	-0.0421633	HG02554	ACB	AFR	male
HG02555	0.0303103	-0.00163393	0.000472661	0.00122957	-0.00449913	0.00695325	0.00996521	0.00343894	-0.019458	-0.0418206	HG02555	ACB	AFR	female
HG02557	0.0320025	-0.00272688	-0.000494934	0.000359929	-0.00115904	-0.00400382	0.000282804	-0.0116733	-0.0266699	-0.00686159	HG02557	ACB	AFR	male
HG02558	0.0305207	-0.00125687	0.000768004	0.000133521	-0.00280292	-0.00870917	-0.00588364	-0.0109487	-0.0262305	-0.00414015	HG02558	ACB	AFR	female
HG02561	0.0332573	-0.00332091	-0.00013664	0.000493109	-0.0337965	-0.0382162	0.0107031	0.00615097	0.0453547	0.00965735	HG02561	GWD	AFR	male
HG02562	0.0347448	-0.00405977	-0.00095803	-0.000839506	-0.0293834	-0.0398133	0.00945939	-0.00190858	0.032084	0.0167439	HG02562	GWD	AFR	female
HG02568	0.0332435	-0.00376586	-0.000212887	0.000238295	-0.0397301	-0.0322125	0.0208025	0.0118168	0.0380551	-0.0250012	HG02568	GWD	AFR	female
HG02570	0.0344157	-0.00391328	-0.00122917	-0.000183969	-0.0347767	-0.0391575	0.0142191	0.00475334	0.0304359	0.0150366	HG02570	GWD	AFR	male
HG02571	0.034541	-0.00395827	-0.000974929	-9.73803e-05	-0.0350409	-0.040798	0.0118667	0.00373421	0.0385744	0.0143955	HG02571	GWD	AFR	female
HG02573	0.0338493	-0.00352653	-0.00154558	-0.000624906	-0.0364907	-0.0436637	0.0106912	0.00692713	0.0426074	0.0174276	HG02573	GWD	AFR	male
HG02574	0.0332345	-0.00279867	-0.000449338	0.000507415	-0.0352297	-0.0411191	0.00835385	0.00568561	0.0405652	0.0188298	HG02574	GWD	AFR	female
HG02577	0.0257784	0.00215325	0.00142272	0.00282488	-0.00533374	-0.00838357	-0.00630599	-0.0161083	-0.0229495	-0.0078249	HG02577	ACB	AFR	female
HG02580	0.0282922	-0.000462239	0.00133497	0.00326354	-0.00913098	0.00301802	0.0100449	0.0070811	-0.0192775	-0.0419618	HG02580	ACB	AFR	female
HG02582	0.0340487	-0.00363302	-0.000720476	-0.000855851	-0.0369692	-0.0448284	0.0160273	0.00537709	0.0418349	0.0175987	HG02582	GWD	AFR	male
HG02583	0.0346646	-0.00401219	-0.00146085	-0.000471165	-0.0364267	-0.043833	0.0113618	0.00261984	0.0397782	0.0141192	HG02583	GWD	AFR	female
HG02585	0.0347336	-0.0037813	-0.00101185	-0.000780084	-0.0395817	-0.0467519	0.0117617	0.00333633	0.0526508	0.0223476	HG02585	GWD	AFR	male
HG02586	0.0343865	-0.00387047	-0.00175703	-0.00047771	-0.0377692	-0.0453526	0.00885244	0.00096443	0.0423156	0.0278308	HG02586	GWD	AFR	female
HG02588	0.034069	-0.00364413	-0.000754614	-7.72739e-05	-0.0370182	-0.0395434	0.013615	0.00683115	0.0423645	0.0181885	HG02588	GWD	AFR	male
HG02589	0.0339261	-0.00366567	-0.000640719	-0.000582017	-0.0383774	-0.040436	0.0142915	0.0130698	0.041156	0.0169399	HG02589	GWD	AFR	female
HG02594	0.034304	-0.00369354	-0.000976655	-0.00124596	-0.0332114	-0.0435637	0.00749732	0.000573609	0.0422791	0.0204948	HG02594	GWD	AFR	male
HG02595	0.034256	-0.00353748	-0.000310796	-0.0005715	-0.0344452	-0.0411624	0.0130594	0.0054854	0.0496441	0.0130298	HG02595	GWD	AFR	female
HG02597	-0.0104821	0.0136714	-0.0272062	-0.00802612	0.00494537	-0.00546534	-0.00715605	-0.00768407	-0.00749696	0.00426624	HG02597	PJL	SAS	male
HG02600	-0.0106207	0.00787847	-0.0331321	-0.0111782	-0.00153299	-0.00444885	0.00250464	0.000732133	0.000667218	0.000518956	HG02600	PJL	SAS	male
HG02601	-0.0103651	0.00867153	-0.0327516	-0.0119224	-0.00126081	-0.00476469	0.000998248	-0.00295688	-0.00286536	0.00669717	HG02601	PJL	SAS	female
HG02603	-0.0102893	0.011373	-0.0288375	-0.0100347	-0.00211997	-0.00807296	-0.00274663	-0.0012298	-0.00035595	0.00577337	HG02603	PJL	SAS	male
HG02604	-0.0103913	0.0123282	-0.0258201	-0.00806215	-0.00349706	-0.00325835	0.00319075	0.00240696	0.00279058	-0.00260096	HG02604	PJL	SAS	female
HG02610	0.0342254	-0.00345201	-0.000683872	-0.000651176	-0.0398675	-0.0427882	0.0146902	0.0107709	0.046222	0.0128565	HG02610	GWD	AFR	male
HG02611	0.034821	-0.00379301	-0.000621353	-0.000177248	-0.0422003	-0.0509327	0.00922788	-0.000756969	0.0566085	0.017797	HG02611	GWD	AFR	female
HG02613	0.0332616	-0.00297785	-0.000219277	0.00012551	-0.0355046	-0.0434556	0.00735517	0.00720664	0.0388915	0.0109731	HG02613	GWD	AFR	male
HG02614	0.0325559	-0.00232712	-0.000198698	0.00044978	-0.0351762	-0.0404114	0.00771266	0.00774797	0.0396233	0.0138839	HG02614	GWD	AFR	female
HG02620	0.0343455	-0.00393921	-0.00104109	-0.000367603	-0.0370907	-0.0412732	0.0126425	0.00444184	0.034499	0.0104395	HG02620	GWD	AFR	male
HG02621	0.0348628	-0.00392705	-0.00147109	-0.000566532	-0.0329418	-0.0382746	0.0141695	0.0058468	0.0419263	0.0092555	HG02621	GWD	AFR	female
HG02623	0.0348188	-0.00362885	-0.000126561	-0.000379735	-0.0400775	-0.0468044	0.0105268	0.00196176	0.0541972	0.0206005	HG02623	GWD	AFR	male
HG02624	0.034836	-0.00417898	-0.00181729	-0.00188851	-0.0403345	-0.0452949	0.0127864	0.00379431	0.0481177	0.0238271	HG02624	GWD	AFR	female
HG02628	0.0346445	-0.00458608	-0.000635969	-0.000115939	-0.0370579	-0.0410809	0.00997739	0.000497804	0.0410195	0.0139703	HG02628	GWD	AFR	male
HG02629	0.0341973	-0.00402206	-0.00153046	-0.000613419	-0.0387613	-0.0389522	0.0158193	0.0104126	0.0442367	0.00762165	HG02629	GWD	AFR	female
HG02634	0.0336935	-0.00350609	-0.000945368	-0.000415526	-0.0317646	-0.037809	0.00968932	0.00844978	0.037782	0.00924664	HG02634	GWD	AFR	male
HG02635	0.0342272	-0.00351887	-0.000491694	-0.000728319	-0.0288707	-0.033201	0.00761024	0.0026272	0.0295364	0.0091391	HG02635	GWD	AFR	female
HG02642	0.034114	-0.00351876	-0.000359101	0.000410691	-0.0378974	-0.0407549	0.0145801	0.00643809	0.046494	0.0094766	HG02642	GWD	AFR	male
HG02643	0.0340347	-0.00355195	-0.00109166	-0.000113428	-0.0324793	-0.0421167	0.0109433	0.00229308	0.0311204	0.0182648	HG02643	GWD	AFR	female
HG02645	0.0346351	-0.00366418	-0.00113357	-0.00130208	-0.0437619	-0.0453811	0.0141984	0.0064509	0.0602007	0.0144556	HG02645	GWD	AFR	male
HG02646	0.0346095	-0.00347784	-0.00145667	-0.000309318	-0.0420504	-0.0457986	0.0159571	0.00850668	0.0503645	0.0175871	HG02646	GWD	AFR	female
HG02648	-0.0105232	0.0129927	-0.0227388	-0.00710915	-0.00974469	0.00516329	0.0100034	0.00910566	0.00354769	-0.0429378	HG02648	PJL	SAS	male
HG02649	-0.0105939	0.0132783	-0.0233257	-0.00714926	-0.00838568	0.00516521	0.0129387	0.00378086	0.000299202	-0.0378526	HG02649	PJL	SAS	female
HG02651	-0.0110442	0.010659	-0.0275011	-0.00869059	-0.00797771	0.00418346	0.0127412	0.00679347	0.000103696	-0.0419431	HG02651	PJL	SAS	male
HG02652	-0.0105886	0.0111889	-0.0275845	-0.00784522	-0.00512521	0.00454353	0.0128907	0.00662158	0.00542313	-0.0379078	HG02652	PJL	SAS	female
HG02654	-0.0101728	0.0136527	-0.0244763	-0.00737599	-0.00287627	-0.0047621	-0.00311062	0.00110587	0.00209676	0.000540235	HG02654	PJL	SAS	male
HG02655	-0.010195	0.0139268	-0.0241231	-0.00588762	-0.00426203	-0.00870555	-0.00272539	0.00344234	-0.000294159	-0.00183288	HG02655	PJL	SAS	female
HG02657	-0.0105038	0.00974629	-0.0296065	-0.00935495	-0.00309428	-0.00364488	0.00290356	0.00984714	0.00292042	-0.0025597	HG02657	PJL	SAS	male
HG02658	-0.010533	0.00944007	-0.029132	-0.0108359	-0.00222545	-0.00257906	-0.000416235	0.00520692	-0.000543232	0.000404504	HG02658	PJL	SAS	female
HG02660	-0.0105327	0.0111654	-0.0291771	-0.00907999	-0.00326199	-0.00106339	0.00546456	0.00275694	0.00144691	-0.00329374	HG02660	PJL	SAS	male
HG02661	-0.0106613	0.0105849	-0.0298376	-0.00952345	-0.00180865	-0.00569565	0.00347727	-0.0040127	-0.00191754	0.00273408	HG02661	PJL	SAS	female
HG02666	0.0346697	-0.00366683	-0.00130788	-0.000242979	-0.0407551	-0.0473966	0.0139728	0.00329668	0.046109	0.0197653	HG02666	GWD	AFR	male
HG02667	0.0343555	-0.00385131	-0.000824341	-4.02771e-05	-0.0382475	-0.0406426	0.0107243	0.00375631	0.0489459	0.0154987	HG02667	GWD	AFR	female
HG02675	0.0345841	-0.00391776	-0.00178209	-0.000526288	-0.0375608	-0.0406461	0.0129894	0.00451985	0.0394354	0.0142313	HG02675	GWD	AFR	male
HG02676	0.0334571	-0.00337459	-0.00100736	-9.82835e-05	-0.0352544	-0.0445194	0.0085288	0.00355439	0.0336925	0.019727	HG02676	GWD	AFR	female
HG02678	0.0336106	-0.00325659	-0.00129076	-0.000314778	-0.0367169	-0.0437923	0.0104061	0.0061776	0.0432851	0.0113951	HG02678	GWD	AFR	male
HG02679	0.0347297	-0.0038412	-0.000705857	-0.00066111	-0.0370805	-0.0415702	0.0147354	0.0100449	0.0443123	0.00869682	HG02679	GWD	AFR	female
HG02681	-0.0105926	0.0127757	-0.0257668	-0.00641913	-0.00740299	0.00645726	0.0137691	0.00644199	0.00141854	-0.0415306	HG02681	PJL	SAS	male
HG02682	-0.0106478	0.012325	-0.0251219	-0.00701327	-0.00701421	0.00726464	0.0120646	0.00707724	0.00134525	-0.0416273	HG02682	PJL	SAS	female
HG02684	-0.0104078	0.00775784	-0.0363099	-0.0117779	-0.00315191	-0.00362039	0.00486005	0.00207836	0.00524223	-0.00561926	HG02684	PJL	SAS	male
HG02685	-0.0105176	0.00741283	-0.035788	-0.0125263	-0.00459054	-0.000206888	0.00539063	0.00540141	0.0025191	-0.00630821	HG02685	PJL	SAS	female
HG02687	-0.0103961	0.00650121	-0.0388098	-0.0150499	-0.00391278	-0.0053905	0.00279216	-0.000286543	0.00418531	-0.00105914	HG02687	PJL	SAS	male
HG02688	-0.0106373	0.00686128	-0.0358351	-0.0121165	-0.00408957	-0.00294122	0.00584828	0.000477483	0.00268005	-0.00911505	HG02688	PJL	SAS	female
HG02690	-0.0103844	0.0135365	-0.0255661	-0.00653068	-0.00712554	0.00400943	0.0105595	0.0080721	0.00299333	-0.0464054	HG02690	PJL	SAS	male
HG02691	-0.0106406	0.0134026	-0.0252735	-0.00626294	-0.00741334	0.00485468	0.0101766	0.00770076	0.00272277	-0.0429514	HG02691	PJL	SAS	female
HG02694	-0.0102756	0.0141111	-0.0250524	-0.00707055	-2.47657e-05	-0.00513624	-0.00574623	-0.00801334	-0.00216446	-0.000173166	HG02694	PJL	SAS	female
HG02696	-0.0106809	0.00975405	-0.0299717	-0.0106188	-0.00210352	-0.00586017	0.000846231	0.00023526	0.00172939	0.00646663	HG02696	PJL	SAS	male
HG02697	-0.0103161	0.0122025	-0.0261646	-0.00942521	-0.00417428	-0.00713345	-0.00219883	-0.000729179	0.000757864	0.00627412	HG02697	PJL	SAS	female
HG02699	-0.0107373	0.0129061	-0.0257416	-0.00804606	-0.00629403	0.00237818	0.0147682	0.00650602	0.00240771	-0.0420741	HG02699	PJL	SAS	male
HG02700	-0.0104989	0.0120237	-0.0258096	-0.00731636	-0.00728878	0.00317705	0.0124856	0.00882927	0.00381101	-0.0393143	HG02700	PJL	SAS	female
HG02702	0.0333101	-0.00360478	-0.00107562	-0.000496279	-0.0376329	-0.0445278	0.00961332	0.00614823	0.0379331	0.0132279	HG02702	GWD	AFR	male
HG02703	0.0345421	-0.00408468	-0.00185783	-0.000782568	-0.037415	-0.0475407	0.0106108	0.00279868	0.048075	0.0182034	HG02703	GWD	AFR	female
HG02715	0.0346181	-0.00378817	-0.000623356	-0.000547551	-0.0358191	-0.0417562	0.0124603	0.00688578	0.045335	0.0142676	HG02715	GWD	AFR	male
HG02716	0.0347923	-0.00435036	-0.000355689	-0.00095603	-0.0350969	-0.0407774	0.0139569	0.00776352	0.0414176	0.0138626	HG02716	GWD	AFR	female
HG02721	0.0342266	-0.00376402	-0.00125799	0.000256295	-0.0356689	-0.0434803	0.0104118	0.00063191	0.0415903	0.0195768	HG02721	GWD	AFR	male
HG02722	0.0346406	-0.00374565	-0.00117094	-0.00108557	-0.0326428	-0.0411797	0.00538539	-0.00145191	0.0353702	0.0184445	HG02722	GWD	AFR	female
HG02724	-0.0106346	0.00589698	-0.0369111	-0.0144915	-0.00327349	-0.0019298	0.00708556	0.00304367	0.00440885	-0.00475728	HG02724	PJL	SAS	male
HG02725	-0.0105378	0.00589655	-0.0373558	-0.0137913	-0.00273227	-0.00186032	0.00768752	0.00855944	0.00325568	-0.0090833	HG02725	PJL	SAS	female
HG02727	-0.0104105	0.00586014	-0.0377432	-0.0125833	-0.00322606	0.00119761	0.00974375	0.00566904	0.00295207	-0.0130038	HG02727	PJL	SAS	male
HG02728	-0.0107794	0.00512604	-0.0379093	-0.0144003	-0.00321203	-0.00228048	0.00566973	0.006939	0.00471819	-0.0052493	HG02728	PJL	SAS	female
HG02731	-0.0103683	0.010007	-0.0302315	-0.0102383	0.00237961	-0.00291188	-0.00763161	-0.00787864	-0.00657754	0.00277248	HG02731	PJL	SAS	female
HG02733	-0.0103405	0.0121515	-0.0297216	-0.00967599	-0.0032279	-0.00400373	-0.000990375	-0.00138141	0.00290797	0.00705749	HG02733	PJL	SAS	male
HG02734	-0.0105391	0.011957	-0.0252872	-0.00679074	-0.0046781	-0.00730294	-0.00195125	-0.0037019	0.00160223	0.00461771	HG02734	PJL	SAS	female
HG02736	-0.0105973	0.0117763	-0.0248973	-0.00681572	-0.00633774	0.00390387	0.0115403	0.00641699	0.000539134	-0.0352405	HG02736	PJL	SAS	male
HG02737	-0.0105623	0.012845	-0.0257806	-0.00610619	-0.00781004	0.00244066	0.0120328	0.00827829	0.00108396	-0.0391278	HG02737	PJL	SAS	female
HG02756	0.034672	-0.00405274	-0.00116926	-0.000703673	-0.0404836	-0.0449461	0.0159115	0.00549611	0.0533918	0.0173892	HG02756	GWD	AFR	male
HG02757	0.0341084	-0.0038225	-0.000788589	-0.000506831	-0.0385921	-0.0452849	0.0144734	0.00554797	0.0491437	0.0143095	HG02757	GWD	AFR	female
HG02759	0.0342563	-0.00407075	-7.3211e-05	0.000669353	-0.039668	-0.0329511	0.0187741	0.0107666	0.0378329	-0.0249612	HG02759	GWD	AFR	male
HG02760	0.0336705	-0.00378496	-0.000130207	0.000188333	-0.0384369	-0.0308565	0.0177712	0.0120087	0.0384715	-0.0233204	HG02760	GWD	AFR	female
HG02763	0.0342405	-0.00355723	-0.000739698	-0.00138691	-0.0360432	-0.0450742	0.00494634	-0.0055303	0.0358021	0.0214033	HG02763	GWD	AFR	female
HG02768	0.0345046	-0.00395369	-0.00143594	-0.000586297	-0.0366272	-0.0413835	0.0125499	0.00329615	0.0417857	0.0163704	HG02768	GWD	AFR	male
HG02769	0.034179	-0.00380227	-0.00105204	-0.00113788	-0.0365671	-0.0364368	0.0116239	0.00874061	0.040653	0.012136	HG02769	GWD	AFR	female
HG02771	0.0350548	-0.0038338	-0.000815173	-0.000174561	-0.0380663	-0.0415509	0.0173056	0.00727458	0.0395169	0.0119633	HG02771	GWD	AFR	male
HG02772	0.034641	-0.00410144	-0.00137458	-6.47434e-05	-0.0401383	-0.0407048	0.014804	0.00787292	0.0503324	0.0132484	HG02772	GWD	AFR	female
HG02774	-0.0104341	0.00779107	-0.0327229	-0.0103478	-0.00569072	0.00304903	0.00513903	0.00763801	0.00222646	-0.0365963	HG02774	PJL	SAS	male
HG02775	-0.0107597	0.00621934	-0.0368939	-0.0125518	-0.00616561	0.00464982	0.0120427	0.00839242	0.00344695	-0.0396993	HG02775	PJL	SAS	female
HG02778	-0.0107643	0.00606996	-0.0370036	-0.0145366	0.00361072	-0.00397034	-0.00230341	-0.00829005	-0.00589944	-0.00369444	HG02778	PJL	SAS	female
HG02780	-0.0109011	0.00645364	-0.0359917	-0.0135996	0.00141032	-0.00303383	-0.00270348	-0.00997352	-0.0060528	-0.00134238	HG02780	PJL	SAS	male
HG02783	-0.0107108	0.00591267	-0.0377065	-0.0136598	-0.00294258	-0.00399483	0.00453797	0.00164091	-0.000520009	-0.00620424	HG02783	PJL	SAS	male
HG02784	-0.0104339	0.00710658	-0.0365265	-0.0143635	-0.00214118	-0.00468052	0.00262835	0.00472992	0.00220406	-0.00156005	HG02784	PJL	SAS	female
HG02786	-0.010239	0.00552739	-0.0390686	-0.0140771	-0.00104563	0.000838058	0.00986503	0.00706307	0.00561173	-0.0110007	HG02786	PJL	SAS	male
HG02787	-0.0107054	0.00622422	-0.0367871	-0.0144599	-0.00405673	-0.00152917	0.00757583	0.00132369	0.000635472	-0.00300889	HG02787	PJL	SAS	female
HG02789	-0.0105308	0.00608905	-0.0365331	-0.0144066	-0.000701228	-0.00592199	0.00580159	0.00271011	0.00273607	-0.00426804	HG02789	PJL	SAS	male
HG02790	-0.01063	0.00593661	-0.0364539	-0.0141592	-0.00171801	-0.00462312	0.00220656	-0.00367458	0.000349809	-0.00137093	HG02790	PJL	SAS	female
HG02792	-0.0107632	0.00559205	-0.0381042	-0.0139682	-0.00707664	0.00810886	0.013196	0.00584126	0.00434365	-0.0395829	HG02792	PJL	SAS	male
HG02793	-0.0107605	0.00598212	-0.0391389	-0.012964	-0.00727013	0.0046364	0.0149908	0.00917142	0.00479256	-0.0425391	HG02793	PJL	SAS	female
HG02798	0.0346164	-0.00414345	-0.00089361	-0.000880532	-0.0347209	-0.0420672	0.0116949	0.00309917	0.0420345	0.0151347	HG02798	GWD	AFR	male
HG02799	0.0344776	-0.00369315	-0.00101053	0.000166862	-0.0347172	-0.0426294	0.0078391	0.00268942	0.0393242	0.0180061	HG02799	GWD	AFR	female
HG02804	0.0347714	-0.00409512	-0.00105263	-0.00125969	-0.0386155	-0.0453014	0.013885	0.00768171	0.0439784	0.0182204	HG02804	GWD	AFR	male
HG02805	0.0346492	-0.00424536	-0.000949949	-0.000149022	-0.0387804	-0.0439669	0.016451	0.00457027	0.0515186	0.0196565	HG02805	GWD	AFR	female
HG02807	0.0336425	-0.00354883	0.000173863	0.000259576	-0.033427	-0.0330519	0.0112694	0.00932717	0.037372	0.00674815	HG02807	GWD	AFR	male
HG02808	0.0341525	-0.00375787	-0.000748613	-0.000527902	-0.0380448	-0.0450006	0.0135761	0.00744524	0.0453401	0.0161926	HG02808	GWD	AFR	female
HG02810	0.0313223	-0.00154185	0.000528365	0.00148307	-0.0279063	-0.0397191	0.000932429	0.00781504	0.0344326	0.0177594	HG02810	GWD	AFR	male
HG02811	0.0345109	-0.0041194	-0.00104472	-0.000964335	-0.0346598	-0.0432276	0.00909217	-0.000601573	0.0414811	0.0203367	HG02811	GWD	AFR	female
HG02813	0.0341469	-0.00377336	-0.000991229	-0.00106305	-0.039733	-0.0470272	0.00608965	-0.00349936	0.0433101	0.0101332	HG02813	GWD	AFR	male
HG02814	0.0345035	-0.0040827	-0.00167233	-0.0003542	-0.0344604	-0.0396408	0.00744655	-0.00269501	0.0296945	0.00427931	HG02814	GWD	AFR	female
HG02816	0.0340914	-0.00361263	-0.00129878	0.000203472	-0.0370254	-0.0434808	0.00486399	-0.00528607	0.0374479	0.00878373	HG02816	GWD	AFR	male
HG02817	0.0338731	-0.00343767	-0.000987746	-0.000754114	-0.0331402	-0.0419647	0.00570882	-0.00805888	0.0379201	0.00441097	HG02817	GWD	AFR	female
HG02819	0.034559	-0.00404946	-0.00092665	-0.000656729	-0.0342483	-0.0451904	0.00741331	-0.00722998	0.0401769	0.0127432	HG02819	GWD	AFR	male
HG02820	0.0344767	-0.00396913	-0.00168837	-0.0011662	-0.0326724	-0.044119	0.00642098	-0.00671779	0.0404993	0.0142211	HG02820	GWD	AFR	female
HG02836	0.0337235	-0.00385593	-0.0014791	-0.00121629	-0.035104	-0.044439	0.00292211	-0.00531512	0.038798	0.00850577	HG02836	GWD	AFR	male
HG02837	0.0342345	-0.00376346	-0.00169903	-0.0008218	-0.0380034	-0.0445747	0.00695601	-0.00509905	0.0408091	0.00916146	HG02837	GWD	AFR	female
HG02839	0.0341305	-0.00361877	-0.00167355	-0.000696577	-0.0402114	-0.0495027	0.00865307	-0.00420494	0.0430829	0.00795011	HG02839	GWD	AFR	male
HG02840	0.0337521	-0.00367808	-0.000783689	-0.000325605	-0.0360396	-0.0420473	0.00675618	-0.00345083	0.0311501	0.000778001	HG02840	GWD	AFR	female
HG02851	0.0345954	-0.00356376	-0.00129774	-0.000752941	-0.0284938	-0.031361	0.00729116	-0.00393965	0.0153905	-0.00286599	HG02851	GWD	AFR	male
HG02852	0.0336371	-0.00357607	-0.00110106	-0.000312066	-0.0410434	-0.0481435	0.00492209	-0.00234824	0.0457275	0.00845417	HG02852	GWD	AFR	female
HG02854	0.0347288	-0.00415604	-0.000879458	-0.00138236	-0.0289411	-0.037384	0.0036648	-0.00537339	0.0275808	0.00551396	HG02854	GWD	AFR	male
HG02855	0.0342664	-0.0037279	-0.000940078	-0.000765924	-0.0360629	-0.047647	0.00606322	-0.00573083	0.0447805	0.0145714	HG02855	GWD	AFR	female
HG02860	0.0344229	-0.00401825	-0.0016138	-0.00192195	-0.0360635	-0.0455106	0.00641513	-0.00628672	0.0346425	0.0110964	HG02860	GWD	AFR	male
HG02861	0.0341799	-0.00375336	-0.000806218	-0.000776672	-0.0402059	-0.0468727	0.00542582	-0.00639999	0.0451652	0.0111743	HG02861	GWD	AFR	female
HG02870	0.0341702	-0.00361925	-0.00121179	-0.000572683	-0.03057	-0.0402527	0.00307969	-0.00993013	0.0361611	0.018592	HG02870	GWD	AFR	female
HG02878	0.0340297	-0.00423096	-0.0025307	0.000293928	-0.0446948	-0.0482329	0.0157536	-0.00356835	0.0418218	0.00878738	HG02878	GWD	AFR	male
HG02879	0.0341551	-0.00364106	-0.00170819	-0.000624958	-0.0378276	-0.0428771	0.0100086	-0.00605815	0.0424594	0.00115295	HG02879	GWD	AFR	female
HG02881	0.0347654	-0.00430808	-0.00148983	-1.61656e-05	-0.0388126	-0.0321068	0.0186066	0.00847336	0.0446819	-0.0229114	HG02881	GWD	AFR	male
HG02882	0.0342231	-0.00385094	-0.00114295	-0.000778698	-0.0389888	-0.0327713	0.0202414	0.00956114	0.0489354	-0.0198131	HG02882	GWD	AFR	female
HG02884	0.0341393	-0.00348576	-0.00154506	-0.000802478	-0.0354263	-0.0438446	0.0065308	-0.00364643	0.0375574	0.0140934	HG02884	GWD	AFR	male
HG02885	0.0337563	-0.00382779	-0.00161882	-0.00084186	-0.0346547	-0.0439827	0.00603326	-0.00488011	0.0368273	0.015738	HG02885	GWD	AFR	female
HG02887	0.034841	-0.00411802	-0.0013365	-0.00115784	-0.041249	-0.0468488	0.00848602	-0.0042841	0.0453558	0.00999866	HG02887	GWD	AFR	male
HG02888	0.0340841	-0.00351724	-0.00192601	-0.000644915	-0.0377019	-0.0447689	0.00758215	-0.0031101	0.0422892	0.00654181	HG02888	GWD	AFR	female
HG02890	0.0341088	-0.00358696	-0.00161863	-0.000887791	-0.0359015	-0.0440415	0.00729399	-0.00439525	0.0268547	0.0126455	HG02890	GWD	AFR	male
HG02891	0.0338458	-0.00392126	-0.000920513	-0.000230275	-0.0319132	-0.0398677	0.00412468	-0.00594798	0.0285424	0.00984984	HG02891	GWD	AFR	female
HG02895	0.0339718	-0.00380839	-0.000985366	-0.000500666	-0.0410189	-0.0490825	0.00754704	-0.00478638	0.0470307	0.0110268	HG02895	GWD	AFR	male
HG02896	0.0346112	-0.00372358	-0.0011401	-0.00131828	-0.0429362	-0.0512122	0.00643536	-0.00716493	0.0467873	0.0147519	HG02896	GWD	AFR	female
HG02922	0.0358434	-0.00476971	-0.0013402	-0.000564739	0.00143128	0.00391474	0.00437021	0.00595046	-0.0450624	-0.0112236	HG02922	ESN	AFR	female
HG02923	0.0355642	-0.00448586	-0.000652904	-0.000628937	0.0017442	0.00284651	0.00474981	0.00582987	-0.0494455	-0.0106999	HG02923	ESN	AFR	male
HG02938	0.0354395	-0.00465297	-0.0012389	-0.0012333	0.000103137	0.00314819	-0.000641993	-0.000421781	-0.04904	-0.0268879	HG02938	ESN	AFR	male
HG02941	0.0352804	-0.00470023	-0.00147227	-0.00135441	0.000576927	0.00549976	0.000321361	-0.00561644	-0.0475465	-0.0210018	HG02941	ESN	AFR	male
HG02943	0.0356177	-0.0045753	-0.000734021	-1.19114e-05	0.00230423	0.0039008	0.00165799	-0.00212269	-0.0426338	-0.00978356	HG02943	ESN	AFR	female
HG02944	0.0353128	-0.00476414	-0.00064602	-0.0012765	-0.000913176	0.00680948	0.00511352	0.00570137	-0.0485646	-0.018529	HG02944	ESN	AFR	male
HG02946	0.0356117	-0.00405546	-0.00148095	-0.00148701	0.00329778	0.00186003	-0.00297579	-0.0131743	-0.053595	-0.0159459	HG02946	ESN	AFR	female
HG02947	0.0356221	-0.00473187	-0.00090751	-0.000955258	0.00364204	0.00151492	-0.00396024	-0.0105549	-0.0517037	-0.0145208	HG02947	ESN	AFR	male
HG02952	0.0357087	-0.00491922	-0.00121764	-0.00105549	0.00127542	0.00208475	-0.00347275	-0.00678923	-0.0515403	-0.023518	HG02952	ESN	AFR	female
HG02953	0.0354211	-0.0045159	-0.000936033	-0.00039867	0.00364156	0.00421359	-6.70129e-05	-0.00625435	-0.0484586	-0.0185582	HG02953	ESN	AFR	male
HG02968	0.0353685	-0.00487007	-0.000694889	-1.26811e-05	-0.000603725	0.0116149	0.0118849	0.00900931	-0.0436594	-0.0429568	HG02968	ESN	AFR	male
HG02970	0.0356443	-0.0046038	-0.00135794	-0.00142088	0.00225779	0.0023645	0.00120958	-0.00659278	-0.0462813	-0.0105201	HG02970	ESN	AFR	female
HG02971	0.0357814	-0.00419493	-0.000865088	-0.00117721	0.00580768	0.00520814	-0.0011361	-0.00456328	-0.04997	-0.0139709	HG02971	ESN	AFR	male
HG02973	0.0357987	-0.00431985	-0.000962661	-0.000720043	0.00142572	0.00283607	0.00136548	0.0051399	-0.0411388	-0.00867166	HG02973	ESN	AFR	male
HG02974	0.0351475	-0.00456988	-0.00131196	-0.00083773	0.00321514	0.00802424	0.0034536	0.00131894	-0.0436974	-0.0121415	HG02974	ESN	AFR	female
HG02976	0.0354659	-0.00460868	-0.000831444	-0.00146048	0.00214289	0.00391276	0.00209897	-0.00372124	-0.0439112	-0.0212304	HG02976	ESN	AFR	female
HG02977	0.0355688	-0.0043406	-0.000728519	-0.000509714	0.00279256	0.00510898	0.000868367	-0.00193712	-0.058273	-0.0233893	HG02977	ESN	AFR	male
HG02979	0.0351926	-0.00476405	-0.000573072	-0.000834432	0.000990132	0.0153937	0.00822463	0.00692412	-0.0265465	-0.0471698	HG02979	ESN	AFR	female
HG02981	0.0354139	-0.00471883	-0.000463293	-0.000246335	-0.000787776	0.0125483	0.0147357	0.0108548	-0.0436565	-0.0486099	HG02981	ESN	AFR	male
HG02982	0.0344143	-0.00400118	-0.000493102	0.000363805	-0.0439167	-0.0324267	0.023127	0.0113865	0.0495519	-0.0263494	HG02982	GWD	AFR	male
HG02983	0.0340759	-0.00369367	1.20632e-05	0.000194069	-0.0423996	-0.0342813	0.0227546	0.0111708	0.0425481	-0.0232413	HG02983	GWD	AFR	female
HG03006	-0.0109244	0.002771	-0.0349754	-0.0123624	-0.00246492	-0.000810619	-0.000713102	-0.000135044	-0.00159205	0.00476509	HG03006	BEB	SAS	male
HG03007	-0.0109483	0.0027885	-0.0347452	-0.012837	0.00238154	-0.00619152	-0.000269133	-0.00570407	-0.00111617	0.00508198	HG03007	BEB	SAS	female
HG03009	-0.011048	0.00316095	-0.0346416	-0.0123211	0.000617719	-0.00535112	-0.00291279	-0.00832848	-0.0061953	0.00557018	HG03009	BEB	SAS	male
HG03012	-0.0112145	0.00274806	-0.0350899	-0.0124026	-0.00202605	-0.00469308	-0.00384368	-0.00634071	-0.00377533	-0.000332677	HG03012	BEB	SAS	male
HG03015	-0.0109642	0.00594703	-0.0359659	-0.0130637	-0.00555289	0.00801509	0.0141894	0.0117446	0.00196441	-0.0440901	HG03015	PJL	SAS	male
HG03016	-0.010622	0.00587142	-0.0359069	-0.0131809	-0.00817142	0.00904775	0.0134018	0.0125135	0.00728	-0.0458717	HG03016	PJL	SAS	female
HG03018	-0.0106247	0.00670698	-0.0367059	-0.0142547	0.00162885	-0.00114692	-0.00218387	-0.0118037	-0.00397699	9.19463e-05	HG03018	PJL	SAS	male
HG03019	-0.0106808	0.00577159	-0.0379319	-0.0142849	0.00469447	-0.00337106	-0.00211483	-0.0104403	-0.00320486	-0.000221215	HG03019	PJL	SAS	female
HG03021	-0.0106289	0.00647258	-0.0373158	-0.0144447	0.00475587	-0.000495919	-0.00122845	-0.0111445	-0.00383942	-0.00291237	HG03021	PJL	SAS	male
HG03022	-0.0107193	0.00802674	-0.0350441	-0.0131422	0.00120089	-0.000774788	-0.0034466	-0.0109019	-0.00303272	-0.00182127	HG03022	PJL	SAS	female
HG03024	0.0347859	-0.00392014	-0.00097735	-0.00104821	-0.0348064	-0.0458122	0.0065959	-0.00968027	0.0423648	0.0161923	HG03024	GWD	AFR	male
HG03025	0.0348459	-0.00435104	-0.00133142	-0.000433928	-0.0347882	-0.0415631	0.00699126	-0.00650562	0.036799	0.0122522	HG03025	GWD	AFR	female
HG03027	0.0347015	-0.00405904	-0.00177989	-0.000913064	-0.0358602	-0.0427338	0.00943544	-0.000868315	0.0408373	0.0188675	HG03027	GWD	AFR	male
HG03028	0.0347181	-0.00387874	-0.00106975	-0.000401083	-0.0361534	-0.0396872	0.0092687	0.00423467	0.044685	0.0135673	HG03028	GWD	AFR	female
HG03039	0.0346964	-0.00395777	-0.0010368	5.5675e-05	-0.0345808	-0.0380798	0.0123988	0.00429596	0.0309473	0.0120155	HG03039	GWD	AFR	male
HG03040	0.0348334	-0.00396869	-0.00033722	0.000281106	-0.0239944	-0.025916	0.0112329	0.00709351	0.0129458	0.00921857	HG03040	GWD	AFR	female
HG03045	0.0336601	-0.0039376	-0.000936998	0.000129169	-0.035466	-0.0370849	0.00927207	0.00543671	0.0395642	0.0093394	HG03045	GWD	AFR	male
HG03046	0.0340678	-0.00386606	-0.00170658	-0.000722555	-0.0348711	-0.0408392	0.0108832	0.00785764	0.037233	0.0161049	HG03046	GWD	AFR	female
HG03048	0.0345331	-0.00402735	-0.00085589	-0.000962672	-0.0375151	-0.0463899	0.0106639	-0.000863992	0.0431452	0.02265	HG03048	GWD	AFR	male
HG03049	0.0344869	-0.00365805	-0.000428442	0.000244111	-0.0420273	-0.0434788	0.0107576	0.00752612	0.0495418	0.0136004	HG03049	GWD	AFR	female
HG03052	0.0355885	-0.0042065	-0.00153627	-0.000434337	-0.0205965	-0.0249316	0.00631005	6.26123e-05	0.0138118	0.00933938	HG03052	MSL	AFR	female
HG03054	0.0356973	-0.00505686	-0.00167606	-0.000444453	-0.0294507	-0.0193147	0.0200322	0.0120302	0.0121888	-0.0363004	HG03054	MSL	AFR	male
HG03055	0.0355483	-0.00434892	-0.00139382	-0.00128184	-0.0247523	-0.0261213	0.00551174	-0.00701477	0.00686024	-0.00488153	HG03055	MSL	AFR	female
HG03057	0.0355373	-0.00448498	-0.000678157	-0.00112921	-0.0238351	-0.0231735	0.0156939	0.00513196	0.0143173	-0.00153703	HG03057	MSL	AFR	male
HG03058	0.0355117	-0.00481616	-0.001329	-0.000640874	-0.0250501	-0.0304756	0.00938191	-0.0004415	0.00679415	0.00845615	HG03058	MSL	AFR	female
HG03060	0.0351293	-0.00480376	-0.000896179	-0.000406281	-0.0294084	-0.0158797	0.0182691	0.0094966	0.0064007	-0.0356421	HG03060	MSL	AFR	male
HG03061	0.0354884	-0.00465789	-0.00130175	-0.00124095	-0.0241193	-0.027099	0.0120355	-0.00443956	0.00889201	-0.00114089	HG03061	MSL	AFR	female
HG03063	0.0355373	-0.00414732	-0.000754448	-0.000338128	-0.028201	-0.0180843	0.0176045	0.00821552	0.00895837	-0.0320765	HG03063	MSL	AFR	male
HG03064	0.0354483	-0.00483307	-0.000915996	-0.000330567	-0.0247371	-0.0143976	0.0179131	0.0101385	0.0109438	-0.0346752	HG03064	MSL	AFR	female
HG03066	0.0356318	-0.00441048	-0.00205892	-0.00157431	-0.0203794	-0.0286123	0.00511567	-0.00648214	0.00172566	0.00704631	HG03066	MSL	AFR	male
HG03069	0.0355095	-0.00452735	-0.00178096	-0.00166405	-0.0219406	-0.0275071	0.00444476	-0.00879343	0.00624271	-0.00181182	HG03069	MSL	AFR	male
HG03072	0.0353284	-0.00438881	-0.00125876	-0.000702546	-0.0277306	-0.0315315	0.00404983	-0.00910935	0.00792323	0.00178796	HG03072	MSL	AFR	male
HG03073	0.0351242	-0.0044538	-0.000869248	8.09557e-05	-0.0321604	-0.0188376	0.0193593	0.0056328	0.0170145	-0.03453	HG03073	MSL	AFR	female
HG03074	0.03548	-0.00442622	-0.00114942	0.000342806	-0.0281171	-0.0166475	0.0190427	0.00872479	0.0129228	-0.0344054	HG03074	MSL	AFR	male
HG03077	0.0352741	-0.00497398	-0.00112606	0.000369097	-0.0275494	-0.0171486	0.0206323	0.0093722	0.00678895	-0.0360813	HG03077	MSL	AFR	male
HG03078	0.035457	-0.00440542	-0.00161742	-0.000349488	-0.0222296	-0.0278729	0.0115814	0.00276668	0.00899702	0.00607823	HG03078	MSL	AFR	male
HG03079	0.0355478	-0.00451363	-0.000427064	0.000398168	-0.0271616	-0.0166688	0.0178818	0.00627028	0.0108842	-0.0383279	HG03079	MSL	AFR	female
HG03081	0.0353833	-0.00443284	-0.00121797	-0.000838289	-0.0249966	-0.0242932	0.00650375	-0.00439162	0.00418012	0.00109277	HG03081	MSL	AFR	male
HG03082	0.0354033	-0.00452553	-0.000243447	-0.000672677	-0.0280458	-0.02085	0.0204563	0.0042626	0.0130229	-0.0308362	HG03082	MSL	AFR	female
HG03084	0.0351454	-0.00431284	-0.00133041	-0.000485649	-0.025602	-0.0260226	0.0127867	0.00364504	0.0132177	0.00411153	HG03084	MSL	AFR	male
HG03085	0.0354574	-0.00458991	-0.00128169	-0.000880957	-0.0245381	-0.0267207	0.0106315	0.00157231	0.0103082	0.00466965	HG03085	MSL	AFR	female
HG03086	0.0350421	-0.00474011	-0.000577791	0.000508422	-0.0266857	-0.0156359	0.0138135	0.00698201	0.00616433	-0.0328795	HG03086	MSL	AFR	female
HG03088	0.0347196	-0.00430092	-0.000610016	-0.00130626	-0.0263112	-0.033404	0.00831985	-0.00267788	0.015926	0.00536611	HG03088	MSL	AFR	female
HG03091	0.0354027	-0.00471267	-0.000503765	-0.000777044	-0.025371	-0.0183732	0.0192405	0.0051681	0.0105088	-0.0239206	HG03091	MSL	AFR	female
HG03095	0.0351376	-0.0046425	-0.00110633	-0.000523641	-0.0280651	-0.0174946	0.0165159	0.0058468	0.0113511	-0.0286311	HG03095	MSL	AFR	female
HG03096	0.0354071	-0.00442718	-0.000876136	-0.00174552	-0.0222363	-0.0278364	0.00983816	-2.26403e-06	0.00928012	0.00977671	HG03096	MSL	AFR	male
HG03097	0.0356575	-0.00447919	-0.00063865	-0.00108127	-0.0244798	-0.0267949	0.0113681	-0.00295212	0.0109049	5.23634e-05	HG03097	MSL	AFR	female
HG03099	0.0358377	-0.00486668	-0.000293541	-0.000800865	0.00525025	0.00576385	0.00567628	-0.00175621	-0.0457643	-0.00550778	HG03099	ESN	AFR	female
HG03100	0.0354142	-0.00425177	-0.00086176	-0.000913026	0.0048523	0.00596429	0.00266074	0.00163672	-0.0430873	-0.00674211	HG03100	ESN	AFR	male
HG03103	0.0353723	-0.00466788	-0.000362527	-0.000430761	-0.00141655	0.0153922	0.0119783	0.010179	-0.0477019	-0.0471088	HG03103	ESN	AFR	male
HG03105	0.0355259	-0.00457809	-0.000401666	0.000432807	-0.00295436	0.0160919	0.0103694	0.0104075	-0.0446599	-0.0513692	HG03105	ESN	AFR	female
HG03108	0.0356178	-0.00462974	-0.00126601	-0.00129468	0.00278678	0.0011057	0.002929	-0.000221627	-0.0493981	-0.00763408	HG03108	ESN	AFR	female
HG03109	0.0352702	-0.00463439	-0.000874154	-0.000575309	0.00287136	0.00732683	0.00476651	0.00502523	-0.0440969	-0.0140722	HG03109	ESN	AFR	male
HG03111	0.0353778	-0.00514513	-0.000351287	-0.000384461	0.000461044	0.0155481	0.0070223	0.00684958	-0.0341054	-0.0527054	HG03111	ESN	AFR	female
HG03112	0.0353684	-0.00453853	2.34768e-05	0.000425449	0.00121553	0.0140729	0.0050331	0.00629967	-0.041393	-0.0404407	HG03112	ESN	AFR	male
HG03114	0.0353965	-0.00450242	-0.000426207	-0.00102346	0.00491086	0.00740931	0.00498828	0.00502168	-0.0514795	-0.0110747	HG03114	ESN	AFR	female
HG03115	0.0358059	-0.00472116	-0.0012764	-0.000316759	0.00217768	0.00365174	0.00267647	0.00168639	-0.0411851	-0.00823802	HG03115	ESN	AFR	male
HG03117	0.0356303	-0.00453945	-0.00138628	-0.000766594	0.00389815	0.00150774	-0.00178517	-0.00642441	-0.0516123	-0.0192651	HG03117	ESN	AFR	female
HG03118	0.0354597	-0.00463084	-0.00130397	-0.00073092	0.00301672	0.00512756	-0.000736512	-0.00664853	-0.0490575	-0.0147576	HG03118	ESN	AFR	male
HG03120	0.0354017	-0.00447105	-0.00084441	-0.00101553	0.00293044	0.00456895	0.00191948	0.00406671	-0.0426703	-0.00864258	HG03120	ESN	AFR	male
HG03121	0.0355183	-0.00461328	-0.00120606	-0.000231913	0.00472665	0.00886408	0.00119071	0.00554155	-0.0459743	-0.00941679	HG03121	ESN	AFR	female
HG03123	0.0356307	-0.0043971	-0.000660717	-0.000988174	0.00416354	0.00507863	0.00202977	0.000175285	-0.0485948	-0.00716171	HG03123	ESN	AFR	female
HG03124	0.0354326	-0.00457116	8.99865e-06	-0.00034631	0.00236819	0.00532691	0.00487547	0.00196806	-0.038695	-0.0112322	HG03124	ESN	AFR	male
HG03126	0.0351601	-0.00491711	-0.00085733	0.000185879	0.000563262	0.0110152	0.0111604	0.00710708	-0.0476428	-0.0442584	HG03126	ESN	AFR	female
HG03127	0.0353537	-0.00510357	-0.00065943	-0.00051554	0.00204434	0.0141383	0.00869692	0.00737744	-0.0418835	-0.0448642	HG03127	ESN	AFR	male
HG03129	0.035819	-0.00443845	-0.00118124	-0.000213119	0.00346808	0.00512203	-0.00124569	-0.00602075	-0.0488794	-0.0132475	HG03129	ESN	AFR	female
HG03130	0.0355106	-0.00457179	-0.000666037	-0.000300722	0.00438253	0.00239359	-0.00096334	-0.00532735	-0.0502402	-0.00947465	HG03130	ESN	AFR	male
HG03132	0.035605	-0.00454487	-0.000760183	3.46477e-06	0.00285273	0.00548999	-0.000769538	0.00407107	-0.0427463	-0.00959777	HG03132	ESN	AFR	female
HG03133	0.0354788	-0.0044436	-0.000490523	-0.000595087	0.000934719	0.00191802	0.00385256	0.00293839	-0.0436812	-0.0132622	HG03133	ESN	AFR	male
HG03135	0.0354898	-0.00485488	-0.00155182	-0.00111861	0.00611753	0.00380321	0.00090287	-0.000415219	-0.0399887	-0.00395564	HG03135	ESN	AFR	female
HG03136	0.0355519	-0.00469192	-0.000943917	-0.000726332	0.0033341	0.00706998	0.00148518	0.00179009	-0.046693	-0.00862092	HG03136	ESN	AFR	male
HG03139	0.0352191	-0.0045937	-0.000372608	-0.000553227	0.00150825	0.0158945	0.00830922	0.00795557	-0.0477754	-0.0442714	HG03139	ESN	AFR	male
HG03157	0.0352168	-0.00450549	-0.000377133	-0.000385478	0.00150496	0.0131529	0.0110866	0.00605895	-0.0458643	-0.0481284	HG03157	ESN	AFR	male
HG03159	0.0353419	-0.00456334	-0.00179679	-0.00124139	0.00451328	0.00372993	-0.00285512	-0.00575518	-0.046573	-0.0116331	HG03159	ESN	AFR	female
HG03160	0.0354246	-0.00466893	-0.000822373	-0.000128631	0.0065463	0.00453853	-0.0014512	-0.00715722	-0.0497004	-0.0103937	HG03160	ESN	AFR	male
HG03162	0.0355763	-0.00439353	-0.000902883	-0.000267881	0.00729058	0.00739983	-0.00272682	-0.00444141	-0.050843	-0.0147664	HG03162	ESN	AFR	female
HG03163	0.035374	-0.00458742	-0.00105645	-0.000291683	0.00394604	0.00245606	-0.00186334	-0.00926828	-0.0531829	-0.0148981	HG03163	ESN	AFR	male
HG03166	0.0355584	-0.00497569	-0.000286142	-0.000351708	0.00136909	0.0156819	0.0117547	0.00451039	-0.0503841	-0.0503704	HG03166	ESN	AFR	male
HG03168	0.0352198	-0.00418729	-0.00142801	-0.0006048	0.00387729	0.00281427	-0.00491982	-0.00677551	-0.0484086	-0.0173167	HG03168	ESN	AFR	female
HG03169	0.0352824	-0.00459325	-0.00082152	-0.000751292	0.00302875	0.00319689	-0.00117797	-0.00841064	-0.0491899	-0.0120175	HG03169	ESN	AFR	male
HG03172	0.0352111	-0.00436816	-0.000857612	-0.000954596	0.00288856	0.00371251	-0.0026188	-0.0106762	-0.0455114	-0.0135041	HG03172	ESN	AFR	male
HG03175	0.0358294	-0.00476748	-0.000410897	7.12865e-05	-0.00648286	0.0126869	0.00850872	0.00858231	-0.0487099	-0.0449055	HG03175	ESN	AFR	male
HG03189	0.0353841	-0.00495605	-0.00093442	0.000266764	-0.00107019	0.0125192	0.00748631	0.00656788	-0.0431648	-0.0437108	HG03189	ESN	AFR	female
HG03190	0.0351958	-0.00484278	-0.000563066	-0.000217138	0.000364805	0.0142018	0.00881037	0.00754191	-0.0460803	-0.0466745	HG03190	ESN	AFR	male
HG03193	0.035227	-0.00502544	-0.000381149	8.77282e-05	0.000361604	0.0152325	0.0105115	0.00963465	-0.045487	-0.0448346	HG03193	ESN	AFR	male
HG03195	0.0353859	-0.00451955	-0.00206353	-8.52646e-05	0.00472517	0.00205649	-0.00222624	-0.00825797	-0.0467504	-0.0120116	HG03195	ESN	AFR	female
HG03196	0.0352381	-0.00437421	-0.00101368	-0.000104655	0.00586453	0.00509259	-0.00047063	-0.00902887	-0.0491821	-0.010391	HG03196	ESN	AFR	male
HG03198	0.0353721	-0.00421937	-0.00100733	-0.00100848	0.00579277	0.00318701	0.000669712	-0.00486816	-0.0531279	-0.0177581	HG03198	ESN	AFR	female
HG03199	0.0353939	-0.00403884	-0.00167169	-0.000399913	0.00405249	0.00413705	-0.000923974	-0.00273974	-0.0500903	-0.0107008	HG03199	ESN	AFR	male
HG03202	0.0352886	-0.00478233	-0.000503421	0.00102399	0.00307799	0.0164492	0.00814986	0.00520336	-0.0442444	-0.0529826	HG03202	ESN	AFR	male
HG03209	0.0356245	-0.00473112	-0.00121112	-0.00117703	-0.0231413	-0.0258398	0.00763353	-0.0025438	0.000419722	-0.00202937	HG03209	MSL	AFR	male
HG03212	0.0356192	-0.00477531	-0.0009781	-0.000845153	-0.0267378	-0.028407	0.00739914	-0.0106729	0.00440432	-0.00304906	HG03212	MSL	AFR	female
HG03224	0.0353105	-0.00500444	-0.000678578	-0.000202898	-0.0244308	-0.0146626	0.0198176	0.00672358	0.00642997	-0.0349604	HG03224	MSL	AFR	male
HG03225	0.0354285	-0.00457288	-0.00147879	-0.000718691	-0.0269699	-0.0171155	0.0162654	0.0108346	0.00865258	-0.034511	HG03225	MSL	AFR	male
HG03228	-0.0105546	0.00637465	-0.0358406	-0.0123033	-0.00702239	0.00606698	0.00699228	0.00662828	8.49921e-05	-0.0348901	HG03228	PJL	SAS	male
HG03229	-0.0104578	0.00651274	-0.0347782	-0.0115342	-0.00689262	0.00667647	0.0107143	0.00655731	0.000191697	-0.0409968	HG03229	PJL	SAS	female
HG03234	-0.0101378	0.0120306	-0.0273161	-0.00817516	-0.00352651	-0.00660342	0.000446472	-0.00705223	-0.00422408	-0.00492644	HG03234	PJL	SAS	male
HG03235	-0.0104319	0.0113487	-0.0284312	-0.00919795	-0.00413285	-0.00412908	-0.00142162	-0.00430642	-0.00369409	-0.00859795	HG03235	PJL	SAS	female
HG03237	-0.010502	0.0130767	-0.0245111	-0.00664226	-0.00839048	0.00457262	0.00900136	0.00626602	0.000638443	-0.0411904	HG03237	PJL	SAS	male
HG03238	-0.0102571	0.0140552	-0.023722	-0.00493187	-0.0103219	0.0059547	0.00660425	0.00961241	0.00090104	-0.0424606	HG03238	PJL	SAS	female
HG03240	0.0345369	-0.00412956	-0.00135335	-0.000657818	-0.0360609	-0.0463688	0.00802276	-0.0057011	0.0376941	0.0167282	HG03240	GWD	AFR	male
HG03241	0.0351244	-0.00403912	-0.00194531	-0.00103566	-0.0328466	-0.043962	0.00511159	-0.00669172	0.0328504	0.0129292	HG03241	GWD	AFR	female
HG03246	0.0335958	-0.00324009	-0.00133358	-0.000317504	-0.0372082	-0.0482938	0.00439849	-0.00617857	0.0393197	0.0146362	HG03246	GWD	AFR	male
HG03247	0.0341198	-0.00355379	-0.00194152	-0.000418009	-0.0308116	-0.0399694	0.00652802	-0.00228783	0.0291603	0.0132815	HG03247	GWD	AFR	female
HG03258	0.0344919	-0.00393097	-0.000907317	-0.000980638	-0.0384639	-0.0419059	0.0144554	0.00817251	0.043632	0.0177022	HG03258	GWD	AFR	male
HG03259	0.0338038	-0.00390188	-0.00113377	-0.000851982	-0.0385206	-0.0433221	0.0104123	0.00690452	0.0489496	0.0206024	HG03259	GWD	AFR	female
HG03265	0.0357657	-0.00451745	-0.000737947	0.000145919	-0.00348553	0.0145661	0.00923491	0.0099462	-0.0445094	-0.0506735	HG03265	ESN	AFR	male
HG03267	0.0353254	-0.00472136	-0.000788372	-0.00108574	0.00181867	0.00302623	-0.000939902	-0.00566168	-0.0487436	-0.0170378	HG03267	ESN	AFR	female
HG03268	0.0353611	-0.00448398	-0.000809367	-0.000789268	0.00214018	0.00178868	0.00122521	-0.00412188	-0.0525839	-0.0157402	HG03268	ESN	AFR	male
HG03270	0.0354749	-0.00461382	-0.000586813	-0.000414579	0.00167928	0.00319054	-0.00130876	-0.00509165	-0.0500846	-0.0178508	HG03270	ESN	AFR	female
HG03271	0.0356396	-0.0047125	-0.00138598	-0.000244685	0.00375734	0.00408948	0.00225279	-0.00760775	-0.0547984	-0.0173739	HG03271	ESN	AFR	male
HG03279	0.0353187	-0.0048659	-0.00132449	-0.000751141	0.00251758	0.00213361	-0.00260612	-0.00306821	-0.0523936	-0.0143851	HG03279	ESN	AFR	female
HG03280	0.0356739	-0.0043809	-0.000583931	-0.00058683	0.00309079	0.00329367	-0.00218445	-0.0050637	-0.0519404	-0.0188753	HG03280	ESN	AFR	male
HG03291	0.0355014	-0.00429198	-0.000927719	-0.000883413	0.00206873	0.00314046	-0.00106524	-0.0040664	-0.050112	-0.0147982	HG03291	ESN	AFR	female
HG03294	0.0353112	-0.00483778	-0.00124106	-0.000854994	0.00460398	0.00581317	-0.000303145	-0.00520129	-0.0434022	-0.00832457	HG03294	ESN	AFR	female
HG03295	0.0358338	-0.00467166	-0.00125935	-0.00115441	0.00358961	0.00372578	-0.0027432	-0.00828852	-0.0507573	-0.0135722	HG03295	ESN	AFR	male
HG03297	0.0354007	-0.00458409	-0.000304571	4.91263e-06	0.00298502	0.0159932	0.00917441	0.0077113	-0.0432602	-0.0535601	HG03297	ESN	AFR	female
HG03298	0.0352341	-0.00473342	-0.000471627	0.000823644	-0.00145563	0.0137399	0.0101288	0.00689659	-0.0461388	-0.0488828	HG03298	ESN	AFR	male
HG03300	0.0353713	-0.00471123	-0.00124032	-0.00113368	0.00445949	0.00403322	-0.00240634	-0.00778888	-0.0540805	-0.0182128	HG03300	ESN	AFR	female
HG03301	0.0358135	-0.00461395	-0.00143313	-0.000750847	0.00393714	0.00273832	-0.00157529	-0.00607885	-0.0553192	-0.0173587	HG03301	ESN	AFR	male
HG03303	0.0352525	-0.00452017	-0.000227572	0.000864948	-0.00243141	0.0116308	0.0110476	0.00872062	-0.0428049	-0.0513735	HG03303	ESN	AFR	female
HG03304	0.0352171	-0.0045034	-0.000571386	0.000380957	0.000228288	0.0128465	0.00916473	0.00507753	-0.0492351	-0.0450462	HG03304	ESN	AFR	male
HG03311	0.0355383	-0.00459604	-0.000962837	-0.00155392	0.00950435	0.00566254	-0.00525858	-0.00805553	-0.0564119	-0.00996117	HG03311	ESN	AFR	male
HG03313	0.035136	-0.00444032	-0.000828958	-0.000972416	0.00837264	0.00418298	-0.00511907	-0.00761847	-0.0516842	-0.00926617	HG03313	ESN	AFR	male
HG03342	0.0351824	-0.00450786	-0.00151861	-0.00157379	0.0049419	0.00219405	-0.00444628	-0.00638817	-0.0504498	-0.0155248	HG03342	ESN	AFR	female
HG03343	0.0356484	-0.00455249	-0.00125397	-0.00111947	0.00549374	0.00411594	-0.00314642	-0.00557449	-0.0563873	-0.0157097	HG03343	ESN	AFR	male
HG03351	0.0354366	-0.00449224	-0.00110836	-0.0014757	0.00769517	0.00829383	-0.00460588	-0.0100991	-0.0533177	-0.00530874	HG03351	ESN	AFR	female
HG03352	0.0355986	-0.00421681	-0.00103821	-0.00131263	0.00842054	0.00228475	-0.0027488	-0.00805755	-0.0597854	-0.00828577	HG03352	ESN	AFR	male
HG03354	0.0353238	-0.0050436	-0.000253325	-0.000179052	-0.000896957	0.0156609	0.0111133	0.00346538	-0.0453847	-0.0469536	HG03354	ESN	AFR	female
HG03363	0.0353453	-0.00464249	-0.000443018	-0.00155187	0.00784702	0.00726271	-0.00417672	-0.0107881	-0.0518604	-0.00467402	HG03363	ESN	AFR	female
HG03366	0.0356011	-0.00470594	-0.00122893	-0.00143147	0.00698917	0.0083413	-0.000116783	-0.00448871	-0.0585961	-0.016677	HG03366	ESN	AFR	female
HG03367	0.0353949	-0.00441544	-0.00133567	-0.000584697	0.00327045	0.00222527	-0.00253023	-0.00448136	-0.0595342	-0.0142936	HG03367	ESN	AFR	male
HG03369	0.0353274	-0.00441141	-0.00141203	-0.000395791	0.00577212	0.00172165	-0.00406687	-0.00956603	-0.0445084	-0.0137117	HG03369	ESN	AFR	female
HG03370	0.0358935	-0.00462044	-0.00203286	-0.00147683	0.0043423	0.00354801	-0.00443304	-0.00993459	-0.0580936	-0.0147367	HG03370	ESN	AFR	male
HG03372	0.0354502	-0.00461082	-0.000273284	-0.00104725	0.00934081	0.00490516	-0.00191809	-0.00976286	-0.0616685	-0.0109712	HG03372	ESN	AFR	female
HG03376	0.0355431	-0.00439879	-0.00120321	-0.00137819	-0.0223578	-0.0266328	0.00802866	-0.0051201	-0.00297806	-0.00367282	HG03376	MSL	AFR	male
HG03378	0.0353049	-0.00445161	-0.00115887	0.000109181	-0.0252275	-0.0161403	0.0199142	0.00997161	0.00797671	-0.0336059	HG03378	MSL	AFR	female
HG03380	0.0353383	-0.00444793	-0.00188293	-0.00132204	-0.021886	-0.0264931	0.00801894	-0.00836854	0.00603256	-0.00196408	HG03380	MSL	AFR	female
HG03382	0.0350256	-0.00439477	-0.000921325	-0.000271711	-0.027833	-0.0142196	0.018003	0.0099418	0.0058475	-0.0374085	HG03382	MSL	AFR	male
HG03385	0.0352267	-0.00468353	-0.000926446	-0.00139358	-0.0210076	-0.0267494	0.00515802	-0.0100127	0.0036371	-0.00624897	HG03385	MSL	AFR	male
HG03388	0.0355027	-0.00441947	-0.00170117	-0.000748525	-0.0264006	-0.0311404	0.0052889	-0.00944643	0.0091211	-0.00189269	HG03388	MSL	AFR	male
HG03391	0.0359906	-0.00431364	-0.00208237	-0.00054291	-0.0242466	-0.0309974	0.00573437	-0.0126684	-0.00203094	0.00645691	HG03391	MSL	AFR	male
HG03394	0.0354766	-0.00449404	-0.000545417	-0.0010853	-0.0177651	-0.0275007	0.00517115	-0.00891305	-0.00403944	0.00407479	HG03394	MSL	AFR	male
HG03397	0.035387	-0.00436101	-0.000730634	-0.000927403	-0.0229381	-0.029405	0.00989846	0.00301983	0.0133587	0.00425773	HG03397	MSL	AFR	male
HG03401	0.0356567	-0.00419567	-0.0015536	-0.000798957	-0.0248977	-0.0276956	0.00464541	-0.0110326	0.00764742	-0.00166536	HG03401	MSL	AFR	female
HG03410	0.0351044	-0.00430255	-0.00156895	-0.00182325	-0.022825	-0.0273061	0.00521242	-0.00453823	0.000449151	-0.00575315	HG03410	MSL	AFR	female
HG03419	0.0349843	-0.00453559	-0.0019055	-0.000163302	-0.0238238	-0.0256999	0.00484468	-0.00799933	0.00233702	-0.00897184	HG03419	MSL	AFR	female
HG03428	0.0352858	-0.00468455	-0.00135866	-0.00180113	-0.0282179	-0.0312628	0.00505353	-0.00765342	0.01134	-0.0029491	HG03428	MSL	AFR	female
HG03432	0.0351464	-0.00428908	-0.00149871	-0.00121088	-0.0167386	-0.0257075	0.00326089	-0.00921116	0.00563414	0.00958068	HG03432	MSL	AFR	male
HG03433	0.0353536	-0.00438772	-0.00150984	-0.00179452	-0.026156	-0.0293755	0.00392808	-0.00969511	0.00726919	-0.00461903	HG03433	MSL	AFR	male
HG03436	0.035394	-0.00439664	-0.000315016	-0.000849264	-0.0227185	-0.0272251	0.00715989	-0.00583024	0.00473193	0.00235621	HG03436	MSL	AFR	male
HG03437	0.0349531	-0.00467577	-0.00188718	-0.00100311	-0.024522	-0.0294035	0.00443404	-0.00820237	0.0143137	0.00613838	HG03437	MSL	AFR	female
HG03439	0.0354821	-0.0046492	-0.0013563	-0.00230443	-0.0277101	-0.0290426	0.00845155	-0.00777267	0.00520361	-0.00341004	HG03439	MSL	AFR	male
HG03442	0.0353265	-0.00453944	-0.00116889	-0.00158181	-0.0245369	-0.0283934	0.00767372	-0.00656816	0.00360722	-0.00567037	HG03442	MSL	AFR	male
HG03445	0.0353608	-0.0042501	-0.00217333	-0.00143022	-0.0260297	-0.0296511	0.00254592	-0.00618151	0.00689615	-0.00333357	HG03445	MSL	AFR	male
HG03446	0.0355189	-0.00450158	-0.00145425	-0.00121383	-0.0280451	-0.0306676	0.00599502	-0.00571332	0.00600338	-0.000762626	HG03446	MSL	AFR	female
HG03449	0.0354243	-0.00452483	-0.00105806	-0.000449727	-0.0236892	-0.0275724	0.00969836	-0.00466222	0.00538651	-0.00576442	HG03449	MSL	AFR	female
HG03451	0.0356391	-0.00415683	-0.000804054	-0.000641639	-0.0230697	-0.0294984	0.00983517	0.000156095	0.0156362	0.0104114	HG03451	MSL	AFR	male
HG03452	0.0353257	-0.00439793	-0.000685534	-0.000496309	-0.0240695	-0.0264847	0.00830797	-0.00165781	0.00804142	0.006667	HG03452	MSL	AFR	female
HG03455	0.0356197	-0.00446567	-0.000605106	-0.00100293	-0.0227322	-0.0267973	0.00502137	-0.0090747	0.000368942	0.00601823	HG03455	MSL	AFR	female
HG03457	0.0353491	-0.00449184	-0.000563859	-0.00133016	-0.0211904	-0.02606	0.0027177	-0.011198	0.00626903	0.00287992	HG03457	MSL	AFR	male
HG03458	0.0353536	-0.00458586	-0.00174027	-0.00138119	-0.0248336	-0.0317812	0.0057198	-0.00668401	0.00671427	0.00377046	HG03458	MSL	AFR	female
HG03460	0.0354651	-0.00527001	-0.0017884	-0.0011382	-0.0258664	-0.0301906	0.00749652	-0.00721812	-0.000677559	0.00193116	HG03460	MSL	AFR	male
HG03461	0.0354126	-0.00465073	-0.00106135	-0.00144846	-0.0226443	-0.0281724	0.00479524	-0.00442885	0.0061957	-0.00204967	HG03461	MSL	AFR	female
HG03464	0.035958	-0.00471109	-0.00104438	-0.000412375	-0.0238247	-0.0306243	0.0115088	0.00394139	0.0146038	0.00611834	HG03464	MSL	AFR	female
HG03469	0.0355419	-0.00426404	-0.00142369	-0.00122809	-0.0243026	-0.0292133	0.0105978	-0.000469746	0.00510934	0.0109875	HG03469	MSL	AFR	male
HG03470	0.0355736	-0.00464628	-0.00178747	-0.00141844	-0.0256001	-0.0308718	0.00357156	-0.0130574	0.00822715	-0.00227655	HG03470	MSL	AFR	female
HG03472	0.0352665	-0.00410716	-0.000705294	-0.000736386	-0.0254038	-0.0311904	0.0124597	0.00120692	0.012649	0.00318278	HG03472	MSL	AFR	male
HG03473	0.0355957	-0.00456614	-0.00145301	-0.00131106	-0.0241345	-0.0289956	0.00527663	-0.00763687	0.00376311	-0.00114581	HG03473	MSL	AFR	female
HG03476	0.0351197	-0.00445419	-0.00103515	-0.00093737	-0.020608	-0.0268546	0.00382735	-0.00766333	0.0061693	0.00462089	HG03476	MSL	AFR	female
HG03478	0.0356864	-0.00476288	-0.0017996	-0.000813811	-0.0266864	-0.032839	0.00750816	-0.0047604	0.000361812	-0.00375367	HG03478	MSL	AFR	male
HG03479	0.0354301	-0.00468756	-0.00119205	-0.00143904	-0.023569	-0.0257736	0.00573052	-0.00522826	0.00140884	-0.00308014	HG03479	MSL	AFR	female
HG03484	0.0357128	-0.00474486	-0.00153164	-0.00111817	-0.0236261	-0.0325853	0.00936455	-0.00696798	0.00617896	0.00173938	HG03484	MSL	AFR	male
HG03485	0.0350834	-0.00457635	-0.00108049	-0.000668176	-0.0212675	-0.0280522	0.00452223	-0.00963886	0.00162791	0.00393256	HG03485	MSL	AFR	female
HG03488	-0.0104258	0.0108278	-0.0294297	-0.00914957	-0.00120701	-0.00550961	-0.00183692	-0.00953049	-0.00281561	-0.000648594	HG03488	PJL	SAS	female
HG03490	-0.0104766	0.012167	-0.0265861	-0.00946288	-0.000690142	-0.00913683	-0.00673637	-0.00966851	-0.0051541	-0.00485168	HG03490	PJL	SAS	male
HG03491	-0.0106097	0.00737153	-0.0354906	-0.012616	0.000567399	-0.00755735	-0.00273934	-0.00858475	-0.00451284	-0.00551505	HG03491	PJL	SAS	female
HG03499	0.0354581	-0.0040818	-0.000638128	-0.000818265	0.00627135	0.000442896	-0.0058032	-0.00991063	-0.0570145	-0.00980033	HG03499	ESN	AFR	female
HG03511	0.0354746	-0.00441311	-0.00135982	-0.00167279	0.0085789	0.0043899	-0.00687084	-0.0104855	-0.0536482	-0.0104852	HG03511	ESN	AFR	female
HG03514	0.0355892	-0.00433737	-0.00108995	-0.000704912	0.00401827	0.00403968	-0.00160002	-0.00593301	-0.0502535	-0.0183017	HG03514	ESN	AFR	female
HG03515	0.0353678	-0.00399997	-0.00157361	-0.00105884	0.00263868	0.000902671	-0.00220464	-0.00809801	-0.0461883	-0.0174365	HG03515	ESN	AFR	male
HG03517	0.0357928	-0.00456107	-0.00104909	-0.00157975	0.00572767	0.00239958	-0.00500163	-0.00648663	-0.0537945	-0.00451045	HG03517	ESN	AFR	female
HG03518	0.035403	-0.00491974	-0.000743883	-0.00116093	0.00812316	0.00115991	-0.00520594	-0.0100002	-0.052602	-0.00398086	HG03518	ESN	AFR	male
HG03520	0.03591	-0.00489581	-0.000899012	-0.000379263	0.00205726	0.00428278	0.000292793	-0.00480775	-0.0459044	-0.0139332	HG03520	ESN	AFR	female
HG03521	0.0354257	-0.00464801	-0.00100528	-0.000860379	0.00118501	0.00171093	0.0001609	-0.00470257	-0.0441122	-0.0204833	HG03521	ESN	AFR	male
HG03538	0.0341079	-0.00393549	-0.00101116	-0.00110181	-0.036665	-0.0468111	0.00654728	-0.00486875	0.0417685	0.0167622	HG03538	GWD	AFR	male
HG03539	0.0326467	-0.00274472	-0.000458788	-0.000372312	-0.0334915	-0.0436081	0.00205544	-0.00295222	0.037453	0.0140882	HG03539	GWD	AFR	female
HG03547	0.0353891	-0.00432095	-0.00129351	-0.000927016	-0.0244352	-0.0299134	0.00718089	-0.00902613	0.00385149	0.00664189	HG03547	MSL	AFR	male
HG03548	0.0352758	-0.00430597	-0.000908196	-0.00125468	-0.0217923	-0.0291184	0.00558861	-0.00817538	0.00290493	0.00343063	HG03548	MSL	AFR	female
HG03556	0.0352908	-0.00451438	-0.00119294	-0.0011268	-0.0213598	-0.0266689	0.00447191	-0.00463387	0.0026912	0.00719028	HG03556	MSL	AFR	male
HG03557	0.0354602	-0.00463339	-0.000983174	-0.000507134	-0.0220993	-0.0277531	0.00499307	-0.00907156	0.000251219	0.00553871	HG03557	MSL	AFR	female
HG03558	0.035526	-0.00458825	-0.00145283	-0.00157074	-0.0166515	-0.0278195	0.0027591	-0.0131632	0.00435243	0.0058074	HG03558	MSL	AFR	female
HG03559	0.0353747	-0.00436291	-0.00191668	-0.000565181	-0.0225908	-0.0279699	0.00490643	-0.00957495	0.000466075	0.00140147	HG03559	MSL	AFR	male
HG03563	0.0353709	-0.00460217	-0.00164188	-0.0010417	-0.0203102	-0.02817	0.00357655	-0.00822569	0.000993659	0.00186267	HG03563	MSL	AFR	female
HG03565	0.0348746	-0.0047429	-0.00137927	-0.0013641	-0.0242183	-0.0295428	0.00354975	-0.00973564	0.00306536	0.00577651	HG03565	MSL	AFR	male
HG03567	0.0354933	-0.00437754	-0.00133557	-0.00226241	-0.0219266	-0.0274453	0.00287224	-0.0118985	0.00559718	0.00931172	HG03567	MSL	AFR	female
HG03571	0.0353217	-0.00463169	-0.00196055	-0.00103041	-0.0236346	-0.0264043	0.00784355	-0.0073463	0.00797989	-0.00260108	HG03571	MSL	AFR	male
HG03572	0.0351225	-0.00464384	-0.000728773	-0.00126162	-0.0213061	-0.0271505	0.00342619	-0.00972844	0.00620797	0.00285234	HG03572	MSL	AFR	female
HG03575	0.0347685	-0.00415626	-0.00125695	-0.00100764	-0.0183456	-0.0219269	0.00467612	-0.00568516	0.00342299	0.00034792	HG03575	MSL	AFR	female
HG03577	0.0353922	-0.00413489	-0.0020694	-0.00060391	-0.0223847	-0.0257952	0.00571242	-0.0042196	-0.00274413	0.00682393	HG03577	MSL	AFR	male
HG03578	0.035191	-0.00412082	-0.00120039	-0.00100353	-0.0219199	-0.0261272	0.00758634	-0.00774373	0.0106563	0.00835564	HG03578	MSL	AFR	female
HG03583	0.0355088	-0.00420824	-0.00098399	-0.00117334	-0.0215758	-0.0292453	0.00476432	-0.00897765	0.000802127	0.000636075	HG03583	MSL	AFR	female
HG03585	-0.0110437	0.00189831	-0.03345	-0.0116793	-0.00153843	-0.00362352	-0.00224778	-0.0103731	0.000690518	0.00293223	HG03585	BEB	SAS	male
HG03589	-0.0110715	0.00255251	-0.0357996	-0.0118765	-0.00412468	-0.00601219	-0.00583638	-0.0061503	-0.00236173	-0.00287325	HG03589	BEB	SAS	female
HG03593	-0.0111809	0.00214395	-0.0339597	-0.0116132	-0.00257288	-0.00247767	-0.00290661	-0.00830452	-0.00427842	0.00453215	HG03593	BEB	SAS	male
HG03594	-0.0109182	0.00183447	-0.0335278	-0.0121501	-0.00353589	-0.00253441	-0.00373061	-0.00926122	-0.00579775	-0.000408834	HG03594	BEB	SAS	male
HG03595	-0.0112319	0.00196736	-0.0332219	-0.0111294	-0.0047309	-0.00639129	-0.0036977	-0.00890447	-0.00620276	-0.00560354	HG03595	BEB	SAS	female
HG03598	-0.0112798	0.00228555	-0.0330748	-0.0111162	-0.00160328	-0.00415907	-0.00340049	-0.0130663	-0.00498877	-0.00294723	HG03598	BEB	SAS	female
HG03600	-0.0107792	0.00327854	-0.0406407	-0.016366	-0.0051076	0.0108439	0.015871	0.0094788	0.00220961	-0.0327941	HG03600	BEB	SAS	male
HG03603	-0.0112986	0.000915448	-0.0343375	-0.011421	-0.00751066	0.00993889	0.0134354	0.00582416	0.0014474	-0.0357547	HG03603	BEB	SAS	male
HG03604	-0.0111835	0.0018992	-0.0342917	-0.0114642	-0.0053623	0.00814899	0.0148179	0.00456913	0.00446535	-0.0362983	HG03604	BEB	SAS	female
HG03607	-0.0111805	0.00144534	-0.0337392	-0.0113189	-0.00358632	-0.00618585	-0.00044	-0.0125253	-0.00508955	-0.00257014	HG03607	BEB	SAS	female
HG03611	-0.0113737	0.00162169	-0.0320449	-0.0104383	-0.00916343	0.00597888	0.00849994	0.0086094	-0.000388069	-0.0414631	HG03611	BEB	SAS	female
HG03615	-0.0109286	0.00235838	-0.0335664	-0.0105644	-0.000555123	-0.00483038	-0.00382379	-0.00383034	0.000195439	0.00441881	HG03615	BEB	SAS	male
HG03616	-0.0107985	0.00210452	-0.0334972	-0.0117148	-0.000836124	-0.00484559	-0.00448994	-0.00991054	-0.00433374	0.0056	HG03616	BEB	SAS	female
HG03619	-0.0105474	0.0139736	-0.0222985	-0.00631886	-0.00490075	-0.000637441	0.00856317	-0.00120715	-7.6568e-05	-0.0301647	HG03619	PJL	SAS	female
HG03624	-0.0103328	0.0138499	-0.0260094	-0.00834927	0.000369194	-0.00547566	-0.00728114	-0.0101385	-0.00784353	0.00357642	HG03624	PJL	SAS	male
HG03625	-0.0104278	0.0144076	-0.024575	-0.00714214	-0.000182452	-0.00717172	-0.00882311	-0.0129258	-0.00918032	-0.00100684	HG03625	PJL	SAS	female
HG03629	-0.0101735	0.0117125	-0.0274979	-0.00865992	-0.00154377	-0.00472575	-0.00498556	-0.0100936	-0.00640262	-0.00691203	HG03629	PJL	SAS	male
HG03631	-0.0104348	0.0107966	-0.0295754	-0.00929244	-0.00259291	-0.00653455	-0.00309066	-0.00690683	-0.00560131	-0.00856363	HG03631	PJL	SAS	female
HG03634	-0.0106502	0.012556	-0.0248725	-0.00609436	-0.00635275	0.00294572	0.00980951	0.00664594	-0.000238172	-0.0394155	HG03634	PJL	SAS	female
HG03636	-0.0107125	0.00982668	-0.0284318	-0.00959376	0.00392957	-0.0055663	-0.0035115	-0.0126507	-0.0042239	0.00395757	HG03636	PJL	SAS	male
HG03640	-0.0105977	0.0058647	-0.0368749	-0.0143153	0.00383149	-0.00501116	-0.00463525	-0.00774387	-0.00435625	-0.0015267	HG03640	PJL	SAS	female
HG03642	-0.0103579	0.00408951	-0.0416929	-0.0159975	0.00161898	-0.0045672	-0.00394113	-0.00288342	-0.00113233	0.00471586	HG03642	STU	SAS	female
HG03643	-0.0103676	0.00534317	-0.0398201	-0.0140186	-0.000750752	-0.00243371	-0.00360245	0.00152705	0.00324184	-0.00297667	HG03643	STU	SAS	female
HG03644	-0.0102814	0.00550313	-0.0398398	-0.0144741	-0.000587256	-0.00285314	-0.000608681	-0.00185047	0.000325383	-0.00696217	HG03644	STU	SAS	male
HG03645	-0.0104116	0.00465558	-0.0412182	-0.0144243	-0.00120582	-0.00396902	-0.00395184	-0.00306825	-0.00279929	-0.00660023	HG03645	STU	SAS	female
HG03646	-0.0104161	0.00500345	-0.0399323	-0.0141897	-0.0020992	-0.00390936	-0.000996051	-0.00427578	-0.00285694	-0.00593881	HG03646	STU	SAS	male
HG03649	-0.0103606	0.00907848	-0.0303591	-0.0116348	0.00189355	-0.00644108	-0.00788351	-0.00965086	-0.00422277	0.00672412	HG03649	PJL	SAS	male
HG03652	-0.0105188	0.00823845	-0.0343663	-0.0130691	0.00417794	-0.00394402	-0.00695053	-0.00919469	-0.00511381	0.00689181	HG03652	PJL	SAS	male
HG03653	-0.0103983	0.0086446	-0.0330356	-0.012614	0.00197032	-0.00310735	-0.00719194	-0.00994292	-0.0056198	0.00743862	HG03653	PJL	SAS	female
HG03660	-0.0108125	0.00629744	-0.0369564	-0.0133778	-0.00285168	-0.00307593	0.000893334	-0.00702811	-0.00163906	-0.00871335	HG03660	PJL	SAS	male
HG03663	-0.0107473	0.00570128	-0.0386861	-0.0143039	-0.00345309	-0.000744615	0.00436792	-0.00762951	-0.00021014	-0.0144017	HG03663	PJL	SAS	male
HG03667	-0.0107494	0.00423439	-0.0375852	-0.0131052	-0.0062647	0.0098663	0.0116458	0.0106272	0.00410302	-0.0416087	HG03667	PJL	SAS	male
HG03668	-0.010535	0.00821	-0.0314929	-0.0105909	-0.00513918	0.00312267	0.0120777	0.00711516	0.000762123	-0.0366149	HG03668	PJL	SAS	female
HG03672	-0.010341	0.00668233	-0.0403868	-0.0149945	-0.00322055	-0.00346828	-0.0038128	-0.00287499	0.000666405	-0.00723419	HG03672	STU	SAS	male
HG03673	-0.0102216	0.00560711	-0.039275	-0.0151013	-0.0013074	-0.00458417	-0.00136341	0.00170947	0.00126208	-0.000906967	HG03673	STU	SAS	female
HG03679	-0.010173	0.0058845	-0.0401961	-0.0142264	-0.000522125	-0.00488743	-0.00153018	0.000659057	-0.00134553	-0.00473254	HG03679	STU	SAS	male
HG03680	-0.0104237	0.00567439	-0.040739	-0.0151991	-0.00288769	-0.00357343	-0.00287164	0.000429384	0.00129155	-0.00227305	HG03680	STU	SAS	male
HG03681	-0.0103617	0.00550834	-0.0394666	-0.0152159	0.000772926	-0.00584605	1.26805e-05	0.00135924	0.000741165	-0.00328279	HG03681	STU	SAS	male
HG03684	-0.0103942	0.00229311	-0.0436963	-0.0184842	0.00137118	-0.00500003	-0.00518154	-0.00322569	-0.00449741	0.00456551	HG03684	STU	SAS	female
HG03685	-0.0102943	0.00509786	-0.0404619	-0.0149594	-0.000981193	-0.00391034	0.00119091	0.00148985	0.00116894	-0.00422642	HG03685	STU	SAS	male
HG03686	-0.0104327	0.00366785	-0.0425608	-0.0173899	0.00106352	-0.00479767	-0.00365499	-0.00278418	-0.000641406	-0.00933733	HG03686	STU	SAS	male
HG03687	-0.0103337	0.00541234	-0.0400755	-0.0158807	-0.00153425	-0.00481006	-0.0049799	-0.00270876	-0.000718044	-0.00915893	HG03687	STU	SAS	male
HG03689	-0.0106357	0.00531585	-0.0415243	-0.0152259	0.000640589	-0.0044752	-0.00364546	-0.00361302	-0.00347542	-0.00777945	HG03689	STU	SAS	female
HG03690	-0.0103945	0.00562353	-0.0400626	-0.0160468	0.00289225	-0.00315625	-0.00179732	-0.0023432	-0.00295676	-0.0069379	HG03690	STU	SAS	female
HG03691	-0.0105412	0.00438193	-0.0404189	-0.014696	0.00052747	-0.00479076	-0.0032973	-0.000151011	-0.000272153	-0.0083309	HG03691	STU	SAS	male
HG03692	-0.0102787	0.00427097	-0.0410906	-0.0153768	-0.00070358	-0.00553089	-0.00155145	-1.39635e-05	-0.00117158	0.000236014	HG03692	STU	SAS	female
HG03693	-0.0105093	0.00424061	-0.040605	-0.0154853	0.00206588	-0.00617923	0.000343386	0.00605245	0.00158694	-0.00741277	HG03693	STU	SAS	male
HG03694	-0.0105818	0.00568284	-0.0299905	-0.00830444	-0.00619458	-0.00470561	-0.00512119	-0.00747031	-0.0029333	-0.00980424	HG03694	STU	SAS	male
HG03695	-0.0104968	0.00504374	-0.0413396	-0.0153794	-9.9797e-05	-0.00622792	-0.00436959	-0.00140675	-0.00164189	-0.00995703	HG03695	STU	SAS	male
HG03696	-0.0105359	0.00560869	-0.0404514	-0.0148588	-0.00177417	-0.00514594	-0.0013138	-0.00536466	-0.0022576	-0.00908347	HG03696	STU	SAS	male
HG03697	-0.0102788	0.00541595	-0.0399538	-0.0147398	0.00025376	-0.00694687	-0.00390265	-0.00187111	-0.00344409	-0.00706141	HG03697	STU	SAS	male
HG03698	-0.0104083	0.00547657	-0.0384353	-0.01487	-7.17086e-05	-0.00690705	0.000156782	-0.00546789	-0.0016392	-0.010687	HG03698	STU	SAS	female
HG03702	-0.0106765	0.00694149	-0.035326	-0.0131728	-0.0030756	0.00269521	0.0113662	0.00873853	0.00162954	-0.0356461	HG03702	PJL	SAS	male
HG03703	-0.0109102	0.00725325	-0.0341577	-0.012042	-0.00557244	0.00547003	0.0122838	0.00350611	0.000329963	-0.0327276	HG03703	PJL	SAS	female
HG03705	-0.0106861	0.00607542	-0.0372553	-0.0139756	0.00233097	-0.00340574	-0.00386862	-0.00786273	-0.000648911	-0.00402273	HG03705	PJL	SAS	male
HG03706	-0.0105004	0.00696141	-0.0364506	-0.0144451	0.00182374	-0.00253438	-0.00266474	-0.012815	-0.00576043	-0.00105715	HG03706	PJL	SAS	female
HG03708	-0.010834	0.00904719	-0.0307298	-0.00952761	-0.00488304	0.0030748	0.00745665	0.00415929	0.00290164	-0.0321751	HG03708	PJL	SAS	male
HG03709	-0.0108598	0.00629694	-0.0340695	-0.0115937	-0.00592806	0.00681726	0.0123681	0.00611575	-0.000295226	-0.0377406	HG03709	PJL	SAS	female
HG03711	-0.010231	0.00615223	-0.0399692	-0.0155144	-0.000220229	-0.00314126	0.000185253	-0.0049825	-0.0010447	-0.00883811	HG03711	STU	SAS	male
HG03713	-0.0103262	0.00863608	-0.032872	-0.0111364	0.000238449	-0.00714319	-1.14143e-05	-0.00427241	0.000804616	-0.00349193	HG03713	ITU	SAS	male
HG03714	-0.0104065	0.00905421	-0.0328317	-0.0112695	-0.00334525	-0.00199546	-0.000683197	-0.00131004	0.00102309	-0.00323134	HG03714	ITU	SAS	female
HG03716	-0.0105179	0.00948111	-0.0331732	-0.0120673	0.000383082	-0.00547034	0.000620598	-0.00209451	0.000475258	-0.00530508	HG03716	ITU	SAS	male
HG03717	-0.0105773	0.00515569	-0.0435958	-0.0169454	0.000298289	0.00107008	0.00173399	0.0064945	0.00135153	0.000526398	HG03717	ITU	SAS	female
HG03718	-0.0104751	0.00474288	-0.0432323	-0.0181336	0.00207715	-0.001108	-0.00177677	-0.00494191	-0.00247405	-0.0048034	HG03718	ITU	SAS	male
HG03720	-0.010588	0.00431035	-0.040463	-0.0153119	7.98192e-05	-0.00508459	-0.00308212	-0.00547603	-0.00332175	0.000209606	HG03720	ITU	SAS	male
HG03722	-0.0102061	0.00458243	-0.0423571	-0.0170876	0.000633445	-0.0038456	-0.000700197	-0.00167202	-0.00150988	0.00128152	HG03722	ITU	SAS	female
HG03727	-0.0101344	0.00678779	-0.0383787	-0.0150553	-0.00118717	-0.0080928	-0.00535711	-0.000496558	-0.000921369	0.00161078	HG03727	ITU	SAS	male
HG03729	-0.0103927	0.0066474	-0.0403559	-0.0152479	-0.000439705	-0.00302569	0.000457238	0.00397872	0.000335557	-0.00301126	HG03729	ITU	SAS	male
HG03730	-0.0104092	0.00213365	-0.0435732	-0.0177671	-0.000193682	-0.003927	0.00148814	0.00373974	0.00401847	0.00195174	HG03730	ITU	SAS	female
HG03731	-0.0103096	0.00722667	-0.0392349	-0.014641	-0.00204333	-0.00560241	-0.00180461	-0.0033631	-0.00162528	0.000374783	HG03731	ITU	SAS	female
HG03733	-0.01041	0.00512647	-0.0422397	-0.0163831	-0.00233804	-0.00177276	-0.00174804	2.63308e-05	-0.00468308	-0.02942	HG03733	STU	SAS	female
HG03736	-0.0105194	0.00490439	-0.0390906	-0.0146113	0.00065506	-0.00198208	-0.00453948	-0.00034262	-0.00365622	-0.00798635	HG03736	STU	SAS	female
HG03738	-0.0103449	0.00618879	-0.0400298	-0.0145003	-0.00109477	-0.00539016	-0.00385056	-0.00398738	-0.00370017	-0.00637548	HG03738	STU	SAS	male
HG03740	-0.0103911	0.00438238	-0.0423601	-0.0163305	0.00140613	-0.00291299	0.00194184	0.000510908	0.00110125	0.00345635	HG03740	STU	SAS	male
HG03741	-0.0105224	0.00409496	-0.0405385	-0.0140418	-0.0011053	-0.00214585	0.00126775	0.00104504	0.00264143	-0.00783858	HG03741	STU	SAS	female
HG03742	-0.0105631	0.00470118	-0.0398598	-0.0150844	-0.00187605	-0.00389834	-0.00188827	-0.00333211	-0.00198676	-0.00842915	HG03742	ITU	SAS	male
HG03743	-0.0106715	0.00123031	-0.0444777	-0.0172012	0.00155942	-0.00441439	-0.000947041	0.00301932	0.000491427	-0.00243568	HG03743	STU	SAS	male
HG03744	-0.0104332	0.00440426	-0.0398534	-0.0153097	-0.000456705	-0.00597988	-0.00536873	-0.00389226	-0.00471604	-0.0050501	HG03744	STU	SAS	male
HG03745	-0.0104071	0.00544555	-0.039714	-0.0158732	0.00121226	-0.00523503	-0.00473556	-0.00228698	-0.00316344	-0.00507036	HG03745	STU	SAS	male
HG03746	-0.0106103	0.00922037	-0.0326431	-0.0113566	0.0029472	-0.0073735	-0.00261346	-0.00855362	-0.00149999	0.00796035	HG03746	STU	SAS	male
HG03750	-0.0103127	0.00554564	-0.0398362	-0.0148444	-0.000132727	-0.00391406	-0.00438109	-0.000615493	0.0011679	-0.00115745	HG03750	STU	SAS	male
HG03752	-0.0104105	0.00598224	-0.0392148	-0.0144306	0.000586789	-0.00385258	-0.00300137	-0.00347279	-0.00499442	-0.00900905	HG03752	STU	SAS	female
HG03753	-0.0101483	0.00497527	-0.0398163	-0.0147614	-0.00249447	-0.00583677	-0.00597637	-0.00155104	-0.00396384	-0.0099003	HG03753	STU	SAS	male
HG03754	-0.010146	0.00598808	-0.0402093	-0.0155521	-0.00215871	-0.00326683	-0.00682164	-0.00233481	0.000203306	-0.00145621	HG03754	STU	SAS	female
HG03755	-0.0103968	0.00538061	-0.0400795	-0.015116	-0.00104937	-0.00665199	-0.00616591	-0.00578839	-0.000905655	-0.00329677	HG03755	STU	SAS	male
HG03756	-0.0102767	0.00588811	-0.0391091	-0.0148339	-0.00130736	-0.00532571	-0.00505304	0.000268784	0.000138936	-0.0011596	HG03756	STU	SAS	female
HG03757	-0.0103642	0.0025434	-0.0445085	-0.0173603	0.00273451	-0.00463222	-0.0026774	-0.00452087	0.00143526	0.00699696	HG03757	STU	SAS	female
HG03760	-0.0104032	0.00521494	-0.040271	-0.0142678	-0.00197609	-0.00455669	-0.00540505	-0.00366528	-0.00385451	-0.00775014	HG03760	STU	SAS	female
HG03762	-0.0104039	0.00576303	-0.0368314	-0.0132175	0.00362472	-0.00204386	-0.00635627	-0.006325	-0.00611959	0.000483707	HG03762	PJL	SAS	female
HG03765	-0.0105306	0.0110192	-0.0283061	-0.00835079	-0.000327283	-0.00355338	-0.007267	-0.0101116	-0.00470101	0.00553737	HG03765	PJL	SAS	female
HG03767	-0.0105255	0.0145057	-0.0223907	-0.00562524	0.00150323	-0.00769279	-0.0113914	-0.00901302	-0.00808874	0.00234373	HG03767	PJL	SAS	male
HG03770	-0.0103362	0.00257275	-0.0399065	-0.0141956	-0.000318434	-0.0029572	-0.00307044	-0.00228257	0.00137018	-0.00314814	HG03770	ITU	SAS	female
HG03771	-0.0106737	0.00344906	-0.0399179	-0.0144375	-0.00163087	-0.00348574	-0.00158939	0.0002807	-0.000340713	0.00122848	HG03771	ITU	SAS	male
HG03772	-0.0106332	0.00492196	-0.0452632	-0.0185268	-0.00146085	0.000798875	0.00235072	0.00685734	0.00240363	-0.00179093	HG03772	ITU	SAS	female
HG03773	-0.0104569	0.00513445	-0.0452154	-0.0175581	0.000918978	-0.00359419	-0.000879252	0.00091798	0.000941088	0.00441768	HG03773	ITU	SAS	male
HG03774	-0.0104401	0.00679143	-0.0390966	-0.0149894	0.00259113	-0.00368216	-0.00658061	-0.00491258	-0.00295289	-3.73839e-05	HG03774	ITU	SAS	female
HG03775	-0.0100833	0.00623784	-0.0398863	-0.014285	-0.00190319	-0.00307206	-0.00350658	0.00152549	0.000322569	0.00460991	HG03775	ITU	SAS	male
HG03777	-0.0102922	0.00706648	-0.0388871	-0.0147321	-0.000146146	-0.00558879	-0.00452531	-0.00249986	-0.00483056	-0.0072637	HG03777	ITU	SAS	male
HG03778	-0.010681	0.0044559	-0.0390166	-0.0155417	-0.00338054	0.00441061	0.0101939	0.00721642	0.00165157	-0.0325358	HG03778	ITU	SAS	male
HG03779	-0.0101888	0.00574175	-0.03991	-0.0148841	-0.00103419	-0.00533971	-0.00257015	-0.00363937	-0.00281013	-0.00768625	HG03779	ITU	SAS	male
HG03780	-0.010476	0.00698427	-0.0395101	-0.0135692	-0.00145125	-0.00588626	-0.00750685	-0.0042026	-0.00269849	-0.00648427	HG03780	ITU	SAS	female
HG03781	-0.0106039	0.00562581	-0.038491	-0.0141631	-0.000635844	-0.00151885	-0.000846539	-0.00102023	0.00230873	0.00237833	HG03781	ITU	SAS	female
HG03782	-0.0102493	0.00700302	-0.0394123	-0.0144699	-0.00100229	-0.00489866	-0.00520332	-0.00229125	0.000477339	-0.00838014	HG03782	ITU	SAS	female
HG03784	-0.0106992	0.00490699	-0.0440922	-0.0171743	-0.001213	0.00040218	0.00322267	0.00340171	-9.16993e-05	-0.000476435	HG03784	ITU	SAS	female
HG03785	-0.0105753	0.00459109	-0.0458985	-0.0187393	-0.00208435	-0.00261558	0.000173895	0.000833503	-0.0019021	-0.0021944	HG03785	ITU	SAS	male
HG03786	-0.0106187	0.00509417	-0.044735	-0.0181613	-0.000780338	-0.00231177	-0.00117668	0.00715653	5.79051e-05	0.000860127	HG03786	ITU	SAS	male
HG03787	-0.0103215	0.0040303	-0.0418756	-0.0165968	-0.000584777	7.26309e-05	-0.000393552	0.000356086	0.000821492	-0.00415723	HG03787	ITU	SAS	female
HG03788	-0.0101731	0.00713225	-0.037163	-0.0149057	-0.000254694	-0.00586302	-0.00456581	-0.00459315	-0.00253818	0.00486674	HG03788	ITU	SAS	male
HG03789	-0.0105676	0.0084135	-0.0344725	-0.0125668	0.000113508	-0.00367116	0.00280807	-0.000194837	0.000298308	0.00280917	HG03789	ITU	SAS	female
HG03790	-0.0102012	0.00743375	-0.0394974	-0.0147504	-0.000770025	-0.00484249	-0.00434381	-0.00127007	-0.00251859	-0.00851935	HG03790	ITU	SAS	male
HG03792	-0.0103025	0.0067936	-0.0387455	-0.0139895	-0.00243507	-0.000463733	-0.0088445	0.000501228	0.000906784	-0.0136376	HG03792	ITU	SAS	male
HG03793	-0.0109525	0.00271882	-0.0360783	-0.0141837	0.000615653	-0.00393567	0.00280166	-0.0039849	-0.00238949	0.00164325	HG03793	BEB	SAS	female
HG03796	-0.0110522	-0.000966877	-0.0320761	-0.0110111	-0.00202839	-0.00496394	-0.00455993	-0.0111363	-0.00383972	0.0077683	HG03796	BEB	SAS	female
HG03800	-0.0112039	-0.00126102	-0.0353441	-0.0124616	-0.00255515	-0.00112443	-0.000595306	-0.00639017	-0.00100891	0.00371297	HG03800	BEB	SAS	male
HG03802	-0.0109585	0.00241105	-0.0354505	-0.0121126	-0.000536262	-0.00253795	-0.000170597	-0.00778176	-0.00119433	0.00752114	HG03802	BEB	SAS	female
HG03803	-0.0110042	0.002523	-0.0335227	-0.0115268	0.000361924	-0.0037138	-0.00138199	-0.00620202	-0.00114375	0.000861688	HG03803	BEB	SAS	male
HG03805	-0.0111753	0.00223079	-0.0331073	-0.0120821	-0.00287803	-0.0012101	0.0015655	-0.00775241	-0.00385294	-0.00432551	HG03805	BEB	SAS	female
HG03808	-0.0112936	0.00137102	-0.0325754	-0.0110908	-0.00275686	-0.00515348	-0.0019059	-0.0101361	-0.00755769	-0.00686479	HG03808	BEB	SAS	female
HG03809	-0.0113137	0.00214303	-0.0337162	-0.013079	-0.00465263	-0.0031526	-0.0031201	-0.00596757	-0.00368673	-0.00668481	HG03809	BEB	SAS	male
HG03812	-0.0112584	0.00175039	-0.0332385	-0.0110409	-0.00321729	-0.00416599	-0.00439345	-0.00796754	-0.00136153	0.00108196	HG03812	BEB	SAS	male
HG03814	-0.0111351	0.000569075	-0.033407	-0.0110894	-0.00342399	-0.00722843	-0.00684597	-0.0169104	-0.00422549	-0.00135281	HG03814	BEB	SAS	female
HG03815	-0.0111228	0.00130877	-0.0320948	-0.0118273	-0.0030153	-0.00497567	-0.00380037	-0.00892487	-0.000148539	0.00689685	HG03815	BEB	SAS	male
HG03817	-0.0112498	0.00239901	-0.0338936	-0.0110225	-0.00281818	-0.00325764	-0.00172021	-0.0103482	-0.000744357	0.00141973	HG03817	BEB	SAS	female
HG03821	-0.0108772	0.00278098	-0.0339881	-0.0123781	0.00133952	-0.00296938	-0.00257693	-0.0108871	-0.00574366	0.00402757	HG03821	BEB	SAS	male
HG03823	-0.0113783	0.00246903	-0.0343171	-0.0124807	-0.00281529	-0.00256636	-0.00455473	-0.0114523	-0.00380699	-0.00665369	HG03823	BEB	SAS	female
HG03824	-0.0110752	0.000629049	-0.0322215	-0.0122072	-0.00303899	-0.00717828	-0.00383105	-0.0177245	-0.00842364	-0.00248846	HG03824	BEB	SAS	male
HG03826	-0.0109125	0.00241399	-0.0337019	-0.0110148	-0.00226111	-0.00557345	-0.00357094	-0.00961853	-0.00469823	-0.00263137	HG03826	BEB	SAS	female
HG03829	-0.0113131	0.00136643	-0.0342012	-0.0116002	-0.0035817	-0.00643939	-0.00819363	-0.0129319	-0.0038722	-0.00198827	HG03829	BEB	SAS	female
HG03830	-0.0112412	0.000937376	-0.0337325	-0.0112002	-0.00134758	-0.00580206	-0.00470743	-0.0106431	-0.00454804	-0.00699155	HG03830	BEB	SAS	male
HG03832	-0.010969	0.00187048	-0.0347758	-0.0123466	0.00172015	-0.00542898	-0.00104712	-0.0110055	-0.00223292	-0.00506661	HG03832	BEB	SAS	female
HG03833	-0.0113247	0.00190796	-0.0329886	-0.0121873	-0.00279887	-0.00106616	0.000175094	-0.00952126	-0.00388728	-0.00688563	HG03833	BEB	SAS	male
HG03836	-0.0101906	0.00591862	-0.0397939	-0.0148582	-0.00207807	-0.00452033	-0.00642194	-0.00366115	0.00022534	-0.00948101	HG03836	STU	SAS	female
HG03837	-0.0102721	0.00598268	-0.0409497	-0.0152908	-0.000103042	-0.00327675	-0.00624878	-0.00272046	-0.0039833	-0.0071924	HG03837	STU	SAS	male
HG03838	-0.010426	0.00443803	-0.0400915	-0.0145781	8.72869e-07	-0.00575701	-0.0032223	-0.00281611	0.00032198	0.00406169	HG03838	STU	SAS	female
HG03844	-0.0102598	0.00470387	-0.0396234	-0.0142981	-0.000248991	-0.00652	-0.00411051	-0.00281455	0.000340191	0.00384098	HG03844	STU	SAS	male
HG03846	-0.0105263	0.00452956	-0.0412421	-0.014825	-4.01207e-05	-0.00415179	-0.00369392	-0.00306907	-0.00184298	-0.0018533	HG03846	STU	SAS	male
HG03848	-0.010446	0.00512473	-0.0404373	-0.0159538	0.000245719	-0.00484942	-0.00443127	-0.00390813	-0.000243746	0.000214119	HG03848	STU	SAS	male
HG03849	-0.0103183	0.00483838	-0.0409747	-0.0152078	-0.000336466	-0.00354624	-0.000368399	0.00233229	0.000209339	-0.00143412	HG03849	STU	SAS	female
HG03850	-0.0106289	0.00532616	-0.0395129	-0.0142659	-0.000471562	-0.00340988	-0.00534509	-0.00438193	-0.00662545	-0.00622907	HG03850	STU	SAS	male
HG03851	-0.0102	0.00568446	-0.0400571	-0.0146	0.000285807	-0.0036402	-0.00358343	-0.00292546	0.00119271	-0.00133522	HG03851	STU	SAS	male
HG03854	-0.0107023	0.00551724	-0.0387187	-0.013642	-0.00387188	0.00638266	0.0103378	0.0100258	0.00197468	-0.0389438	HG03854	STU	SAS	male
HG03856	-0.0109017	0.00103772	-0.0451761	-0.0183896	0.00221942	-0.0050185	-0.000887968	-0.00548621	-0.000880306	-0.00284465	HG03856	STU	SAS	male
HG03857	-0.0108413	0.00460953	-0.0394774	-0.0134614	-0.00567598	0.00322773	0.00816519	0.0109102	-0.0011597	-0.0382996	HG03857	STU	SAS	female
HG03858	-0.0102265	0.00344296	-0.0405781	-0.0146868	0.000263573	-0.006413	-0.0013722	0.00122582	-0.000265823	-0.00304359	HG03858	STU	SAS	female
HG03861	-0.010446	0.00498658	-0.0447441	-0.0193349	-0.000966544	-0.00323897	-0.00242927	-0.00188952	-0.00382589	-0.000155214	HG03861	ITU	SAS	female
HG03862	-0.0103305	0.00700477	-0.038616	-0.015354	0.00133329	-0.00447336	-0.00691709	-0.00319455	-0.00470731	0.00543186	HG03862	ITU	SAS	female
HG03863	-0.0102328	0.00676519	-0.0391609	-0.0142817	-0.001709	-0.00645138	-0.00415985	-0.000673971	-0.00583636	-0.0107153	HG03863	ITU	SAS	female
HG03864	-0.0103268	0.00666356	-0.0395927	-0.0144855	0.00271401	-0.0076875	-0.00611556	-0.00423266	-0.00019891	0.00571623	HG03864	ITU	SAS	male
HG03866	-0.0103665	0.00575239	-0.0399562	-0.0158354	0.00430408	-0.004122	-0.006435	-0.00483983	-0.00540076	0.000948132	HG03866	ITU	SAS	male
HG03867	-0.0106548	0.00257991	-0.0419965	-0.0167524	-0.000536778	-0.00489181	-0.00101127	-0.00691371	-0.00169154	-0.00241394	HG03867	ITU	SAS	male
HG03868	-0.0105381	0.00695836	-0.0385366	-0.013515	-0.00413802	-0.00133237	-0.00465034	-0.00107245	-0.00345969	-0.0115479	HG03868	ITU	SAS	female
HG03869	-0.0102805	0.00634602	-0.0393606	-0.014374	-0.000854398	-0.00367058	-0.00289239	0.00630158	-0.000716055	-0.00827783	HG03869	ITU	SAS	male
HG03870	-0.0103228	0.00681707	-0.0390843	-0.0162488	-0.00195712	-0.00245676	-0.0082466	-0.00303359	0.000625831	0.00122318	HG03870	ITU	SAS	male
HG03871	-0.0103833	0.00689504	-0.039808	-0.0143875	-0.000734706	-0.00251966	-0.00307019	-0.00253028	-0.000705064	-0.0109897	HG03871	ITU	SAS	male
HG03872	-0.0103739	0.00654262	-0.0397303	-0.0153483	-0.000704752	-0.00304301	-0.00367683	-0.00134203	-0.00518414	-0.0022417	HG03872	ITU	SAS	male
HG03873	-0.0105472	0.00539343	-0.0417569	-0.0165413	-0.000416925	-0.00575986	-0.00424772	-0.00647366	-0.00469287	-0.01008	HG03873	ITU	SAS	female
HG03874	-0.0104367	0.00555794	-0.0378813	-0.0132264	0.000961377	-0.00766556	-0.00273896	-0.000301488	-0.000767711	0.00429783	HG03874	ITU	SAS	female
HG03875	-0.010662	0.00914552	-0.0325033	-0.0100123	-0.00631889	0.00661471	0.00991644	0.00746448	0.000720686	-0.0351238	HG03875	ITU	SAS	male
HG03882	-0.0103637	0.00706281	-0.0391718	-0.0147572	-0.00161829	-0.00460084	-0.00199408	0.00277786	-0.000346	-0.0023286	HG03882	ITU	SAS	female
HG03884	-0.0102664	0.00576574	-0.0408533	-0.0144833	7.09511e-05	-0.00481495	0.000253366	0.000227081	-0.00230614	-0.00172954	HG03884	STU	SAS	female
HG03885	-0.010356	0.00555088	-0.0394405	-0.0151431	0.00076599	-0.00465916	0.000945426	-0.00213498	0.000580732	-0.000259246	HG03885	STU	SAS	male
HG03886	-0.0102583	0.00576404	-0.040493	-0.0148796	0.00238671	-0.00272481	-0.00258925	0.00366027	-0.000491827	-0.00448285	HG03886	STU	SAS	female
HG03887	-0.0104415	0.00526646	-0.0410181	-0.0156618	0.000997249	-0.00425161	-0.00283241	-0.00199062	0.000621172	0.00268858	HG03887	STU	SAS	male
HG03888	-0.0104907	0.00905194	-0.0331038	-0.0116976	2.15417e-05	-0.004849	0.000516019	-0.0021208	-0.00231601	0.00189646	HG03888	STU	SAS	female
HG03890	-0.01017	0.00498519	-0.0403627	-0.0143413	-0.000105622	-0.00585622	-0.00666649	0.000148784	-0.00289083	-0.00249887	HG03890	STU	SAS	male
HG03894	-0.010141	0.00496335	-0.0410001	-0.0159321	0.00128684	-0.00394418	-0.00480857	-0.00368512	-0.00332066	-0.00567887	HG03894	STU	SAS	female
HG03895	-0.0102823	0.00573252	-0.0390302	-0.0152452	0.000564682	-0.0059666	-0.00444415	-0.00108597	-0.00232122	-0.00492549	HG03895	STU	SAS	female
HG03896	-0.0104472	0.00483451	-0.0419107	-0.0159914	-0.00122006	-0.00251533	-0.00129699	0.000243977	0.000742902	7.80759e-05	HG03896	STU	SAS	male
HG03897	-0.010416	0.0065297	-0.0393759	-0.0147675	-0.00269603	-0.00349257	-0.00574971	-0.00676674	-0.00245996	0.00292144	HG03897	STU	SAS	female
HG03898	-0.0102606	0.00524859	-0.0407134	-0.0159962	-0.000377514	-0.00211698	-0.00148789	0.00186887	0.00165419	-0.00304521	HG03898	STU	SAS	female
HG03899	-0.0106468	0.00479224	-0.0407738	-0.0149011	-0.00648567	0.0068266	0.0101872	0.0103652	-0.00137104	-0.0541132	HG03899	STU	SAS	male
HG03900	-0.0102084	0.00597592	-0.0391123	-0.0147085	0.00244076	-0.00570906	-0.00169546	-0.000884587	0.00220065	-0.00205976	HG03900	STU	SAS	male
HG03902	-0.0110233	0.0031273	-0.0331168	-0.0132689	-0.00289525	-0.00298098	-0.00217864	-0.0123446	-0.00402348	-0.000707167	HG03902	BEB	SAS	male
HG03905	-0.0115461	0.001742	-0.0335292	-0.0126207	-0.00337498	-0.00451917	-0.00437762	-0.00818195	-0.00340156	-0.00172209	HG03905	BEB	SAS	male
HG03907	-0.0108209	0.0016911	-0.0349442	-0.012501	-0.00233501	-0.00533485	-0.00457411	-0.00906157	-0.00630629	-0.00157141	HG03907	BEB	SAS	female
HG03908	-0.0108018	0.0029737	-0.0353891	-0.0132084	-0.00325257	-0.00434533	-0.00321285	-0.00911455	-0.00328474	-0.00331074	HG03908	BEB	SAS	male
HG03910	-0.0113855	0.00151764	-0.0328816	-0.011124	-0.0037068	-0.00432465	-0.00291703	-0.00978108	-0.00502362	0.00105508	HG03910	BEB	SAS	female
HG03911	-0.0109167	0.00322497	-0.0341002	-0.0128908	-0.00114644	-0.00732923	-5.32231e-06	-0.00904178	-0.00175165	-0.00167116	HG03911	BEB	SAS	male
HG03913	-0.0113436	0.00249039	-0.0343045	-0.0125769	-0.00312913	-0.00334342	-0.00107211	-0.0108212	-0.00327431	-0.00864796	HG03913	BEB	SAS	female
HG03914	-0.011235	0.00209289	-0.0340405	-0.0123318	-0.004524	-0.00387338	-0.00114219	-0.010959	-0.00462334	-0.00569224	HG03914	BEB	SAS	male
HG03916	-0.0113076	0.00120233	-0.0339064	-0.0116129	-0.000885892	-0.00227171	-0.00437505	-0.011642	-0.00494	0.00569074	HG03916	BEB	SAS	female
HG03917	-0.0111692	0.00122014	-0.0332082	-0.01031	-0.00760133	0.00760107	0.0106314	0.00503659	0.00373388	-0.0357034	HG03917	BEB	SAS	male
HG03919	-0.0104731	0.0065942	-0.0350195	-0.0128003	0.00125971	-0.00673168	-0.00540789	-0.00605998	-0.00577243	0.00239317	HG03919	BEB	SAS	female
HG03920	-0.0112657	0.00219024	-0.0351823	-0.0117222	-0.00725634	0.00592768	0.0138733	0.00844649	0.00499583	-0.0379214	HG03920	BEB	SAS	male
HG03922	-0.0113462	0.00128897	-0.0331087	-0.0113929	-0.00425003	-0.00416645	0.00162449	-0.00941847	-0.0017603	-0.01333	HG03922	BEB	SAS	female
HG03925	-0.0110799	0.00169598	-0.0336354	-0.0117545	0.000538355	-0.00545622	-0.00338257	-0.00884963	-0.00378717	-0.00371745	HG03925	BEB	SAS	female
HG03926	-0.0113589	0.000878788	-0.0316374	-0.0105366	-0.00443523	0.00111821	-0.00333238	-0.00779387	-0.0019747	-0.008154	HG03926	BEB	SAS	male
HG03928	-0.0110222	0.00183725	-0.0345018	-0.0122371	-0.0024131	-0.00383055	-0.0032791	-0.00744798	-0.00148196	0.0017759	HG03928	BEB	SAS	female
HG03931	-0.0112594	0.000836167	-0.0327197	-0.0115319	-0.00272936	-0.00452394	-0.00118798	-0.0131532	-0.00370541	0.000448216	HG03931	BEB	SAS	female
HG03934	-0.0112485	0.00203394	-0.0343095	-0.012184	-0.00201702	-0.00453736	-0.00211763	-0.0131285	-0.00185532	-8.47651e-05	HG03934	BEB	SAS	female
HG03937	-0.0111856	0.00206795	-0.0347099	-0.0118198	-0.00160443	-0.00473635	-0.00285251	-0.00973287	-0.00211165	0.00332697	HG03937	BEB	SAS	female
HG03940	-0.0103758	0.00350822	-0.0433024	-0.0167793	-3.31124e-05	-0.00301432	0.00174172	-0.00265024	0.000239025	-0.00478346	HG03940	BEB	SAS	female
HG03941	-0.0104994	0.00308629	-0.0429563	-0.0178018	0.000414178	-0.00314013	-0.000412939	-0.00789196	-0.00500033	-0.00756845	HG03941	BEB	SAS	male
HG03943	-0.0102962	0.00544723	-0.0409373	-0.0153763	-0.00201337	-0.00385045	-0.00153363	0.00139237	0.0014074	-0.00206718	HG03943	STU	SAS	male
HG03944	-0.0103022	0.00620296	-0.0386092	-0.015296	-0.000233552	-0.00100222	-0.00670722	-0.0057864	-0.00425865	-0.00543094	HG03944	STU	SAS	female
HG03945	-0.0103901	0.00557442	-0.0376224	-0.0136866	-0.00680613	0.00782551	0.00782113	0.0115466	0.0026674	-0.0426298	HG03945	STU	SAS	female
HG03947	-0.0103474	0.00431153	-0.0409375	-0.015177	0.0012717	-0.00298935	-0.00448955	-0.00215997	-0.000662609	-0.00371917	HG03947	STU	SAS	female
HG03949	-0.0105013	0.0056663	-0.0399773	-0.0154184	-0.00164918	-0.00410026	-0.000641273	-0.00264926	-0.00195014	-0.00426826	HG03949	STU	SAS	female
HG03950	-0.0102251	0.00436056	-0.039798	-0.0155249	-0.00060795	-0.00311442	-0.0016068	0.00287283	0.00182862	-0.00225275	HG03950	STU	SAS	male
HG03951	-0.0104327	0.00525469	-0.0389111	-0.0144541	-0.00858467	0.00782666	0.010932	0.0149676	0.0033406	-0.0428562	HG03951	STU	SAS	female
HG03953	-0.0103132	0.00568912	-0.0397611	-0.0133251	-5.17588e-05	-0.00259534	-0.00361344	-0.00527705	0.00125941	-0.00222887	HG03953	STU	SAS	male
HG03955	-0.0104521	0.00538128	-0.0395934	-0.0149555	-0.00593528	0.00981229	0.00921728	0.0139819	0.00341324	-0.0434879	HG03955	STU	SAS	female
HG03960	-0.010446	0.00523965	-0.0392138	-0.0161609	0.00216296	-0.00625868	-0.00660539	-0.00212763	-0.00117506	-0.00195289	HG03960	ITU	SAS	male
HG03963	-0.0104008	0.00504056	-0.0405414	-0.0163033	0.00152869	-0.00523416	-0.00404817	-0.0047846	-0.0045489	-0.00217663	HG03963	ITU	SAS	male
HG03965	-0.0108067	0.00315275	-0.039263	-0.0141794	-0.00783089	0.00950064	0.00979858	0.0121299	0.00486138	-0.0385412	HG03965	ITU	SAS	male
HG03967	-0.0105247	0.00678107	-0.0387138	-0.0131322	-0.00600659	0.00401195	0.00882764	0.0133469	0.000976188	-0.0398911	HG03967	ITU	SAS	male
HG03968	-0.0102451	0.00658747	-0.0399469	-0.0145454	0.000306126	-0.00451143	-0.00527501	-0.00376171	-0.00127376	0.00085384	HG03968	ITU	SAS	female
HG03969	-0.0107319	0.00637215	-0.0392433	-0.0145299	0.00374748	-0.00366786	-0.00477532	-0.00352967	-0.00356508	0.000435775	HG03969	ITU	SAS	male
HG03971	-0.0105924	0.00657286	-0.0390904	-0.0153863	-0.00138211	-0.00255958	-8.08068e-05	-0.00423583	-0.00450957	-0.0110346	HG03971	ITU	SAS	male
HG03973	-0.0105229	0.0065065	-0.0398523	-0.0147863	-0.00235253	-0.003445	-0.00171431	0.000954756	-0.00270162	-0.00884225	HG03973	ITU	SAS	female
HG03974	-0.0102816	0.00610369	-0.0400566	-0.0146969	-0.00290835	-0.00456322	-0.00599191	-0.00435629	0.00133895	-0.0116632	HG03974	ITU	SAS	male
HG03976	-0.010676	0.00557329	-0.038556	-0.0141314	-0.000821413	-0.00401839	-0.00506962	-0.00614285	-0.00220468	-0.00536634	HG03976	ITU	SAS	male
HG03977	-0.0104763	0.00164443	-0.04537	-0.0179605	0.00133254	-0.0045695	-0.00422069	-0.00598922	-0.00599547	-0.00398072	HG03977	ITU	SAS	female
HG03978	-0.0107619	0.00399351	-0.0408318	-0.0151803	-0.0033333	-0.00356573	0.00374098	0.000251867	0.000384956	0.000450462	HG03978	ITU	SAS	male
HG03985	-0.0106248	0.00310001	-0.0419986	-0.0161463	0.00362395	-0.00321226	-0.00723985	-0.00153799	-0.00345684	0.00360547	HG03985	STU	SAS	male
HG03986	-0.0102348	0.00560379	-0.0399233	-0.015037	-0.000478041	-0.00279896	0.00142562	0.00401904	0.00286726	-0.00738596	HG03986	STU	SAS	female
HG03989	-0.010565	0.00533955	-0.0395618	-0.0141436	0.00345055	-0.00325887	-0.00495367	-0.00317233	-0.00366784	0.00263843	HG03989	STU	SAS	female
HG03990	-0.010509	0.00442269	-0.0397399	-0.0157167	0.00323697	-0.00346399	-0.00314854	-0.00804575	-0.00448585	0.00431201	HG03990	STU	SAS	male
HG03991	-0.0104984	0.00526365	-0.0395229	-0.0141641	0.00373388	-0.00350222	-0.00449842	-0.00733562	-0.0037705	-0.00124425	HG03991	STU	SAS	male
HG03995	-0.0106377	0.00451048	-0.0401178	-0.0147369	-0.00625701	0.00712943	0.00877341	0.0137746	0.00200617	-0.0399647	HG03995	STU	SAS	female
HG03998	-0.0104533	0.00542378	-0.0401476	-0.0159838	0.00239756	-0.0034192	-0.00662411	-0.00771376	-0.00279597	-0.00087496	HG03998	STU	SAS	male
HG03999	-0.0103865	0.00486767	-0.0405086	-0.0159508	-0.00158713	-0.00420372	0.000477389	-0.00485281	-0.00225074	-0.00878581	HG03999	STU	SAS	male
HG04001	-0.0109923	0.00491821	-0.0394159	-0.0153692	0.00340831	0.000311066	-0.00345322	-0.00411853	-0.00181864	0.0035337	HG04001	ITU	SAS	female
HG04002	-0.0105547	0.00581765	-0.0391409	-0.0138235	-0.00281371	-0.00435354	-0.00196021	-0.0024925	-0.000100358	-0.00872345	HG04002	ITU	SAS	male
HG04003	-0.0105503	0.00918204	-0.0326492	-0.0114523	0.00219539	-0.00580622	-0.00500864	-0.0102997	-0.00708036	0.000823134	HG04003	STU	SAS	male
HG04006	-0.0104564	0.00390383	-0.0423406	-0.0166142	0.000210628	-0.00480224	-0.00456748	0.00134258	0.00147356	0.000596072	HG04006	STU	SAS	male
HG04014	-0.0106505	0.00405906	-0.0391682	-0.0141273	-0.00261597	-0.00326083	-0.00512972	-0.00465146	-0.00353816	0.00161398	HG04014	ITU	SAS	female
HG04015	-0.0103275	0.00510072	-0.0405935	-0.0158934	9.58308e-05	-0.00303393	-0.00339169	-0.00420056	-0.00264749	0.00151223	HG04015	ITU	SAS	male
HG04017	-0.0106119	0.0054256	-0.0446804	-0.0172355	-0.0031984	-7.22695e-05	-0.000746413	0.00150441	-0.00275637	-0.00399224	HG04017	ITU	SAS	male
HG04018	-0.010291	0.00727078	-0.0395616	-0.0139066	-0.00136422	-0.00598474	-0.00642896	0.00131979	-0.000813132	-0.0118392	HG04018	ITU	SAS	female
HG04019	-0.0105836	0.00662432	-0.0395323	-0.0162228	-0.000613161	-0.00404883	-0.00390143	-0.00340396	-0.00154221	-3.54137e-06	HG04019	ITU	SAS	male
HG04020	-0.0105407	0.0065442	-0.0356338	-0.012012	-0.0011171	-0.00288914	-0.00204988	-0.010042	-0.00182226	0.00239539	HG04020	ITU	SAS	male
HG04022	-0.0103789	0.00581164	-0.0398562	-0.0157174	0.000597784	-0.0042072	-0.00501338	-0.00284675	9.24074e-05	-0.000913238	HG04022	ITU	SAS	male
HG04023	-0.0105514	0.00457317	-0.0453407	-0.0186993	0.00286053	-0.000578814	-0.00191097	-0.00326573	-0.00291929	0.00917814	HG04023	ITU	SAS	male
HG04025	-0.0106659	0.00487773	-0.0457196	-0.0185682	0.00148448	-0.00200632	-0.003086	0.000647377	-0.00174012	0.00477749	HG04025	ITU	SAS	female
HG04026	-0.0105396	0.00465321	-0.0464369	-0.0189753	-0.00185425	-0.00338993	-0.000331087	-0.000338832	-0.00317347	-0.00605536	HG04026	ITU	SAS	female
HG04029	-0.0105918	0.00553335	-0.0386202	-0.0134357	-0.00242368	-0.00189034	-0.00412384	-0.00324601	-0.000188896	-0.00328794	HG04029	STU	SAS	female
HG04033	-0.0104594	0.00450818	-0.0410063	-0.015377	0.000320175	-0.0028451	0.000427643	-0.00448192	-0.00145799	-0.000313167	HG04033	STU	SAS	male
HG04035	-0.010182	0.00594069	-0.0404322	-0.0144598	0.00118086	-0.00411158	-0.00490033	0.000137697	-0.00242629	-0.00499753	HG04035	STU	SAS	female
HG04038	-0.0105119	0.00489342	-0.0389978	-0.0154283	0.00204775	0.00127234	-0.00334452	-0.00787253	-0.00345558	0.00446929	HG04038	STU	SAS	female
HG04039	-0.0102662	0.00478453	-0.0398237	-0.0156055	0.00284632	-0.00249009	-0.00679206	-0.00622128	-0.00489834	0.00328607	HG04039	STU	SAS	male
HG04042	-0.0106928	0.00539597	-0.0396888	-0.015243	0.00278212	-0.0041889	-0.00196797	-0.00128083	-0.00237129	-0.000996739	HG04042	STU	SAS	female
HG04047	-0.0105281	0.00461491	-0.0406643	-0.0152903	0.00154679	-0.00213881	-0.00525305	-0.00881757	-0.00644693	0.00155375	HG04047	STU	SAS	female
HG04054	-0.0107468	0.00438962	-0.0450268	-0.0181493	0.00461953	0.000723619	-0.000626131	-0.0052136	-0.00447358	0.00491272	HG04054	ITU	SAS	female
HG04056	-0.0107709	0.00528042	-0.0449218	-0.0184658	0.00311284	0.00162773	-0.00350284	-0.00635589	-0.00465909	0.00969092	HG04056	ITU	SAS	male
HG04059	-0.0106161	0.00648434	-0.0386535	-0.0149876	0.00447933	-0.0017689	-0.00254001	-0.0083692	-0.00442131	0.00357028	HG04059	ITU	SAS	female
HG04060	-0.0106751	0.00873607	-0.0344456	-0.0128382	0.00509532	-0.000275228	-0.00457418	-0.0102781	-0.00677756	0.00173027	HG04060	ITU	SAS	male
HG04061	-0.0107245	0.00151194	-0.0440229	-0.0170604	0.000552578	-0.00131512	-0.00617267	-0.00383111	-0.00213894	0.00197943	HG04061	ITU	SAS	male
HG04062	-0.0107794	0.00236367	-0.0436132	-0.0169665	0.00427804	-0.00121427	-0.00248815	-0.00621158	-0.00112242	0.00271801	HG04062	ITU	SAS	female
HG04063	-0.0104917	0.00462269	-0.0454517	-0.0184707	0.00366496	-0.00278038	-0.000541393	-0.00180457	-0.00059166	0.00223586	HG04063	ITU	SAS	female
HG04070	-0.0107159	0.00520553	-0.0396068	-0.0142189	-0.00668933	0.00786937	0.00856568	0.0120304	0.00179204	-0.0416288	HG04070	ITU	SAS	female
HG04075	-0.0106357	0.00504589	-0.0403156	-0.014318	-0.003885	0.00407763	0.00602694	0.00897293	-0.000356006	-0.0339833	HG04075	STU	SAS	female
HG04076	-0.010483	0.00558641	-0.0392211	-0.0151088	0.0047421	-0.00263645	-0.00868929	-0.0040914	-0.00342801	0.00172915	HG04076	ITU	SAS	female
HG04080	-0.0106069	0.00812538	-0.0350315	-0.0133887	0.000947557	-0.00211928	-0.00297478	-0.0124456	-0.00578292	0.00317016	HG04080	ITU	SAS	male
HG04090	-0.0106204	0.00673796	-0.0393132	-0.0153385	0.00361426	-0.00237015	-0.00803745	-0.00521569	-0.00458602	0.000164669	HG04090	ITU	SAS	female
HG04093	-0.0104476	0.00657004	-0.040232	-0.0147081	0.000575966	-0.00258614	-0.00460535	-0.00468607	-0.00307274	-0.00208068	HG04093	ITU	SAS	male
HG04094	-0.0107207	0.00509151	-0.0395452	-0.0151154	0.00330394	-0.00318214	0.000983294	-0.00793196	-0.00411971	0.00677046	HG04094	ITU	SAS	male
HG04096	-0.0107397	0.00467472	-0.0443267	-0.0171991	-0.0066513	0.00887096	0.0148847	0.0140897	0.00524532	-0.0327404	HG04096	ITU	SAS	male
HG04098	-0.0105686	0.00540566	-0.039415	-0.0139843	-0.00701433	0.0111458	0.0113001	0.0129235	0.00706768	-0.0359752	HG04098	ITU	SAS	male
HG04099	-0.0105621	0.00523898	-0.0395906	-0.0147197	-0.000134805	-0.00248426	-0.00265095	-0.00356534	-0.00313305	0.00110211	HG04099	STU	SAS	female
HG04100	-0.010491	0.00389656	-0.0395433	-0.014222	-0.00336396	0.00554073	0.0117006	0.0137527	0.00483924	-0.0319806	HG04100	STU	SAS	male
HG04106	-0.0105261	0.0059016	-0.0398541	-0.0145105	0.000808261	-0.00343179	0.001095	-0.000683528	-0.00214756	-0.0107799	HG04106	STU	SAS	female
HG04107	-0.0102825	0.00543346	-0.0414303	-0.0147399	-0.00237098	-0.000540654	0.000918274	-0.00375536	-2.82221e-05	-0.00969478	HG04107	STU	SAS	male
HG04118	-0.0105309	0.00586536	-0.0403865	-0.0143142	-0.000396951	-0.0046756	-0.00648456	-0.00169113	-0.000936263	-0.00477645	HG04118	ITU	SAS	female
HG04131	-0.011216	0.00195247	-0.0325563	-0.0119709	-0.000526356	-0.00457894	-0.00460923	-0.0117265	-0.00731623	0.00764742	HG04131	BEB	SAS	male
HG04134	-0.0112977	0.00184404	-0.0322522	-0.0113346	-0.0014851	-0.00282939	-0.00519412	-0.0119921	-0.00581532	0.00747382	HG04134	BEB	SAS	male
HG04140	-0.0115523	-0.000106905	-0.0329928	-0.012119	0.00162563	-0.00469618	-0.00460024	-0.0104615	-0.00241661	0.0035189	HG04140	BEB	SAS	male
HG04141	-0.011592	0.00202981	-0.0324943	-0.0120845	-0.00122278	-0.000241223	-0.00684074	-0.0115535	-0.00608146	0.00559899	HG04141	BEB	SAS	female
HG04144	-0.0108778	0.00466415	-0.0323177	-0.0115139	-0.00419837	0.0049453	0.00973633	0.00525719	0.00204208	-0.0326334	HG04144	BEB	SAS	female
HG04146	-0.0113552	0.0016432	-0.0328284	-0.0117192	-0.00204344	-0.00333246	-0.00213216	-0.0103521	-0.0014919	0.00311991	HG04146	BEB	SAS	male
HG04152	-0.0112368	0.00140633	-0.0345204	-0.0107107	-0.0050644	0.002033	0.00853781	0.00214275	0.00151942	-0.0310596	HG04152	BEB	SAS	male
HG04153	-0.0110381	0.00161041	-0.0331796	-0.0105572	-0.00666383	0.00447395	0.010925	0.0051582	0.00121318	-0.0373995	HG04153	BEB	SAS	female
HG04155	-0.0110792	0.00154016	-0.0339738	-0.0118331	-0.002065	-0.00561634	-0.00293799	-0.00904788	-0.00598765	-0.00583127	HG04155	BEB	SAS	male
HG04156	-0.011195	0.00231381	-0.0335233	-0.0112666	-0.00323597	-0.00294113	-0.00288031	-0.00672968	-0.00420775	-0.00398541	HG04156	BEB	SAS	female
HG04158	-0.0114191	0.00149658	-0.03264	-0.0117008	7.5545e-05	-0.000127227	-0.00204253	-0.00949819	-0.00432836	0.00529273	HG04158	BEB	SAS	male
HG04159	-0.0112003	0.00259375	-0.0344964	-0.0121345	-0.0030538	-0.00421432	-0.00353427	-0.00635826	-0.00180036	0.00154829	HG04159	BEB	SAS	female
HG04161	-0.011253	0.000405792	-0.0329023	-0.011728	-0.00714611	0.00520422	0.00888557	0.00779096	0.000468123	-0.0376859	HG04161	BEB	SAS	male
HG04162	-0.011605	5.46285e-05	-0.0322308	-0.00962625	-0.00964567	0.00662239	0.0130413	0.0106524	0.00176396	-0.0351281	HG04162	BEB	SAS	female
HG04164	-0.0110659	0.0020818	-0.032508	-0.010353	-0.00787565	0.00713415	0.0145064	0.0113183	0.00400845	-0.0323395	HG04164	BEB	SAS	male
HG04171	-0.0109867	0.00155022	-0.0333367	-0.0109955	-0.00865785	0.00643025	0.014014	0.0101399	0.00288189	-0.0319551	HG04171	BEB	SAS	female
HG04173	-0.0111322	0.00173775	-0.0335976	-0.0114855	-0.000818619	-0.00085955	-0.00511224	-0.0151932	-0.00563909	0.00713783	HG04173	BEB	SAS	male
HG04176	-0.0112149	0.00141949	-0.0332195	-0.0109721	-0.00840667	0.0083281	0.0170755	0.00906772	0.00224143	-0.0359312	HG04176	BEB	SAS	male
HG04177	-0.0114559	0.00128461	-0.032578	-0.0104841	-0.0114765	0.0104295	0.0143574	0.0128207	0.00163122	-0.0361385	HG04177	BEB	SAS	female
HG04180	-0.0107639	0.00271112	-0.0350505	-0.0120765	-0.00593336	-0.00458263	-0.00108412	-0.00584109	-0.00307887	-0.00968928	HG04180	BEB	SAS	female
HG04182	-0.0117002	0.00117132	-0.0338584	-0.013354	0.00207266	-0.00122252	-0.00477068	-0.0128556	-0.00621326	0.00227741	HG04182	BEB	SAS	male
HG04183	-0.0112396	0.00182029	-0.0322579	-0.0124407	0.000685147	-0.00235685	-0.00364502	-0.012946	-0.00438066	0.00373697	HG04183	BEB	SAS	female
HG04185	-0.0107783	0.00376887	-0.0409566	-0.0169651	0.00570851	-0.00266157	-0.00128492	-0.00706765	-0.00539542	0.00590188	HG04185	BEB	SAS	male
HG04186	-0.0109264	0.00372853	-0.0429993	-0.0175152	0.00261434	-0.00328119	-0.00238946	-0.0108099	-0.0031427	0.00262287	HG04186	BEB	SAS	female
HG04188	-0.0113742	0.001431	-0.0334129	-0.0116129	-0.00740514	0.00886742	0.0139774	0.0104459	0.0017684	-0.03564	HG04188	BEB	SAS	male
HG04189	-0.0110853	0.00157591	-0.0337343	-0.011208	-0.00765692	0.0090194	0.0176976	0.0115642	0.0047637	-0.0351957	HG04189	BEB	SAS	female
HG04194	-0.0111931	0.0022605	-0.0339252	-0.0100553	-0.00963317	0.0101122	0.0146394	0.0115188	0.00270859	-0.038056	HG04194	BEB	SAS	male
HG04195	-0.0114029	0.0012144	-0.0313961	-0.00997335	-0.00854298	0.0113605	0.013	0.0101648	0.00512559	-0.0359783	HG04195	BEB	SAS	female
HG04198	-0.010481	0.00640535	-0.0382228	-0.0132671	-0.00823769	0.00971213	0.0124514	0.0208211	0.00511499	-0.0413299	HG04198	ITU	SAS	male
HG04200	-0.0102595	0.00698309	-0.0372127	-0.0122912	-0.00643198	0.00843443	0.0141699	0.0182071	0.00419568	-0.0433097	HG04200	ITU	SAS	female
HG04202	-0.0106143	0.00520223	-0.0393014	-0.0145702	-0.00560739	0.0117476	0.0100528	0.019943	0.00357792	-0.0382077	HG04202	ITU	SAS	female
HG04206	-0.0101291	0.00688024	-0.0384467	-0.01362	-0.00625745	0.00629996	0.00898324	0.0108641	0.00517411	-0.0367634	HG04206	ITU	SAS	male
HG04209	-0.0105621	0.00542528	-0.0399373	-0.0142944	-0.00701877	0.00720311	0.0108581	0.0146614	0.00724139	-0.0384579	HG04209	ITU	SAS	female
HG04210	-0.0105914	0.00423622	-0.0405169	-0.0147113	-0.0085144	0.008983	0.0133335	0.0133919	0.00199513	-0.0394541	HG04210	STU	SAS	male
HG04211	-0.0108119	0.0068986	-0.0400356	-0.0149664	-0.00588703	0.00875501	0.0117363	0.0148193	0.00161839	-0.0398646	HG04211	ITU	SAS	male
HG04212	-0.0105435	0.00662175	-0.039828	-0.0137514	-0.00877472	0.010017	0.0105969	0.0218182	0.00354921	-0.0366247	HG04212	ITU	SAS	female
HG04214	-0.0106166	0.0074804	-0.0383282	-0.0130856	-0.00767636	0.00637726	0.00737188	0.0215244	0.00497916	-0.0378037	HG04214	ITU	SAS	female
HG04216	-0.0103838	0.00562913	-0.0382728	-0.0131672	-0.00606227	0.00581783	0.0111106	0.00857453	0.00173941	-0.0328209	HG04216	ITU	SAS	female
HG04219	-0.0104195	0.00607274	-0.0384441	-0.0129354	-0.00388997	0.00764934	0.0100709	0.0121602	0.00415496	-0.0346805	HG04219	ITU	SAS	male
HG04222	-0.0104195	0.00443007	-0.0404709	-0.0148081	-0.00757133	0.0085353	0.0128799	0.0145364	0.00517729	-0.0324454	HG04222	ITU	SAS	male
HG04225	-0.0104492	0.00660941	-0.0392166	-0.0141713	-0.00507933	0.00608443	0.0100789	0.0121784	0.00146553	-0.0364351	HG04225	ITU	SAS	male
HG04227	-0.0105973	0.00231529	-0.0399284	-0.0133246	-0.00652248	0.00591905	0.0121387	0.0177124	0.00128534	-0.0327755	HG04227	STU	SAS	female
HG04229	-0.0103043	0.00428058	-0.0381451	-0.0135034	-0.0071946	0.00526371	0.009808	0.0149022	0.000238767	-0.0310969	HG04229	STU	SAS	male
HG04235	-0.010564	0.00548049	-0.0383154	-0.0132218	-0.00495366	0.00791641	0.0138566	0.0140491	0.0021044	-0.0377034	HG04235	ITU	SAS	male
HG04238	-0.0107211	0.00485422	-0.0388929	-0.0138631	-0.00636228	0.00907822	0.0135491	0.0168933	0.00238461	-0.0386242	HG04238	ITU	SAS	male
HG04239	-0.0103064	0.00455219	-0.0413623	-0.0155448	-0.00682628	0.00474671	0.00854784	0.014835	0.00268036	-0.03119	HG04239	ITU	SAS	male
NA06984	-0.0110649	0.0270414	0.0138518	0.018565	0.00831137	0.000888991	0.0113215	0.00810926	0.00323563	0.0300226	NA06984	CEU	EUR	male
NA06985	-0.0108035	0.0269012	0.0106388	0.0163166	-0.00405052	-0.00393861	-0.00925041	-0.0230065	-0.00762413	0.00107168	NA06985	CEU	EUR	female
NA06986	-0.0106405	0.0269311	0.0120324	0.0181641	0.00600897	-0.00337697	0.00885589	0.00179039	-0.000898415	0.034358	NA06986	CEU	EUR	male
NA06989	-0.0110336	0.0269697	0.0131	0.0200279	0.0100258	0.00398309	0.0165756	0.00922594	0.00363006	0.0347936	NA06989	CEU	EUR	female
NA06994	-0.0110599	0.0267131	0.0111515	0.0166189	0.00140575	-0.00569129	-0.005391	-0.03075	-0.008164	0.0103703	NA06994	CEU	EUR	male
NA07000	-0.0110601	0.0268027	0.0114377	0.0166669	-0.00310923	-0.00816534	-0.00128209	-0.0286095	-0.00852315	-0.00602425	NA07000	CEU	EUR	female
NA07037	-0.0108121	0.0268521	0.0120451	0.0186921	-0.00277719	-0.000884519	0.00350065	-0.00738642	-0.0043127	0.00614376	NA07037	CEU	EUR	female
NA07048	-0.0108171	0.0265694	0.0129394	0.0199525	0.00980106	0.00308276	0.0157239	0.0123057	0.00299896	0.0318118	NA07048	CEU	EUR	male
NA07051	-0.0112071	0.0271171	0.0132352	0.0192384	0.0105303	-0.000288677	0.0159245	0.00201882	0.000124409	0.0346056	NA07051	CEU	EUR	male
NA07056	-0.0110784	0.0271115	0.0109025	0.0167846	-0.00211903	-0.00557827	-0.00267628	-0.0230083	-0.00746811	-0.00431347	NA07056	CEU	EUR	female
NA07347	-0.0107771	0.0275134	0.0129938	0.0185802	0.00831318	-0.00135707	0.00603758	0.00787744	0.000394479	0.0249775	NA07347	CEU	EUR	male
NA07357	-0.0111407	0.0269757	0.0110181	0.0169263	-0.00389591	-0.00518049	-0.0035644	-0.0207948	-0.00813104	-0.0083727	NA07357	CEU	EUR	male
NA10847	-0.0106434	0.0272886	0.0112261	0.0172067	-0.00176326	-0.0057178	1.14792e-05	-0.0282801	-0.0103723	0.00144932	NA10847	CEU	EUR	female
NA10851	-0.0112493	0.0273253	0.0113449	0.0176845	-0.00434978	-0.00375229	0.00329095	-0.0268974	-0.00684973	-0.0073853	NA10851	CEU	EUR	male
NA11829	-0.0110311	0.0270372	0.0115289	0.0171549	0.00208306	-0.0090998	0.00360858	-0.0280961	-0.00547876	0.0118524	NA11829	CEU	EUR	male
NA11830	-0.0112196	0.0263152	0.0121827	0.0166262	0.0033121	-0.00426591	0.000635206	-0.0246699	-0.0063584	0.0125749	NA11830	CEU	EUR	female
NA11831	-0.0107677	0.0270237	0.0118435	0.0172333	0.000903081	-0.00525539	-0.00887874	-0.0233361	-0.00475477	0.011113	NA11831	CEU	EUR	male
NA11832	-0.0106992	0.0270938	0.01049	0.0185599	0.00155936	-0.00948568	-0.00995029	-0.0211297	-0.00667247	0.00225152	NA11832	CEU	EUR	female
NA11840	-0.011039	0.0260364	0.0113959	0.0167442	0.00244129	-0.00533368	0.0029621	-0.0335273	-0.00603562	0.00850132	NA11840	CEU	EUR	female
NA11843	-0.0111142	0.0265028	0.0133439	0.0193469	0.00575676	0.00197749	0.0108893	0.00507668	0.00154445	0.0313394	NA11843	CEU	EUR	male
NA11881	-0.0108186	0.0266582	0.0106551	0.0171065	-0.0018715	-0.00644706	-0.00298578	-0.0290007	-0.0108011	-0.00832739	NA11881	CEU	EUR	male
NA11892	-0.0109033	0.0265903	0.011552	0.0186272	-0.00242471	-0.000232746	0.00852728	-0.00914659	-0.00450355	-0.0064669	NA11892	CEU	EUR	female
NA11893	-0.0113158	0.0263355	0.0112633	0.017484	-0.00138438	0.000900995	0.00724722	-0.00417565	-0.00328339	-0.00277653	NA11893	CEU	EUR	male
NA11894	-0.0110443	0.0273269	0.0115611	0.0190646	-0.00154864	0.00240337	0.00854175	-0.00428264	-0.00237282	-0.00283487	NA11894	CEU	EUR	female
NA11918	-0.0112923	0.0267186	0.0125794	0.0176716	0.00551915	0.0037707	0.0131396	0.012087	0.00133691	0.0283372	NA11918	CEU	EUR	female
NA11919	-0.0109489	0.0272967	0.0111318	0.0174615	0.00623837	-0.00188315	0.00499482	0.00210562	-0.0008722	0.0268668	NA11919	CEU	EUR	male
NA11920	-0.0109757	0.026992	0.0123719	0.0180067	0.00676107	0.00110758	0.0133725	0.00536507	0.00237907	0.026895	NA11920	CEU	EUR	female
NA11930	-0.0108079	0.0264816	0.0117995	0.0170802	0.00322197	-0.000527125	0.00098372	-0.00541723	-3.74136e-05	0.0272732	NA11930	CEU	EUR	male
NA11931	-0.0111619	0.0267685	0.0116132	0.0179594	-0.00409025	-5.032e-06	0.0102679	-0.00626213	-0.00266183	-0.00548225	NA11931	CEU	EUR	female
NA11932	-0.0108281	0.0273623	0.0123832	0.0186558	-8.5063e-05	0.00212325	0.00332771	-0.00755392	-0.00219495	0.0109401	NA11932	CEU	EUR	male
NA11933	-0.0109969	0.0269112	0.0118711	0.0184623	0.00198523	-0.000188017	0.00302045	-0.00617247	-0.00549845	0.00970369	NA11933	CEU	EUR	female
NA11992	-0.0106266	0.0269924	0.0109216	0.0170379	0.00284614	-0.00773382	-0.0108135	-0.0257295	-0.0070622	0.00794188	NA11992	CEU	EUR	male
NA11994	-0.0108281	0.0265835	0.0124516	0.0170978	0.00235077	-0.00570979	-0.00598382	-0.0226211	-0.00458817	0.0164097	NA11994	CEU	EUR	male
NA11995	-0.0106721	0.0277429	0.0113976	0.0174684	0.000155695	-0.00640868	-0.00719995	-0.0301365	-0.00796537	0.00594051	NA11995	CEU	EUR	female
NA12003	-0.0111102	0.0261604	0.0109978	0.0162714	0.00292294	-0.00398713	0.0032618	-0.0387554	-0.00648283	0.0117326	NA12003	CEU	EUR	male
NA12004	-0.0108502	0.0267449	0.0104506	0.0177446	-0.00208159	-0.00786506	-0.0144698	-0.0264133	-0.00491868	0.00600241	NA12004	CEU	EUR	female
NA12005	-0.0108976	0.0273606	0.0109397	0.0172697	-0.00182124	-0.00759159	-0.0069374	-0.0263476	-0.00625653	0.00977858	NA12005	CEU	EUR	male
NA12006	-0.0109048	0.0274006	0.0116772	0.0158807	0.000151775	-0.00871072	-0.00712915	-0.0312203	-0.00840222	0.00983999	NA12006	CEU	EUR	female
NA12043	-0.0112375	0.0271034	0.0107844	0.0170189	-0.00393053	-0.00474963	-0.0043879	-0.0223923	-0.00625754	-0.0105156	NA12043	CEU	EUR	male
NA12044	-0.0107402	0.0272381	0.0107816	0.0159312	0.00125869	-0.0115027	-0.0130017	-0.032368	-0.00956014	0.0110594	NA12044	CEU	EUR	female
NA12045	-0.0109607	0.0266722	0.0132146	0.017806	0.00461681	-0.00243892	0.00574594	0.00638479	-0.000177458	0.029445	NA12045	CEU	EUR	male
NA12046	-0.0107784	0.0264725	0.0115068	0.0174173	-0.000822803	-0.00780089	-0.00459739	-0.0309383	-0.00520846	0.0126619	NA12046	CEU	EUR	female
NA12058	-0.0111454	0.0272271	0.013324	0.0187909	0.00740002	0.00411554	0.0198365	0.017487	0.00566081	0.0271079	NA12058	CEU	EUR	female
NA12144	-0.0107427	0.026945	0.00936158	0.0167002	-0.00432088	-0.00866932	-0.0108908	-0.0206064	-0.00870511	-0.00663808	NA12144	CEU	EUR	male
NA12154	-0.0110238	0.0270085	0.010534	0.0170156	0.00313149	-0.00546097	-0.00366609	-0.0289631	-0.00816856	0.0123665	NA12154	CEU	EUR	male
NA12155	-0.0108214	0.0274863	0.010889	0.016764	0.00350925	-0.00560164	-0.00459451	-0.0231184	-0.00585907	0.0158045	NA12155	CEU	EUR	male
NA12156	-0.0108931	0.0268943	0.010984	0.0172343	-0.000620033	-0.00669024	-0.00942718	-0.0309036	-0.00915676	0.0110795	NA12156	CEU	EUR	female
NA12234	-0.0109874	0.0270457	0.011338	0.0172535	0.000737354	-0.00589505	-0.0102401	-0.0250618	-0.00530322	0.00963679	NA12234	CEU	EUR	female
NA12249	-0.0115507	0.0263794	0.011869	0.0164668	0.00280211	-0.00281605	0.00586623	-0.0308493	-0.00663799	0.0113892	NA12249	CEU	EUR	female
NA12272	-0.0109971	0.0270004	0.0115441	0.0186607	0.00237952	-0.0061209	-0.00258953	-0.015984	-0.00238589	-0.000611323	NA12272	CEU	EUR	male
NA12273	-0.0105629	0.0270676	0.0100727	0.0173006	0.00116892	-0.00703281	-0.00644839	-0.0212246	-0.00278876	0.000728335	NA12273	CEU	EUR	female
NA12275	-0.0108537	0.0270588	0.0122129	0.0165837	0.00273889	-0.00514403	-0.00208291	-0.025624	-0.00408809	0.00501618	NA12275	CEU	EUR	female
NA12282	-0.0107229	0.0270039	0.0117943	0.0168009	-0.000960278	-0.007251	-0.0137651	-0.0206151	-0.00438526	0.00725146	NA12282	CEU	EUR	male
NA12283	-0.0104296	0.0266024	0.010983	0.016956	-0.000758408	-0.00646859	-0.00990899	-0.0226116	-0.00576175	0.00692753	NA12283	CEU	EUR	female
NA12286	-0.0108082	0.025896	0.00964652	0.0160339	0.00174275	-0.00749648	-0.00273569	-0.026106	-0.00407736	0.00779671	NA12286	CEU	EUR	male
NA12287	-0.0109728	0.026901	0.0117717	0.0190338	-0.00438701	0.00155687	0.00728178	-0.0020082	-0.00102898	-0.00501109	NA12287	CEU	EUR	female
NA12340	-0.0110075	0.0270438	0.0123231	0.0185463	0.00564225	0.00027959	0.0102772	0.00523029	0.00426963	0.0269047	NA12340	CEU	EUR	male
NA12341	-0.0104532	0.0267905	0.0124936	0.0177795	0.00586938	0.00075532	0.0135743	0.00591615	0.00419091	0.0241816	NA12341	CEU	EUR	female
NA12342	-0.0109324	0.0272518	0.0129198	0.017744	0.00522694	-0.0032686	0.00405287	-0.00479198	-0.00130237	0.0298329	NA12342	CEU	EUR	male
NA12347	-0.0110682	0.0267522	0.0116207	0.0182209	-0.0029908	0.00119216	0.0132796	-0.0145004	-0.0049468	-0.00251405	NA12347	CEU	EUR	male
NA12348	-0.0110418	0.0266548	0.0123452	0.0178179	-0.00180438	-0.00199136	0.00897919	-0.00631775	-0.00297175	-0.00889843	NA12348	CEU	EUR	female
NA12383	-0.0108832	0.0271248	0.0105326	0.0193136	-0.00526769	0.000895008	0.00286889	-0.00305045	-0.00336186	-0.00917651	NA12383	CEU	EUR	female
NA12399	-0.0110931	0.0269958	0.0137015	0.0189912	0.00709798	0.00417714	0.0131052	0.0159023	0.00541458	0.0342869	NA12399	CEU	EUR	male
NA12400	-0.011116	0.0273369	0.0139165	0.0190069	0.00910059	0.00194624	0.0121834	0.0171463	0.00203044	0.0307948	NA12400	CEU	EUR	female
NA12413	-0.0109693	0.0266656	0.0118475	0.0182551	-0.00670379	0.000547147	-0.000137484	-0.000310661	-0.00167782	-0.00538814	NA12413	CEU	EUR	male
NA12414	-0.010763	0.026991	0.0121946	0.0166946	0.00105259	-0.00703451	-0.00904974	-0.0323731	-0.00682072	0.00818095	NA12414	CEU	EUR	female
NA12489	-0.010764	0.0271704	0.0112821	0.0170903	0.000308621	-0.00970932	-0.00869216	-0.0316597	-0.00891728	0.00996424	NA12489	CEU	EUR	female
NA12546	-0.010969	0.026885	0.0110755	0.0180896	-0.000601172	0.00120032	0.00616606	-0.00455516	-0.00167167	-0.00884887	NA12546	CEU	EUR	male
NA12716	-0.0109286	0.0278418	0.011302	0.0172141	-0.00146601	-0.00636989	0.00122796	-0.0261309	-0.00724032	0.00126766	NA12716	CEU	EUR	male
NA12717	-0.0108974	0.0269365	0.0119951	0.017846	-0.00204031	-0.00683366	-0.00438322	-0.0268245	-0.0074531	-8.79093e-05	NA12717	CEU	EUR	female
NA12718	-0.0108566	0.0267245	0.0115977	0.0175292	-0.00129995	-0.000889727	-0.00129724	-0.0181417	-0.00202524	-0.00963022	NA12718	CEU	EUR	female
NA12748	-0.0110502	0.0264977	0.0124988	0.0187886	0.00333313	-0.00462923	0.0028805	-0.00929829	-0.000587621	0.0226326	NA12748	CEU	EUR	male
NA12749	-0.0111584	0.0273577	0.0115462	0.017724	-0.00448484	-0.0011374	0.0022121	-0.00892958	-0.00770509	-0.000800754	NA12749	CEU	EUR	female
NA12750	-0.0109981	0.0270308	0.0105979	0.0173021	-0.000873948	-0.0086195	-0.00887177	-0.0267716	-0.0096261	0.00145399	NA12750	CEU	EUR	male
NA12751	-0.010717	0.0274568	0.0100591	0.0174163	-0.0022183	-0.00522193	0.00110872	-0.0280457	-0.00680469	3.55546e-06	NA12751	CEU	EUR	female
NA12760	-0.0106369	0.0269013	0.0101086	0.0163031	0.00101708	-0.00721638	-0.010578	-0.0288607	-0.00624791	0.00782333	NA12760	CEU	EUR	male
NA12761	-0.0109751	0.0270784	0.0114814	0.0170439	-0.00297643	-0.00574982	-0.0025176	-0.0254741	-0.00840325	0.00263035	NA12761	CEU	EUR	female
NA12762	-0.0112851	0.0272199	0.01078	0.0172664	-0.000506512	-0.00516496	-0.00841213	-0.0300076	-0.00979924	0.0105422	NA12762	CEU	EUR	male
NA12763	-0.0105674	0.026983	0.0111822	0.0171602	-0.00062534	-0.00597299	-0.00273354	-0.0182595	-0.00620782	0.00161753	NA12763	CEU	EUR	female
NA12775	-0.0111618	0.027508	0.0111657	0.0176339	-0.00463852	-0.00161136	0.00619212	-0.0115479	-0.00271271	-0.00598578	NA12775	CEU	EUR	male
NA12776	-0.0110364	0.0265155	0.0124054	0.0170633	-0.00497102	0.0049731	0.0129551	-0.0129141	-0.00293251	-0.00762208	NA12776	CEU	EUR	female
NA12777	-0.0111291	0.0271547	0.0118664	0.0195614	-0.00225998	-0.000750084	0.00484644	-0.00551091	-0.00380374	-0.00413005	NA12777	CEU	EUR	male
NA12778	-0.0111084	0.0271354	0.0122002	0.0183586	-0.00334234	-0.00149278	0.007009	-0.0105725	-0.00418447	-0.00702782	NA12778	CEU	EUR	female
NA12812	-0.01092	0.0274629	0.0109322	0.0171518	0.000717811	-0.00853905	-0.00818094	-0.0325155	-0.00992303	0.00903645	NA12812	CEU	EUR	male
NA12813	-0.0109566	0.026755	0.0111181	0.0163073	0.000678166	-0.00729101	-0.0127219	-0.0253235	-0.0106443	0.00566635	NA12813	CEU	EUR	female
NA12814	-0.0109862	0.0273577	0.0108155	0.0162827	0.00452472	-0.00656592	-0.0098597	-0.0329153	-0.00923747	0.0105386	NA12814	CEU	EUR	male
NA12815	-0.011176	0.0265513	0.0108197	0.014809	0.00204779	-0.00836081	-0.00865336	-0.0366989	-0.0136947	0.0137875	NA12815	CEU	EUR	female
NA12827	-0.0108366	0.0269269	0.0129011	0.0171858	0.000127473	-0.000548953	0.0025846	-0.0156793	-0.00462317	0.0100372	NA12827	CEU	EUR	male
NA12828	-0.0109943	0.0266447	0.0120831	0.0192112	-0.00321739	0.00077811	0.00439248	-0.00611238	-0.00367073	-0.00968027	NA12828	CEU	EUR	female
NA12829	-0.011054	0.0270799	0.0123922	0.0183614	0.00692939	0.00169146	0.00567025	0.00449337	-0.000794685	0.0264223	NA12829	CEU	EUR	male
NA12830	-0.0108127	0.0270459	0.0124526	0.0178435	0.00242164	-0.00503749	8.0262e-05	-0.0101469	-0.000975434	0.024134	NA12830	CEU	EUR	female
NA12842	-0.0110442	0.0274408	0.0125892	0.019523	0.00499942	0.0019655	0.0109909	0.00467902	0.000450079	0.0300313	NA12842	CEU	EUR	male
NA12843	-0.0112005	0.0266314	0.0118721	0.0168332	0.00220692	-0.00304808	0.00500338	-0.0154967	-0.00516258	0.0261287	NA12843	CEU	EUR	female
NA12872	-0.0109538	0.026538	0.010849	0.0164633	-0.00169408	-0.00768428	-0.00707111	-0.0286695	-0.00572031	0.00402573	NA12872	CEU	EUR	male
NA12873	-0.0112353	0.0267769	0.0103284	0.0158385	0.000919473	-0.00754504	-0.0119969	-0.0338253	-0.00996483	0.0130769	NA12873	CEU	EUR	female
NA12874	-0.0107951	0.0268261	0.0111093	0.0165284	0.00115588	-0.00837373	-0.0150757	-0.0361641	-0.0139204	0.0150473	NA12874	CEU	EUR	male
NA12878	-0.0109736	0.0269506	0.0135624	0.0183373	0.0073993	0.00575195	0.0189564	0.00881395	0.00326578	0.0292206	NA12878	CEU	EUR	female
NA12889	-0.010922	0.0272986	0.0119825	0.0192257	0.00300177	0.00214287	0.00552683	0.00996522	-0.00146331	0.0297351	NA12889	CEU	EUR	male
NA12890	-0.0110866	0.0267366	0.0123978	0.0185695	0.0009977	3.92492e-05	0.00960663	-0.00237385	0.00165075	0.0282446	NA12890	CEU	EUR	female
NA18486	0.0348796	-0.00442189	0.00304834	0.00271006	0.0197279	0.0158175	0.0195499	0.0403185	-0.0186699	0.047348	NA18486	YRI	AFR	male
NA18488	0.0350458	-0.00454981	0.00281327	0.00276804	0.0179209	0.0212774	0.0207534	0.0389321	-0.0287856	0.0314238	NA18488	YRI	AFR	female
NA18489	0.0348639	-0.00452753	0.00280583	0.00139075	0.0159958	0.0136396	0.0153502	0.0278911	-0.0270758	0.0331609	NA18489	YRI	AFR	female
NA18498	0.0351692	-0.0043826	0.00201588	0.00140218	0.021814	0.0163314	0.0107337	0.0210848	-0.0323769	0.0289281	NA18498	YRI	AFR	male
NA18499	0.0351263	-0.00493103	0.0026404	0.00183154	0.0171216	0.0193077	0.018015	0.0324051	-0.0288415	0.0338468	NA18499	YRI	AFR	female
NA18501	0.0353422	-0.00479393	0.0024084	0.00140456	0.0147828	0.0142187	0.0180316	0.0317913	-0.0202278	0.0374517	NA18501	YRI	AFR	male
NA18502	0.0351216	-0.0040144	0.000484051	0.00071372	0.0126957	0.0131715	-0.00050225	-0.00191782	-0.0448292	0.00219083	NA18502	YRI	AFR	female
NA18504	0.0354099	-0.00518608	0.00243376	0.00165616	0.0213411	0.0221552	0.0137412	0.0251699	-0.0390133	0.0339851	NA18504	YRI	AFR	male
NA18505	0.0353992	-0.0045446	0.00136954	0.0011542	0.00947271	0.0131259	-7.22309e-05	-0.00242689	-0.0434386	-0.00996422	NA18505	YRI	AFR	female
NA18507	0.0353212	-0.00452935	0.0012199	0.000388057	0.0157812	0.010924	0.000344046	0.00136596	-0.0314994	0.0175026	NA18507	YRI	AFR	male
NA18508	0.0350487	-0.00459297	0.000599894	0.00195578	0.00817024	0.0101271	0.00235191	0.00077461	-0.0361295	-0.00576386	NA18508	YRI	AFR	female
NA18510	0.0352574	-0.0045601	0.0023597	0.00156974	0.0142072	0.0144737	0.0182338	0.0337445	-0.0205751	0.0400149	NA18510	YRI	AFR	male
NA18511	0.0349016	-0.00446244	0.00139363	0.00169402	0.00840988	0.017591	0.0112918	0.0179122	-0.0312511	-0.00232704	NA18511	YRI	AFR	female
NA18516	0.0350913	-0.0045635	0.00302772	0.00230484	0.0199792	0.0191889	0.0233074	0.0405499	-0.0203769	0.0449615	NA18516	YRI	AFR	male
NA18517	0.0348336	-0.00450775	0.00186831	0.00217758	0.00714088	0.0174875	0.0118927	0.0197806	-0.0264676	0.00504919	NA18517	YRI	AFR	female
NA18519	0.0351421	-0.00462221	0.00189631	0.00123809	0.0160185	0.0127013	0.00666801	0.0174162	-0.0343454	0.0262136	NA18519	YRI	AFR	male
NA18520	0.034941	-0.00422847	0.00300356	0.00190758	0.0214173	0.0206694	0.0159645	0.0355979	-0.0286464	0.0405494	NA18520	YRI	AFR	female
NA18522	0.0348034	-0.004759	0.00278188	0.00242869	0.0230939	0.0217496	0.016284	0.0352407	-0.0200547	0.0364471	NA18522	YRI	AFR	male
NA18523	0.0347631	-0.00481396	0.00215077	0.00148954	0.00769337	0.0184167	0.0151445	0.0222723	-0.031976	0.00160588	NA18523	YRI	AFR	female
NA18525	-0.0156137	-0.0334164	0.00477101	0.010333	0.0150165	-0.0211217	-0.0197664	-0.0238317	-0.0101118	0.00528868	NA18525	CHB	EAS	female
NA18526	-0.0161243	-0.0347334	0.00608341	0.015652	-0.00168686	0.0062246	0.00990273	0.0148069	0.00310932	-0.0191783	NA18526	CHB	EAS	female
NA18528	-0.0153868	-0.0322982	0.004878	0.00972869	0.0206971	-0.0272265	-0.0116993	-0.0146264	-0.00752741	-0.00505181	NA18528	CHB	EAS	female
NA18530	-0.0160772	-0.032883	0.00721908	0.0122991	0.0180319	-0.0092167	0.0132874	0.0168363	0.00458406	-0.0192266	NA18530	CHB	EAS	male
NA18531	-0.0156524	-0.0319444	0.00435814	0.0101825	0.0211138	-0.0293278	-0.0104703	-0.0187354	-0.00282184	-0.00646912	NA18531	CHB	EAS	female
NA18532	-0.0158493	-0.0342295	0.00735587	0.0143947	0.00993372	-0.00526193	0.0110099	0.0172867	0.00323748	-0.0192603	NA18532	CHB	EAS	female
NA18533	-0.0157168	-0.0339841	0.00548923	0.0138933	0.00881534	-0.00217863	0.00695994	0.0167027	0.00403813	0.0246248	NA18533	CHB	EAS	female
NA18534	-0.0160929	-0.033221	0.00702342	0.0129817	0.015222	-0.00608246	0.0150456	0.0148698	0.00426781	-0.0168793	NA18534	CHB	EAS	male
NA18535	-0.0157111	-0.031817	0.00777586	0.0119383	0.0310114	-0.0163356	0.0138266	0.0257345	0.00595272	0.0233859	NA18535	CHB	EAS	female
NA18536	-0.015919	-0.0337435	0.00608316	0.0134506	-0.0017183	0.00293757	0.00727667	0.00972881	0.00209955	-0.0256175	NA18536	CHB	EAS	male
NA18537	-0.0162452	-0.033065	0.00735879	0.0134578	0.0145904	-0.00675778	0.0174244	0.0172664	0.00466395	-0.00819119	NA18537	CHB	EAS	female
NA18538	-0.0157546	-0.0325237	0.00835852	0.0123567	0.0309252	-0.0156964	0.0147427	0.0258147	0.00817869	0.0248712	NA18538	CHB	EAS	female
NA18539	-0.016008	-0.0327938	0.00811006	0.0119455	0.0311365	-0.0188947	0.0144921	0.027987	0.00746549	0.0187429	NA18539	CHB	EAS	female
NA18541	-0.0158416	-0.0329873	0.00822036	0.0129944	0.0288944	-0.014929	0.0137674	0.0252513	0.00417072	0.0193462	NA18541	CHB	EAS	female
NA18542	-0.0156925	-0.0332994	0.00699024	0.0116608	0.0192014	-0.0107025	0.0169551	0.0195785	0.00628445	-0.02893	NA18542	CHB	EAS	female
NA18543	-0.0159988	-0.0346746	0.00649639	0.0163608	-0.0034186	0.00483253	0.0102796	0.0129405	0.00371252	-0.0219176	NA18543	CHB	EAS	male
NA18544	-0.0161379	-0.0336908	0.00748234	0.0129665	0.0154709	-0.00838112	0.0158979	0.0179856	0.00587319	-0.0280101	NA18544	CHB	EAS	male
NA18545	-0.0161866	-0.0348714	0.00691352	0.0140814	-0.00251543	0.00671037	0.00866827	0.0108062	0.00396499	-0.0123896	NA18545	CHB	EAS	female
NA18546	-0.016006	-0.0337298	0.00695855	0.0133939	0.0173111	-0.0102599	0.0155484	0.0162878	0.00443756	-0.0304221	NA18546	CHB	EAS	male
NA18547	-0.0156129	-0.0331276	0.0070363	0.012646	0.018285	-0.00965248	0.0162799	0.0182394	0.0021251	-0.0269179	NA18547	CHB	EAS	female
NA18548	-0.0161503	-0.0334733	0.0072184	0.0125662	0.0186915	-0.00931121	0.0175606	0.0157093	0.00577126	-0.0276548	NA18548	CHB	EAS	male
NA18549	-0.016076	-0.0346307	0.00582569	0.0148804	-0.00438545	0.00710382	0.00908701	0.0147209	0.00414024	-0.0182139	NA18549	CHB	EAS	male
NA18550	-0.0158498	-0.0342617	0.005773	0.0162578	-0.0169115	0.0181961	0.00285953	0.00821813	0.00318531	0.00164345	NA18550	CHB	EAS	female
NA18552	-0.0159434	-0.034104	0.00753607	0.0131774	0.00730177	0.000794506	0.012371	0.0160098	0.00473058	-0.0128168	NA18552	CHB	EAS	female
NA18553	-0.0157159	-0.0322984	0.0078139	0.0114627	0.0289832	-0.0149906	0.0141087	0.0215186	0.00784871	0.0274142	NA18553	CHB	EAS	female
NA18555	-0.0158341	-0.0337612	0.00690623	0.0139815	0.00521581	0.0031706	0.0111283	0.0116309	0.00316639	-0.0147793	NA18555	CHB	EAS	female
NA18557	-0.015911	-0.0337511	0.00742017	0.011535	0.0178271	-0.0108979	0.0154435	0.0244389	0.00525542	-0.0290776	NA18557	CHB	EAS	male
NA18558	-0.0159458	-0.0334878	0.00762459	0.0125495	0.0174275	-0.00835307	0.0179053	0.0204565	0.00439865	-0.0237055	NA18558	CHB	EAS	male
NA18559	-0.016109	-0.0338227	0.00649335	0.014298	0.00908862	-0.00104516	0.0163895	0.0202488	0.00467945	-0.0215963	NA18559	CHB	EAS	male
NA18560	-0.0158223	-0.0341393	0.00613609	0.014386	0.00774311	-0.00015822	0.00596725	0.0169791	0.00530942	0.0295595	NA18560	CHB	EAS	female
NA18561	-0.0159426	-0.032263	0.00634794	0.0123753	0.0168517	-0.00800963	0.0172394	0.0223064	0.00832826	-0.0264754	NA18561	CHB	EAS	male
NA18562	-0.0158581	-0.0333121	0.00719097	0.0119661	0.0209794	-0.0108428	0.0186355	0.019465	0.00568277	-0.0251278	NA18562	CHB	EAS	male
NA18563	-0.0160988	-0.0331124	0.00782614	0.0122693	0.0198063	-0.00931328	0.0192447	0.0248604	0.00455987	-0.0280224	NA18563	CHB	EAS	male
NA18564	-0.0156543	-0.032643	0.00745031	0.0122115	0.0189641	-0.0142397	0.0134284	0.0148006	0.0009162	-0.0228341	NA18564	CHB	EAS	female
NA18565	-0.0158193	-0.0347279	0.00731608	0.0134113	0.00767446	0.00098961	0.00530269	0.0145311	0.00589371	0.0300203	NA18565	CHB	EAS	female
NA18566	-0.0161158	-0.0335072	0.00713394	0.0119455	0.0157305	-0.00891429	0.0153669	0.0183543	0.00229612	-0.0254706	NA18566	CHB	EAS	female
NA18567	-0.0157613	-0.0332233	0.00750154	0.0115271	0.0249037	-0.0139138	0.0126448	0.0253164	0.00695401	0.0197029	NA18567	CHB	EAS	female
NA18570	-0.0161149	-0.0350029	0.00699251	0.0145529	-0.00296901	0.00350892	0.00894217	0.0115006	0.00238029	-0.019914	NA18570	CHB	EAS	female
NA18571	-0.0156966	-0.0341201	0.00677784	0.0144312	-0.0017723	0.0075895	0.00849038	0.0139093	0.00334939	-0.0104797	NA18571	CHB	EAS	female
NA18572	-0.016114	-0.0338698	0.00851812	0.0127187	0.0227363	-0.0101349	0.0179163	0.0261502	0.00652653	-0.0144981	NA18572	CHB	EAS	male
NA18573	-0.0159151	-0.0341991	0.00647258	0.0144581	-0.000522045	0.00442113	0.0094713	0.0144479	0.00555006	-0.0122038	NA18573	CHB	EAS	female
NA18574	-0.015961	-0.0333053	0.00729491	0.0126513	0.0303067	-0.0184234	0.015968	0.0261231	0.00603708	0.0116708	NA18574	CHB	EAS	female
NA18577	-0.015997	-0.0338961	0.00663576	0.0139979	0.0108511	-0.00777363	0.0118172	0.0142891	0.0035968	-0.0212962	NA18577	CHB	EAS	female
NA18579	-0.0161201	-0.0340041	0.00675533	0.0122566	0.0177874	-0.00903884	0.0176327	0.0209668	0.00575256	-0.0290407	NA18579	CHB	EAS	female
NA18582	-0.0160861	-0.0345411	0.00606191	0.0154729	-0.00402658	0.0065671	0.0105761	0.01698	0.00381393	-0.0153605	NA18582	CHB	EAS	female
NA18591	-0.0162154	-0.0343317	0.00570862	0.0114548	0.00378222	-0.0122749	-0.0190294	-0.0259088	-0.00830784	0.00969517	NA18591	CHB	EAS	female
NA18592	-0.0158772	-0.0334781	0.00680951	0.0133856	0.0169996	-0.00917184	0.0133329	0.0156038	0.00290679	-0.0230455	NA18592	CHB	EAS	female
NA18593	-0.0158268	-0.0335147	0.00656389	0.0117391	0.0109704	-0.00865333	0.010729	0.0123656	0.00479225	-0.0268607	NA18593	CHB	EAS	female
NA18595	-0.0158256	-0.0335504	0.00710005	0.0133853	0.0182399	-0.0108161	0.014334	0.018649	0.00429855	-0.0313181	NA18595	CHB	EAS	female
NA18596	-0.0159865	-0.0342135	0.00722308	0.0132365	0.0168789	-0.0118323	0.0161654	0.015293	0.00342393	-0.0317502	NA18596	CHB	EAS	female
NA18597	-0.0160716	-0.0328449	0.00687712	0.0116813	0.0138809	-0.0114171	0.0134975	0.0182923	0.000787302	-0.0345689	NA18597	CHB	EAS	female
NA18599	-0.0157682	-0.0332507	0.00706613	0.0116558	0.0186402	-0.0119814	0.0146345	0.0219762	0.00456638	-0.0289987	NA18599	CHB	EAS	female
NA18602	-0.0161522	-0.0332915	0.00752128	0.0125922	0.019947	-0.00926051	0.0172557	0.0228785	0.00599682	-0.0106196	NA18602	CHB	EAS	female
NA18603	-0.0160485	-0.034712	0.00709519	0.0150348	0.00466823	0.00231224	0.0143078	0.0178838	0.00388972	-0.0193112	NA18603	CHB	EAS	male
NA18605	-0.0158996	-0.0336609	0.00666996	0.0126608	0.0178966	-0.0101201	0.0151738	0.0201622	0.00383648	-0.022965	NA18605	CHB	EAS	male
NA18606	-0.0160026	-0.0349637	0.0062086	0.016135	-0.00771859	0.00967679	0.0109094	0.0139116	0.00324248	-0.0188938	NA18606	CHB	EAS	male
NA18608	-0.0159945	-0.0326145	0.00709872	0.0124514	0.0153751	-0.00895553	0.0169983	0.0195128	0.00543509	-0.0256117	NA18608	CHB	EAS	male
NA18609	-0.0162996	-0.0325766	0.00774682	0.0117577	0.0187726	-0.00786528	0.0171518	0.0245881	0.00680881	-0.0113505	NA18609	CHB	EAS	male
NA18610	-0.0160484	-0.0339188	0.00714472	0.0136099	0.0127935	-0.00804114	0.0144731	0.019298	0.00316801	-0.0202106	NA18610	CHB	EAS	female
NA18611	-0.0160271	-0.0332896	0.00725764	0.0122288	0.023966	-0.0128231	0.0179273	0.0237601	0.00949328	-0.00901681	NA18611	CHB	EAS	male
NA18612	-0.0159297	-0.0336067	0.00707816	0.0120576	0.0195215	-0.0131853	0.0146097	0.022577	0.00536331	-0.0258259	NA18612	CHB	EAS	male
NA18613	-0.0161234	-0.0328259	0.00814664	0.011995	0.0184446	-0.00789231	0.0149437	0.0215648	0.00105179	-0.0136946	NA18613	CHB	EAS	male
NA18614	-0.0158904	-0.0338901	0.00526325	0.0120436	0.0129816	-0.0198691	-0.0103483	-0.0114645	-0.00469934	-0.0166891	NA18614	CHB	EAS	female
NA18615	-0.0158665	-0.0331215	0.00507484	0.011788	0.0209058	-0.0238987	-0.00483757	-0.00538596	0.00107557	-0.0167665	NA18615	CHB	EAS	female
NA18616	-0.0159799	-0.0339039	0.00518318	0.0149473	0.00983038	-0.00239368	0.00900329	0.0183672	0.00391261	0.00851105	NA18616	CHB	EAS	female
NA18617	-0.0157323	-0.033749	0.00483909	0.0134579	0.00194325	-0.00578195	-0.00888205	-0.0168861	-0.00282566	-0.011518	NA18617	CHB	EAS	female
NA18618	-0.0155913	-0.0320557	0.00526482	0.0105458	0.0207738	-0.0215209	-0.00439629	-0.00773054	-0.0013236	-0.0173371	NA18618	CHB	EAS	female
NA18619	-0.0157757	-0.0327642	0.0057237	0.01184	0.0208461	-0.0236093	-0.00652948	-0.0127369	-0.000877047	-0.0157437	NA18619	CHB	EAS	female
NA18620	-0.0160763	-0.0329461	0.00678915	0.0129132	0.0194558	-0.00903541	0.0157265	0.0218078	0.00589269	-0.0214847	NA18620	CHB	EAS	male
NA18621	-0.0160096	-0.0332611	0.00726247	0.0122177	0.0173726	-0.0155919	0.0116821	0.0153816	0.00537984	-0.0301143	NA18621	CHB	EAS	male
NA18622	-0.0158397	-0.0341859	0.00624293	0.0143837	0.00919127	-0.00752347	0.0111549	0.0122992	0.00460674	-0.0232494	NA18622	CHB	EAS	male
NA18623	-0.0159847	-0.0325059	0.00668915	0.0116134	0.0168786	-0.0121224	0.0146227	0.0171543	0.00329714	-0.0315815	NA18623	CHB	EAS	male
NA18624	-0.0159521	-0.0337959	0.00672095	0.0136815	0.0143418	-0.00832055	0.0166939	0.0235166	0.00405862	-0.0228461	NA18624	CHB	EAS	male
NA18625	-0.0158656	-0.0333969	0.0057206	0.0102985	0.018232	-0.0249285	-0.00565607	-0.0131875	-0.00222626	-0.0161075	NA18625	CHB	EAS	female
NA18626	-0.0156514	-0.0320188	0.00548413	0.010705	0.0164698	-0.0256329	-0.0059734	-0.0113424	-0.00583818	-0.0204767	NA18626	CHB	EAS	female
NA18627	-0.0158673	-0.0339884	0.00464161	0.0130716	-0.00105149	-0.0113969	-0.0123269	-0.0173785	-0.00407779	-0.0110545	NA18627	CHB	EAS	female
NA18628	-0.0158747	-0.0343255	0.00434066	0.0154128	-0.0161166	0.00654335	-0.0125349	-0.0158426	-0.00266514	-0.00373663	NA18628	CHB	EAS	female
NA18629	-0.0155651	-0.0333167	0.00447854	0.0117699	0.00965482	-0.0172974	-0.0160914	-0.0241466	-0.0106143	0.00628216	NA18629	CHB	EAS	male
NA18630	-0.0155865	-0.033284	0.00541681	0.0133237	-0.00251973	-0.00257014	-0.0130831	-0.0144678	-0.00347756	-0.00090473	NA18630	CHB	EAS	female
NA18631	-0.0158833	-0.0344868	0.00729352	0.0131814	0.0187239	-0.00840878	0.0104249	0.020308	0.00589069	0.0100955	NA18631	CHB	EAS	female
NA18632	-0.0159943	-0.0347673	0.00770922	0.0160649	-0.00263893	0.00660183	0.00936479	0.0149912	0.00297416	-0.0144429	NA18632	CHB	EAS	male
NA18633	-0.0159441	-0.0344533	0.00788211	0.0133563	0.0103236	-0.00504714	0.0152086	0.0186995	0.00446761	-0.0191546	NA18633	CHB	EAS	male
NA18634	-0.0160323	-0.0340795	0.00696911	0.0143141	0.0111933	-0.00352843	0.00894731	0.0181012	0.00398639	0.0150202	NA18634	CHB	EAS	female
NA18635	-0.0161309	-0.0336226	0.00868084	0.0122487	0.0182591	-0.0110104	0.0165036	0.0204691	0.00271636	-0.0295638	NA18635	CHB	EAS	male
NA18636	-0.0157633	-0.0346914	0.0060815	0.0165828	-0.00476973	0.00921454	0.00714895	0.0108712	0.00323739	-0.0142312	NA18636	CHB	EAS	male
NA18637	-0.0158418	-0.0338442	0.00563377	0.0141127	0.00218526	0.00226309	0.00846526	0.0118391	0.00374854	-0.0173251	NA18637	CHB	EAS	male
NA18638	-0.0158033	-0.0338232	0.00568199	0.0143158	0.00361761	0.000161518	0.00944369	0.0217254	0.00645973	-0.000399665	NA18638	CHB	EAS	male
NA18639	-0.015764	-0.0341274	0.00419235	0.012643	-0.00206266	-0.00881733	-0.0191378	-0.0307259	-0.00910922	0.0117648	NA18639	CHB	EAS	male
NA18640	-0.0156644	-0.0330811	0.00591305	0.00937518	0.0212295	-0.0281858	-0.0159085	-0.0207375	-0.0108845	-0.00149564	NA18640	CHB	EAS	female
NA18641	-0.0156987	-0.0332912	0.00567048	0.010826	0.0164173	-0.0252858	-0.0152397	-0.0235258	-0.0069917	0.000125529	NA18641	CHB	EAS	female
NA18642	-0.0154411	-0.031355	0.00517588	0.00879243	0.0227958	-0.0275195	-0.0137985	-0.022418	-0.00565992	0.000324632	NA18642	CHB	EAS	female
NA18643	-0.0156598	-0.0326801	0.00569742	0.00958689	0.0218503	-0.0274837	-0.0115639	-0.0200283	-0.00880322	-0.00290925	NA18643	CHB	EAS	male
NA18644	-0.0158516	-0.0337767	0.00518094	0.0122315	0.00860278	-0.0180442	-0.017841	-0.0234951	-0.00801255	0.00380788	NA18644	CHB	EAS	female
NA18645	-0.0156483	-0.0340264	0.00510447	0.010426	0.00710562	-0.0183431	-0.0203936	-0.0226927	-0.00742574	0.00931233	NA18645	CHB	EAS	male
NA18646	-0.0157717	-0.0327173	0.00481333	0.00853978	0.0230449	-0.026853	-0.0138705	-0.0208253	-0.00956862	-0.000750301	NA18646	CHB	EAS	female
NA18647	-0.0155135	-0.0318696	0.00472144	0.0093291	0.0209239	-0.027503	-0.0154586	-0.0198753	-0.00948629	-0.00225379	NA18647	CHB	EAS	male
NA18648	-0.015724	-0.0315523	0.00564835	0.00877712	0.0201582	-0.0257831	-0.0161464	-0.018139	-0.00848104	-0.000891286	NA18648	CHB	EAS	male
NA18740	-0.0156778	-0.0341071	0.00427101	0.0128399	-0.00470986	-0.00818845	-0.0186873	-0.0285071	-0.00873867	0.00975754	NA18740	CHB	EAS	male
NA18745	-0.0157978	-0.033334	0.00599248	0.00985301	0.0215053	-0.027856	-0.0165774	-0.0224078	-0.0107678	-0.00130946	NA18745	CHB	EAS	male
NA18747	-0.0156086	-0.0337425	0.00468369	0.0116482	0.00818503	-0.017256	-0.021357	-0.0289016	-0.00944691	0.00851486	NA18747	CHB	EAS	male
NA18748	-0.015784	-0.0335515	0.00410361	0.0123336	0.00720407	-0.0155128	-0.0140295	-0.0248392	-0.00611222	0.0061348	NA18748	CHB	EAS	male
NA18749	-0.0157502	-0.0330191	0.00447119	0.00906351	0.0241246	-0.0301962	-0.0152623	-0.0203225	-0.010832	0.000117838	NA18749	CHB	EAS	male
NA18757	-0.0156742	-0.0325497	0.0059333	0.0090313	0.0216822	-0.0289244	-0.0134302	-0.023518	-0.00709149	-0.000594582	NA18757	CHB	EAS	male
NA18853	0.0350213	-0.00482533	0.00279429	0.00208483	0.0202099	0.0189899	0.0204524	0.0398687	-0.0277842	0.0418823	NA18853	YRI	AFR	male
NA18856	0.0351786	-0.00450595	0.0024214	0.00230706	0.0143847	0.0178767	0.0196322	0.0352769	-0.0290192	0.0302441	NA18856	YRI	AFR	male
NA18858	0.0351024	-0.00441542	0.00174861	0.00203593	0.00702468	0.0159968	0.0142376	0.0228394	-0.0344612	0.00114118	NA18858	YRI	AFR	female
NA18861	0.0354183	-0.00495335	0.00175187	0.00174181	0.00935792	0.0167641	0.0131706	0.0228683	-0.0333883	-0.00131416	NA18861	YRI	AFR	female
NA18864	0.035126	-0.00492291	0.000404675	0.000193314	0.000984078	0.0189123	0.0107607	0.0126488	-0.0325374	-0.0256126	NA18864	YRI	AFR	female
NA18865	0.0351505	-0.00433474	0.00174249	0.00133094	0.00216397	0.0196271	0.00770715	0.0147204	-0.0287236	-0.0205083	NA18865	YRI	AFR	male
NA18867	0.0347393	-0.00487114	0.00238733	0.00212676	0.0181959	0.0176791	0.0217311	0.0414881	-0.0211698	0.0479448	NA18867	YRI	AFR	female
NA18868	0.0352267	-0.00439689	0.00308957	0.00299121	0.0179187	0.0142512	0.0192434	0.0362943	-0.0197392	0.0343184	NA18868	YRI	AFR	male
NA18870	0.0355606	-0.00453213	0.00309138	0.00199214	0.0223189	0.0216721	0.0130265	0.030317	-0.0392017	0.0285938	NA18870	YRI	AFR	female
NA18871	0.0354312	-0.00463359	0.00299726	0.00186029	0.0233795	0.0167896	0.018054	0.0349388	-0.0267291	0.0415224	NA18871	YRI	AFR	male
NA18873	0.0343835	-0.00436117	0.0024574	0.00274139	0.0211447	0.0177067	0.0140816	0.0349307	-0.0223734	0.0452673	NA18873	YRI	AFR	female
NA18874	0.0355506	-0.00473813	0.0024338	0.00161892	0.016317	0.0125771	0.0075622	0.0198177	-0.0220507	0.0348396	NA18874	YRI	AFR	male
NA18876	0.03462	-0.00462603	0.00107694	0.00138037	0.00613353	0.0196393	0.00987958	0.0173503	-0.027877	-0.0289708	NA18876	YRI	AFR	female
NA18877	0.0352663	-0.00485592	0.0011044	0.000901127	0.00484294	0.0169347	0.0114037	0.0105792	-0.02889	-0.0242741	NA18877	YRI	AFR	male
NA18878	0.0350378	-0.00415013	0.00172638	0.000990038	0.0014693	0.0157098	0.0112123	0.0113511	-0.0298749	-0.0245874	NA18878	YRI	AFR	female
NA18879	0.0351094	-0.00434705	0.000781773	0.00145133	0.0033728	0.0152438	0.00854167	0.00920675	-0.0307072	-0.0232944	NA18879	YRI	AFR	male
NA18881	0.035294	-0.00423619	0.000485369	0.000263084	0.001233	0.0021516	-0.00167775	-0.00176915	-0.0339172	0.00485268	NA18881	YRI	AFR	female
NA18907	0.0352865	-0.00486363	0.00204742	0.00156297	0.00995666	0.0210028	0.0112794	0.017704	-0.0332315	-0.00425364	NA18907	YRI	AFR	female
NA18908	0.0351121	-0.00468958	0.00265475	0.00318805	0.0223959	0.018563	0.022022	0.0406377	-0.0253553	0.046433	NA18908	YRI	AFR	male
NA18909	0.0354396	-0.0048902	0.00149937	0.00144494	0.00839752	0.0218281	0.0149255	0.0203483	-0.0400602	-0.00178864	NA18909	YRI	AFR	female
NA18910	0.034842	-0.00433495	0.00335074	0.00221985	0.0211297	0.0207333	0.02236	0.0395038	-0.0231501	0.0373695	NA18910	YRI	AFR	male
NA18912	0.0352676	-0.00500867	0.00247717	0.00213803	0.0186465	0.0157087	0.0142336	0.0303274	-0.0223028	0.0369913	NA18912	YRI	AFR	female
NA18915	0.0356403	-0.00466962	0.00107884	0.000167634	0.00569454	0.0102464	-0.000146999	-0.00171671	-0.0334434	0.000517981	NA18915	YRI	AFR	male
NA18916	0.0349941	-0.00444291	0.00159552	0.00167352	0.00754615	0.0170245	0.0162807	0.0208991	-0.0275383	-0.00547156	NA18916	YRI	AFR	female
NA18917	0.0349717	-0.00459394	0.00188248	3.1571e-06	0.0131016	0.0101294	-0.000412988	-0.00315383	-0.0313593	0.0157089	NA18917	YRI	AFR	male
NA18923	0.0351805	-0.00480681	0.00131648	0.00111323	0.0153534	0.0165786	0.0042094	0.00904259	-0.0406335	0.0201359	NA18923	YRI	AFR	male
NA18924	0.0350305	-0.00472456	0.0011189	-5.07436e-05	0.0139872	0.012065	-0.00186665	-0.000187655	-0.03311	0.0177985	NA18924	YRI	AFR	female
NA18933	0.0354182	-0.00435655	0.00122373	0.000349289	0.0169076	0.0124739	-0.00238303	-0.00169586	-0.0372188	0.015083	NA18933	YRI	AFR	female
NA18934	0.0351416	-0.00456999	0.00172522	-0.000168912	0.0144564	0.0109916	-0.00460372	-0.00287767	-0.0382893	0.0181278	NA18934	YRI	AFR	male
NA18939	-0.0155806	-0.0328709	0.00515964	0.00714071	0.0530893	-0.0560415	-0.015282	-0.0191448	-0.00926774	-0.00130799	NA18939	JPT	EAS	female
NA18940	-0.0157099	-0.0327357	0.00582052	0.00957429	0.0493724	-0.0456602	0.00953686	0.0139595	-0.000711745	-0.0175211	NA18940	JPT	EAS	male
NA18941	-0.015481	-0.032781	0.00469477	0.00847603	0.0470999	-0.0524349	-0.00667549	-0.00746763	-0.00425616	-0.0219767	NA18941	JPT	EAS	female
NA18942	-0.0154369	-0.0330065	0.00578822	0.00994179	0.0472217	-0.0441267	0.00746898	0.0138677	0.000187949	-0.0141134	NA18942	JPT	EAS	female
NA18943	-0.0157922	-0.0332084	0.00549384	0.0107204	0.0368104	-0.035373	0.00651269	0.0113249	-0.00228081	-0.0148429	NA18943	JPT	EAS	male
NA18944	-0.0158281	-0.0329976	0.00626997	0.00958544	0.0497847	-0.0454328	0.0107785	0.0127058	-0.00220343	-0.0169325	NA18944	JPT	EAS	male
NA18945	-0.0156845	-0.0328552	0.00648993	0.00943367	0.0483823	-0.0442029	0.00825142	0.0153896	-0.000373621	-0.0140906	NA18945	JPT	EAS	male
NA18946	-0.0153009	-0.03281	0.00552786	0.00708421	0.051416	-0.0538065	-0.0123432	-0.0205617	-0.0101177	-0.00458943	NA18946	JPT	EAS	female
NA18947	-0.015591	-0.032796	0.00551391	0.0098557	0.0496263	-0.046295	0.00814913	0.0138492	-0.00214548	-0.0184964	NA18947	JPT	EAS	female
NA18948	-0.0158051	-0.0324607	0.00593529	0.0090091	0.0463343	-0.0435427	0.00175299	0.00767169	-0.00335688	-0.0210286	NA18948	JPT	EAS	male
NA18949	-0.0156878	-0.0325648	0.00674513	0.00938995	0.0489189	-0.0471311	0.00647894	0.00571746	-0.00326905	-0.0203499	NA18949	JPT	EAS	female
NA18950	-0.0156484	-0.0331704	0.00710672	0.010246	0.0600818	-0.0472578	0.0116233	0.0254467	0.00320673	0.00459327	NA18950	JPT	EAS	female
NA18951	-0.0157795	-0.0331012	0.00639649	0.0102319	0.0447029	-0.0382683	0.0126981	0.0143034	-0.00029613	-0.01385	NA18951	JPT	EAS	female
NA18952	-0.0157507	-0.0328328	0.0058162	0.00907497	0.0452615	-0.0427809	0.00796362	0.0145453	-0.000370655	-0.0183184	NA18952	JPT	EAS	male
NA18953	-0.0159289	-0.0328097	0.00800112	0.00942256	0.0607564	-0.0421257	0.0148623	0.0290948	0.00464798	0.0178281	NA18953	JPT	EAS	male
NA18954	-0.0157336	-0.0330622	0.00481696	0.00867284	0.0416028	-0.0426586	-0.013015	-0.0193172	-0.0108396	0.000450948	NA18954	JPT	EAS	female
NA18956	-0.0154112	-0.0321015	0.00425096	0.00872678	0.0499453	-0.0528378	-0.00210894	-0.0074024	-0.00612724	-0.0255933	NA18956	JPT	EAS	female
NA18957	-0.0155317	-0.0325262	0.00525781	0.00666231	0.0546265	-0.0578221	-0.0143928	-0.0140477	-0.0103778	-0.00376704	NA18957	JPT	EAS	female
NA18959	-0.0152483	-0.0326194	0.00622072	0.00976177	0.0549597	-0.0451598	0.00903203	0.0187373	0.000929941	0.0156736	NA18959	JPT	EAS	male
NA18960	-0.0153422	-0.0330905	0.00640484	0.00983987	0.0507495	-0.0430481	0.0121213	0.0236241	0.00515147	0.00657167	NA18960	JPT	EAS	male
NA18961	-0.0157843	-0.0328214	0.00767654	0.00916834	0.061978	-0.0440225	0.0146885	0.028409	0.00377434	0.0174107	NA18961	JPT	EAS	male
NA18962	-0.0153443	-0.0321912	0.00374444	0.00821239	0.0515849	-0.0521336	-0.013009	-0.0194318	-0.00861731	-0.00246731	NA18962	JPT	EAS	male
NA18963	-0.0155775	-0.0328102	0.00589888	0.00922173	0.0531191	-0.0532834	-0.00485449	-0.00795309	-0.00404931	-0.0128144	NA18963	JPT	EAS	female
NA18964	-0.0155967	-0.0325503	0.00767888	0.0101007	0.0610569	-0.0423778	0.0141525	0.0253871	0.00198621	0.0204076	NA18964	JPT	EAS	female
NA18965	-0.0157371	-0.0332051	0.00602625	0.00928653	0.0446943	-0.0470669	-0.007156	-0.00659062	-0.00471818	-0.0216181	NA18965	JPT	EAS	male
NA18966	-0.0154182	-0.0327571	0.00491141	0.00734289	0.0535172	-0.056846	-0.00874882	-0.0123936	-0.00531253	-0.0067999	NA18966	JPT	EAS	male
NA18967	-0.0153094	-0.0328123	0.00525325	0.00633939	0.0549543	-0.0577449	-0.0109325	-0.010883	-0.00540758	-0.0041544	NA18967	JPT	EAS	male
NA18968	-0.0152693	-0.0326153	0.00521357	0.00654545	0.0528273	-0.0576781	-0.0121606	-0.0201103	-0.0111691	-0.00148311	NA18968	JPT	EAS	female
NA18969	-0.0157674	-0.0327032	0.00514637	0.00801276	0.0508511	-0.0512872	-0.00283254	-0.00556725	-0.00378949	-0.00553112	NA18969	JPT	EAS	female
NA18970	-0.0156991	-0.0331536	0.00660705	0.00844058	0.0515685	-0.0529214	-0.0049025	-0.00876718	-0.00545533	-0.00476036	NA18970	JPT	EAS	male
NA18971	-0.0154251	-0.0327445	0.00513833	0.007051	0.0517063	-0.0565326	-0.0115399	-0.0147585	-0.0111455	-0.0019504	NA18971	JPT	EAS	male
NA18972	-0.0156695	-0.0323809	0.00602159	0.00687555	0.0514044	-0.0524559	-0.0087656	-0.0111583	-0.00591479	-0.00161896	NA18972	JPT	EAS	female
NA18973	-0.0156212	-0.0324438	0.00625148	0.00824026	0.0472715	-0.0511764	-0.00318503	-0.00670296	-0.00580074	-0.0226844	NA18973	JPT	EAS	female
NA18974	-0.0155268	-0.0328974	0.00604279	0.00743152	0.0523239	-0.053821	-0.0124261	-0.0157129	-0.0111475	0.00057846	NA18974	JPT	EAS	male
NA18975	-0.0154095	-0.032492	0.00503171	0.00700456	0.0534924	-0.0556272	-0.0131774	-0.0160258	-0.0128041	-0.00261356	NA18975	JPT	EAS	female
NA18976	-0.0155039	-0.0335623	0.00449028	0.00739631	0.0376222	-0.0426903	-0.0153775	-0.0219772	-0.0110541	-0.0014982	NA18976	JPT	EAS	female
NA18977	-0.0156803	-0.0322801	0.0057091	0.00697736	0.0514856	-0.0518843	-0.00633912	-0.0116486	-0.00290033	-0.00393954	NA18977	JPT	EAS	male
NA18978	-0.0151305	-0.0322279	0.00410173	0.00754175	0.0539944	-0.0561235	-0.00799464	-0.0151015	-0.00559775	-0.00453659	NA18978	JPT	EAS	female
NA18979	-0.0155239	-0.0326137	0.00557371	0.00844943	0.0483775	-0.0531927	-0.0117902	-0.0185183	-0.00688512	-0.00315929	NA18979	JPT	EAS	female
NA18980	-0.0156762	-0.0323781	0.00508487	0.00834565	0.043104	-0.0495846	-0.007515	-0.00714947	-0.00715824	-0.0179774	NA18980	JPT	EAS	female
NA18981	-0.0154141	-0.0324125	0.00461656	0.00713081	0.0503318	-0.0543468	-0.0115078	-0.0149257	-0.0100085	-0.00194269	NA18981	JPT	EAS	female
NA18982	-0.0155757	-0.0321395	0.00718071	0.0102353	0.057833	-0.0415998	0.0121805	0.0271169	0.00636399	0.0128653	NA18982	JPT	EAS	male
NA18983	-0.0155089	-0.0326005	0.00759175	0.00959804	0.0656517	-0.0463086	0.0178038	0.0328845	0.00718255	0.0108239	NA18983	JPT	EAS	male
NA18984	-0.0153987	-0.0325454	0.0060732	0.00972977	0.0618866	-0.0461579	0.0133301	0.0308784	0.00687314	0.00531696	NA18984	JPT	EAS	male
NA18985	-0.0158573	-0.0324924	0.00659357	0.00999065	0.0547321	-0.0424089	0.0149117	0.0246745	0.006615	0.0137803	NA18985	JPT	EAS	male
NA18986	-0.0152325	-0.0323667	0.00690913	0.00992888	0.0600793	-0.0445327	0.012635	0.0294017	0.00389215	0.0103154	NA18986	JPT	EAS	male
NA18987	-0.0154845	-0.0325194	0.00647279	0.00801392	0.0513493	-0.050844	-0.00566421	-0.00213107	-0.0030655	-0.00786342	NA18987	JPT	EAS	female
NA18988	-0.0153423	-0.0325038	0.00636719	0.00973907	0.060337	-0.0479778	0.00818167	0.0214504	0.00281454	0.00135098	NA18988	JPT	EAS	male
NA18989	-0.0154066	-0.0324379	0.00693957	0.00942355	0.061297	-0.0457507	0.015228	0.0320749	0.0066065	0.00751747	NA18989	JPT	EAS	male
NA18990	-0.0155539	-0.0330991	0.00594789	0.00920175	0.0492246	-0.0436228	0.0042006	0.00995064	0.00173012	-0.0196283	NA18990	JPT	EAS	male
NA18991	-0.015542	-0.0326716	0.0055989	0.00891228	0.0488333	-0.0542516	-0.00546562	-0.00634168	-0.00809582	-0.0205863	NA18991	JPT	EAS	female
NA18992	-0.0154934	-0.0322922	0.00474674	0.00705116	0.0531095	-0.0563928	-0.0120557	-0.0137669	-0.0104282	-0.00693405	NA18992	JPT	EAS	female
NA18993	-0.015569	-0.03207	0.00558701	0.00680824	0.0512769	-0.0538509	-0.0113307	-0.0165501	-0.00564373	-0.00855838	NA18993	JPT	EAS	female
NA18994	-0.0156078	-0.0327171	0.00490507	0.00728141	0.0537036	-0.0550937	-0.0114003	-0.0164098	-0.00952086	-0.0034501	NA18994	JPT	EAS	male
NA18995	-0.0157339	-0.0324551	0.00560577	0.00809405	0.047483	-0.0515227	-0.0109877	-0.018335	-0.00726924	-0.00187504	NA18995	JPT	EAS	male
NA18997	-0.0155555	-0.0328033	0.00478922	0.00793756	0.0468508	-0.0529582	-0.0117267	-0.0127835	-0.00690671	-0.00966614	NA18997	JPT	EAS	female
NA18998	-0.0151684	-0.0324679	0.00455947	0.0074436	0.0548549	-0.0575907	-0.0139827	-0.0168162	-0.00699832	-0.00224646	NA18998	JPT	EAS	female
NA18999	-0.0155856	-0.0326014	0.00657334	0.0101362	0.0559199	-0.0402257	0.0160648	0.0323398	0.00735017	0.0165885	NA18999	JPT	EAS	female
NA19000	-0.0152555	-0.0323299	0.0074445	0.0089481	0.0610226	-0.0466888	0.0143002	0.0307939	0.00732021	0.00916079	NA19000	JPT	EAS	male
NA19001	-0.0153359	-0.032587	0.00457522	0.00784936	0.0496067	-0.0508324	-0.0116409	-0.0157511	-0.00757823	-0.00645359	NA19001	JPT	EAS	female
NA19002	-0.0156135	-0.0318519	0.00522368	0.00891854	0.0522971	-0.0532691	-0.00554797	-0.00465846	-0.00117799	-0.0164611	NA19002	JPT	EAS	female
NA19003	-0.0157108	-0.0327406	0.00792707	0.00911315	0.0600495	-0.0472736	0.016033	0.0311524	0.00729423	0.0192676	NA19003	JPT	EAS	female
NA19004	-0.0157097	-0.0327149	0.00684012	0.00803763	0.0611688	-0.047858	0.0126614	0.0285998	0.00455365	0.0145664	NA19004	JPT	EAS	male
NA19005	-0.0154992	-0.0323365	0.00475021	0.00866799	0.0499603	-0.0481855	-0.00901498	-0.00703067	-0.0037502	-0.00428291	NA19005	JPT	EAS	male
NA19006	-0.0158052	-0.032887	0.00605635	0.00878211	0.0447615	-0.045604	0.00521192	0.00119668	0.000917477	-0.0423922	NA19006	JPT	EAS	male
NA19007	-0.0156593	-0.0324228	0.00755794	0.0103001	0.0588746	-0.0433454	0.0159394	0.028901	0.00678433	0.0185076	NA19007	JPT	EAS	male
NA19009	-0.0156212	-0.0324735	0.00523578	0.00836106	0.052532	-0.0488154	-0.00493861	-0.00782347	-0.00325473	-0.0139228	NA19009	JPT	EAS	male
NA19010	-0.0155355	-0.0325582	0.00660766	0.00758597	0.0555212	-0.0543459	-0.00744972	-0.0101555	-0.00384977	-0.00884575	NA19010	JPT	EAS	female
NA19011	-0.0154178	-0.0329323	0.00513796	0.00844237	0.0438574	-0.0464973	0.00444113	0.00232551	-0.00266591	-0.041342	NA19011	JPT	EAS	female
NA19012	-0.0157606	-0.0327679	0.00729226	0.0100998	0.0600828	-0.0445051	0.0153314	0.0277751	0.00523773	0.0172426	NA19012	JPT	EAS	male
NA19017	0.0332887	-0.00359889	0.000351493	0.000892118	0.0364815	0.0362716	-0.0311947	-0.020088	0.0471785	-0.00972458	NA19017	LWK	AFR	female
NA19019	0.0325927	-0.00345661	0.000434101	0.000808799	0.0381898	0.0369232	-0.0302671	-0.0198844	0.0621347	-0.0154198	NA19019	LWK	AFR	female
NA19020	0.0325496	-0.00341428	0.000498359	0.000299459	0.0397094	0.0346151	-0.035748	-0.0342165	0.054881	-0.00554841	NA19020	LWK	AFR	male
NA19023	0.0334559	-0.00396819	0.00118193	0.000631928	0.0368411	0.0361851	-0.0284433	-0.02304	0.0512043	-0.00788649	NA19023	LWK	AFR	female
NA19024	0.0325106	-0.00373451	1.43977e-05	0.000925109	0.0333503	0.0379624	-0.027646	-0.0194299	0.0557228	-0.00765732	NA19024	LWK	AFR	female
NA19025	0.0323198	-0.00425833	0.000730623	0.00119556	0.0345458	0.0494737	-0.0250901	-0.0165331	0.0588476	-0.0507298	NA19025	LWK	AFR	male
NA19026	0.0326851	-0.00328015	-0.000292478	0.00150401	0.0395341	0.0404335	-0.0271535	-0.0180851	0.060459	-0.0222579	NA19026	LWK	AFR	male
NA19027	0.0315025	-0.00295246	7.81795e-05	0.00081916	0.0433366	0.0428767	-0.0384715	-0.0281762	0.0639496	-0.0238158	NA19027	LWK	AFR	male
NA19028	0.0317187	-0.00317485	0.000527422	0.00127369	0.0420451	0.0352909	-0.0385154	-0.0382724	0.0586815	-0.00630861	NA19028	LWK	AFR	male
NA19030	0.0328529	-0.0037242	0.000147947	0.000676242	0.0332454	0.0345805	-0.0273031	-0.0202506	0.0570529	-0.00814693	NA19030	LWK	AFR	female
NA19031	0.0322729	-0.00325559	0.000749336	0.000628664	0.0408905	0.0361804	-0.0385145	-0.03505	0.0466393	-0.0083322	NA19031	LWK	AFR	male
NA19035	0.0322265	-0.00322801	0.000599114	0.000755985	0.0392527	0.0379186	-0.0358096	-0.0314034	0.0465054	-0.0130291	NA19035	LWK	AFR	male
NA19036	0.0329363	-0.00343114	-5.46909e-05	0.000673103	0.0391131	0.0367395	-0.0355837	-0.0336839	0.049347	-0.00679984	NA19036	LWK	AFR	female
NA19037	0.0323659	-0.00352194	0.000696749	0.00227165	0.0360652	0.0494626	-0.0254821	-0.0198194	0.0613398	-0.0544351	NA19037	LWK	AFR	female
NA19038	0.0328037	-0.00328304	0.000169776	0.000577685	0.0391556	0.0356949	-0.0359152	-0.0358494	0.0450785	-0.00667461	NA19038	LWK	AFR	female
NA19041	0.0322587	-0.00334496	0.000328749	0.000879474	0.0370731	0.0354049	-0.0358211	-0.0318466	0.0479809	-0.00762292	NA19041	LWK	AFR	male
NA19042	0.0315455	-0.00320389	0.00118075	0.00230394	0.0347984	0.0489696	-0.026988	-0.0159645	0.0701948	-0.0512988	NA19042	LWK	AFR	female
NA19043	0.0324345	-0.00301236	0.000322181	0.00198377	0.0336025	0.0376117	-0.0291515	-0.0155869	0.0592071	-0.0207178	NA19043	LWK	AFR	male
NA19054	-0.0155011	-0.0327429	0.00738263	0.00918171	0.0605876	-0.0457199	0.01223	0.0209954	0.00300234	0.0106626	NA19054	JPT	EAS	female
NA19055	-0.015735	-0.0329236	0.0067978	0.00918566	0.061	-0.0456428	0.015701	0.0297505	0.00540719	0.0151743	NA19055	JPT	EAS	male
NA19056	-0.0156373	-0.0323759	0.00587777	0.0100661	0.0634746	-0.0461926	0.0172251	0.0278896	0.00723139	0.0157623	NA19056	JPT	EAS	male
NA19057	-0.0158022	-0.0321578	0.00656428	0.0102993	0.0567696	-0.0426791	0.0124446	0.0246137	0.00466585	0.0193807	NA19057	JPT	EAS	female
NA19058	-0.015435	-0.0325823	0.00759417	0.0101607	0.0583525	-0.042151	0.0152949	0.0347501	0.00724684	0.0116132	NA19058	JPT	EAS	male
NA19059	-0.0158036	-0.0324379	0.00694438	0.00983313	0.0594024	-0.0451482	0.013359	0.0289826	0.00621379	0.0182997	NA19059	JPT	EAS	female
NA19060	-0.0155953	-0.0328781	0.00710768	0.00943135	0.0604653	-0.0426194	0.0134025	0.0275274	0.00487867	0.0213109	NA19060	JPT	EAS	male
NA19062	-0.0155903	-0.0324951	0.0078327	0.00910374	0.0540721	-0.0419138	0.0103894	0.0219543	0.00100291	0.0130622	NA19062	JPT	EAS	male
NA19063	-0.0154958	-0.0330602	0.0067699	0.0100693	0.062011	-0.046905	0.0129787	0.0311704	0.00622052	0.0190078	NA19063	JPT	EAS	male
NA19064	-0.0154934	-0.0329929	0.00672037	0.0101667	0.0555699	-0.0415134	0.0157072	0.0290509	0.00497283	0.0159533	NA19064	JPT	EAS	female
NA19065	-0.0155477	-0.0322074	0.0077847	0.00995297	0.0613278	-0.0480837	0.0134833	0.0277224	0.0069044	0.0116099	NA19065	JPT	EAS	female
NA19066	-0.0155525	-0.032539	0.00783217	0.0103246	0.0610952	-0.0462265	0.0148184	0.0325571	0.00853907	0.00699787	NA19066	JPT	EAS	male
NA19067	-0.0155185	-0.0327096	0.0061848	0.0109679	0.0566257	-0.0438541	0.0100256	0.0225271	0.00263277	0.0194286	NA19067	JPT	EAS	male
NA19068	-0.0156319	-0.0326423	0.00774894	0.00992225	0.0587268	-0.0440792	0.0136269	0.0262885	0.00603513	0.0132373	NA19068	JPT	EAS	male
NA19070	-0.0155438	-0.0321897	0.00708971	0.0103678	0.0586245	-0.0431811	0.0124082	0.0286084	0.00605392	0.018539	NA19070	JPT	EAS	male
NA19072	-0.0156809	-0.0327867	0.00547057	0.00913377	0.0442693	-0.041833	0.00161999	0.00141635	-0.000814014	-0.0310154	NA19072	JPT	EAS	male
NA19074	-0.015645	-0.0329949	0.0062848	0.00728769	0.0486201	-0.046509	-0.000168162	-0.00100218	-0.000997095	-0.029122	NA19074	JPT	EAS	female
NA19075	-0.0158102	-0.0326095	0.00612437	0.00932799	0.0487961	-0.0463291	-0.000362476	0.000376288	-0.00371031	-0.0178934	NA19075	JPT	EAS	male
NA19076	-0.0160393	-0.032546	0.00539139	0.00948522	0.0468644	-0.0435506	0.00311937	0.00137033	-0.000494348	-0.0216651	NA19076	JPT	EAS	male
NA19077	-0.0155263	-0.0327173	0.00562035	0.00892356	0.0508225	-0.0484194	-0.00098824	-0.00601162	0.00136291	-0.0232272	NA19077	JPT	EAS	female
NA19078	-0.0156934	-0.0322296	0.00563511	0.00876254	0.0505623	-0.0494303	-0.000391367	-0.00150913	-0.0020785	-0.0258637	NA19078	JPT	EAS	female
NA19079	-0.015615	-0.0331697	0.00625056	0.00702331	0.0484248	-0.0494508	-0.00220916	-0.0041817	-0.00148477	-0.0145521	NA19079	JPT	EAS	male
NA19080	-0.0155902	-0.032977	0.00511087	0.00959478	0.046762	-0.0440291	0.00327468	-0.00167624	-0.0021291	-0.0244986	NA19080	JPT	EAS	female
NA19081	-0.0158322	-0.0325971	0.00529238	0.00769529	0.0512775	-0.0487827	-0.00071928	0.000183352	-0.00172176	-0.0240516	NA19081	JPT	EAS	female
NA19082	-0.0156426	-0.032306	0.00466935	0.00920701	0.0474537	-0.0465139	-0.00263075	-0.00944582	-0.00511612	-0.0194798	NA19082	JPT	EAS	male
NA19083	-0.015322	-0.0323726	0.00608491	0.00809968	0.0519405	-0.0531333	-0.0074108	-0.00815637	-0.00525994	-0.00710964	NA19083	JPT	EAS	male
NA19084	-0.0159619	-0.0326505	0.00573449	0.00801651	0.0528495	-0.0492903	-0.00309135	-0.00689934	-0.000814443	-0.0111256	NA19084	JPT	EAS	female
NA19085	-0.0155937	-0.0323629	0.0054092	0.00753885	0.0498195	-0.0486113	0.000819986	0.0012313	0.000224307	-0.0262292	NA19085	JPT	EAS	male
NA19086	-0.0156893	-0.0328925	0.00535742	0.00729675	0.0530259	-0.0559486	-0.0134297	-0.0224285	-0.0113193	-0.00242041	NA19086	JPT	EAS	male
NA19087	-0.0157478	-0.0331343	0.00785554	0.00916179	0.0520133	-0.0436086	0.00475374	0.0110002	-0.00298477	0.000232927	NA19087	JPT	EAS	female
NA19088	-0.0157602	-0.0329813	0.00734789	0.0107041	0.0547766	-0.0448717	0.00963193	0.0144941	0.00110919	-0.00609641	NA19088	JPT	EAS	male
NA19089	-0.0154797	-0.0328345	0.00555401	0.00788865	0.0446775	-0.0461203	0.00574074	0.00303672	-0.000508768	-0.041779	NA19089	JPT	EAS	male
NA19090	-0.015617	-0.033335	0.00464973	0.00906163	0.0380931	-0.0393583	0.00240321	0.0065331	-0.00213035	-0.043168	NA19090	JPT	EAS	female
NA19091	-0.0157808	-0.0330439	0.00582687	0.00846882	0.041823	-0.0441325	0.00496007	0.00446847	0.00115622	-0.0401182	NA19091	JPT	EAS	male
NA19092	0.0349603	-0.00501603	0.00301502	0.00319544	0.0157369	0.0206596	0.0216107	0.0393024	-0.0187031	0.0329242	NA19092	YRI	AFR	male
NA19093	0.0349218	-0.00481641	0.00225686	0.00247077	0.0166797	0.0192183	0.0157436	0.0298067	-0.0315475	0.0358676	NA19093	YRI	AFR	female
NA19095	0.035406	-0.00452896	0.00133515	0.000545691	0.0124147	0.0109726	-0.00417056	-0.00446594	-0.038663	0.011498	NA19095	YRI	AFR	female
NA19096	0.0355066	-0.00444387	0.0010338	-0.000873832	0.0103552	0.00709865	-0.00394354	-0.00632084	-0.0384945	0.0142044	NA19096	YRI	AFR	male
NA19098	0.0349562	-0.00438027	0.000609486	-0.000103515	0.0121581	0.00854433	-0.00255515	-0.00648588	-0.0402841	0.0186637	NA19098	YRI	AFR	male
NA19099	0.0355982	-0.00439958	0.000191324	0.00106047	0.0062454	0.00947607	9.41798e-06	0.00422231	-0.0382602	-0.00691121	NA19099	YRI	AFR	female
NA19102	0.0349083	-0.00441264	0.00235624	0.00143628	0.0182466	0.013815	0.0116629	0.0290267	-0.0249639	0.037075	NA19102	YRI	AFR	female
NA19107	0.0350529	-0.00450749	0.00096795	0.00193617	0.00981552	0.0192701	0.0118731	0.0183754	-0.0376261	-0.00380391	NA19107	YRI	AFR	male
NA19108	0.0353176	-0.00460479	0.00160835	0.00170641	0.00980844	0.0197638	0.0124059	0.018767	-0.0312394	-0.00419921	NA19108	YRI	AFR	female
NA19113	0.0349265	-0.0046878	0.00100255	-6.90823e-05	0.0123722	0.0095973	-0.0032783	-0.0067349	-0.0424778	0.0112564	NA19113	YRI	AFR	male
NA19114	0.034959	-0.00434598	0.0017257	0.00203639	0.00642007	0.0182246	0.0135027	0.0200166	-0.0328368	-0.00309273	NA19114	YRI	AFR	female
NA19116	0.0353912	-0.00492673	0.00293466	0.00226072	0.0230487	0.0206728	0.0174174	0.0352986	-0.032992	0.0392127	NA19116	YRI	AFR	female
NA19117	0.0353188	-0.0048662	0.000981445	0.00036674	0.0108878	0.00897143	-0.00692674	-0.0106274	-0.0401833	0.0197091	NA19117	YRI	AFR	male
NA19118	0.0342149	-0.00413224	0.00124746	-0.000379195	0.0145068	0.00940387	-0.00960554	-0.00983195	-0.0334077	0.0152177	NA19118	YRI	AFR	female
NA19119	0.0354005	-0.00462945	0.000814846	-7.43781e-05	0.0117002	0.00895589	-0.00689319	-0.00749134	-0.0415609	0.0165108	NA19119	YRI	AFR	male
NA19121	0.0353162	-0.00450365	0.00118175	0.000221634	0.00947709	0.00938557	-0.00537022	-0.00447651	-0.0375653	0.0128613	NA19121	YRI	AFR	male
NA19129	0.0347284	-0.00443467	0.00185528	0.00139569	0.00958066	0.0150529	0.0140959	0.0224672	-0.0269781	-0.00159392	NA19129	YRI	AFR	female
NA19130	0.0348518	-0.00507139	0.00267697	0.00267749	0.0182114	0.0180298	0.0193788	0.0413368	-0.0248526	0.0344928	NA19130	YRI	AFR	male
NA19131	0.0354321	-0.00470465	0.000965505	-0.000962877	0.0130183	0.00405558	-0.00450251	-0.00553492	-0.0394129	0.0184446	NA19131	YRI	AFR	female
NA19137	0.0353171	-0.0041386	0.000727556	0.000649346	0.0129233	0.00846904	-0.00144077	-0.00596205	-0.0355294	0.0146963	NA19137	YRI	AFR	female
NA19138	0.0355071	-0.00439248	0.0013024	6.3512e-05	0.0123338	0.0128189	-0.00320173	-0.00197282	-0.0350486	0.0097909	NA19138	YRI	AFR	male
NA19141	0.0352293	-0.00465616	0.00153609	0.000499341	0.0149785	0.0140948	0.00568284	0.00848786	-0.031389	0.0178566	NA19141	YRI	AFR	male
NA19143	0.0354356	-0.00440349	0.00155528	-0.000109696	0.0110822	0.0119335	-0.000224454	0.002871	-0.0329436	0.0162491	NA19143	YRI	AFR	female
NA19144	0.0353191	-0.00452534	0.000974436	0.000224853	0.0136385	0.0106146	-0.00207498	-0.00217364	-0.0366975	0.0182068	NA19144	YRI	AFR	male
NA19146	0.0355715	-0.00469133	0.00118954	-0.000844831	0.0148949	0.0104268	-0.00772315	-0.00860666	-0.0396435	0.0168872	NA19146	YRI	AFR	male
NA19147	0.0350609	-0.00457765	0.00143043	0.00202633	0.00874167	0.0174831	0.0156939	0.0210219	-0.0326178	-0.00419306	NA19147	YRI	AFR	female
NA19149	0.0356963	-0.00469428	0.0010515	4.79437e-05	0.0128603	0.00893768	-0.00624682	-0.00590903	-0.042079	0.0151968	NA19149	YRI	AFR	female
NA19152	0.0353856	-0.00510779	0.000631832	-0.000274988	0.0116288	0.00885432	-0.00657638	-0.0119394	-0.0431719	0.0206343	NA19152	YRI	AFR	female
NA19153	0.0353433	-0.00433832	0.000966037	-0.000750328	0.0102337	0.011399	-0.00311468	-0.00529454	-0.0436288	0.0169052	NA19153	YRI	AFR	male
NA19159	0.0352821	-0.00471872	0.000375616	0.00035738	0.0132293	0.00877716	-0.00286132	-0.00265212	-0.0381555	0.0209746	NA19159	YRI	AFR	female
NA19160	0.0352604	-0.00471797	0.00105754	0.000958633	0.01273	0.0137431	0.00104358	0.00244876	-0.0451834	0.0223146	NA19160	YRI	AFR	male
NA19171	0.0355265	-0.00430673	0.00104193	-0.000574098	0.0102371	0.00624983	-0.00939735	-0.00922904	-0.0422089	0.0191063	NA19171	YRI	AFR	male
NA19172	0.0350492	-0.00454106	0.00284515	0.00196247	0.0257113	0.0206271	0.0191355	0.0328645	-0.0297827	0.034399	NA19172	YRI	AFR	female
NA19175	0.0352563	-0.00443883	0.000698264	-0.000447302	0.0128281	0.00992968	-0.00302273	-0.00855394	-0.0323561	0.0197672	NA19175	YRI	AFR	male
NA19184	0.0352442	-0.00477603	0.00100442	-0.000573669	0.0132432	0.0139478	-0.00820004	-0.00805477	-0.0463384	0.00900652	NA19184	YRI	AFR	male
NA19185	0.0353191	-0.00449261	0.000848824	-0.00014041	0.0137268	0.0114123	-0.00747894	-0.00980423	-0.0425436	0.0138734	NA19185	YRI	AFR	female
NA19189	0.0348434	-0.00455016	0.00195668	0.000943662	0.0161695	0.0151728	0.0130213	0.0215669	-0.0303666	0.0207622	NA19189	YRI	AFR	male
NA19190	0.035139	-0.00491228	0.00216763	0.00196176	0.00881347	0.0183368	0.0138172	0.0164206	-0.0341937	-0.00376604	NA19190	YRI	AFR	female
NA19197	0.0351484	-0.00472351	0.00136434	-0.000386403	0.0158015	0.0134369	-0.0024766	-0.00409218	-0.0414496	0.0191584	NA19197	YRI	AFR	female
NA19198	0.0350026	-0.00473281	0.00239029	0.000113747	0.0148051	0.0160335	-0.00223353	-0.00155011	-0.0402943	0.0174754	NA19198	YRI	AFR	male
NA19200	0.0351917	-0.00475126	0.00166664	-0.000345439	0.0154583	0.0148953	-0.00101653	-0.00242901	-0.0422666	0.0171781	NA19200	YRI	AFR	male
NA19201	0.0357385	-0.00404138	0.00131392	0.000131428	0.0162172	0.0107945	-0.00324299	-0.00318015	-0.0476408	0.0140674	NA19201	YRI	AFR	female
NA19204	0.0351623	-0.00486523	0.000675106	-0.000482667	0.012664	0.00775129	-0.006374	-0.00833607	-0.0408067	0.0176598	NA19204	YRI	AFR	female
NA19206	0.0352	-0.00457291	0.00109213	0.000417078	0.0159981	0.0131575	-0.0047043	-0.00335378	-0.048031	0.0197071	NA19206	YRI	AFR	female
NA19207	0.035208	-0.00487559	0.00118963	0.000108423	0.0163363	0.0121852	-0.00110485	-0.00466916	-0.0431194	0.0178653	NA19207	YRI	AFR	male
NA19209	0.0353919	-0.00467289	0.00140135	-0.000534514	0.0134183	0.0115136	-0.00352672	-0.00441813	-0.0377776	0.0158178	NA19209	YRI	AFR	female
NA19210	0.0353984	-0.00415169	9.44965e-05	0.000569883	0.0115796	0.0126679	0.00105685	-0.000516868	-0.0401554	0.01252	NA19210	YRI	AFR	male
NA19213	0.0348687	-0.00459004	0.00228186	0.00192556	0.0212862	0.0209978	0.0191475	0.0345142	-0.027076	0.0323441	NA19213	YRI	AFR	male
NA19214	0.0355769	-0.00475964	0.00138369	-0.000425442	0.0130826	0.00955685	-0.00971292	-0.0115064	-0.0401917	0.0161494	NA19214	YRI	AFR	female
NA19222	0.035266	-0.00463672	0.00130185	1.18371e-05	0.0126858	0.0109913	-0.00145121	-0.00433676	-0.0368975	0.0159045	NA19222	YRI	AFR	female
NA19223	0.0354417	-0.0047024	0.00147026	0.000627704	0.0141012	0.0128482	-0.00389692	-0.00344394	-0.0390999	0.0143378	NA19223	YRI	AFR	male
NA19225	0.0348539	-0.00504246	0.00228803	0.00179846	0.00993873	0.0224196	0.0128288	0.0187327	-0.0371143	-0.00551404	NA19225	YRI	AFR	female
NA19235	0.0351839	-0.00447541	0.00253434	0.00215862	0.0221649	0.0212667	0.0171457	0.0371658	-0.0244542	0.0427186	NA19235	YRI	AFR	female
NA19236	0.0349321	-0.00478606	0.00216194	0.00233774	0.01885	0.0180068	0.0196247	0.0361053	-0.0210457	0.0473745	NA19236	YRI	AFR	male
NA19238	0.0350129	-0.00439835	0.000741565	2.45093e-06	0.013257	0.0102408	-0.00562812	-0.00461654	-0.0427452	0.0165728	NA19238	YRI	AFR	female
NA19239	0.0352307	-0.00449893	0.000953803	0.000287941	0.0126548	0.00858091	-0.00334915	-0.00467562	-0.0376218	0.0177307	NA19239	YRI	AFR	male
NA19247	0.0348611	-0.00437072	0.00205501	0.00178451	0.0197925	0.0188168	0.0196588	0.0405413	-0.025392	0.0485304	NA19247	YRI	AFR	female
NA19248	0.0350741	-0.00431242	0.00169279	0.0012417	0.0160439	0.012531	0.0127644	0.024271	-0.0249988	0.0383262	NA19248	YRI	AFR	male
NA19256	0.0353451	-0.00454715	0.001029	0.00182724	0.00882644	0.0194516	0.0116403	0.0192461	-0.0305601	-0.00527785	NA19256	YRI	AFR	male
NA19257	0.035453	-0.00445781	0.00189441	0.00203279	0.00881344	0.0184981	0.0138476	0.0210549	-0.0361396	-0.00591427	NA19257	YRI	AFR	female
NA19307	0.03242	-0.0033903	-0.000133066	0.000511905	0.0408002	0.0396614	-0.0443514	-0.0374254	0.0577564	-0.0125645	NA19307	LWK	AFR	male
NA19308	0.0324008	-0.00313879	0.00013301	0.000568691	0.0402343	0.0377418	-0.0385194	-0.0333042	0.0464503	-0.0103411	NA19308	LWK	AFR	male
NA19309	0.0322757	-0.00311358	0.000616981	0.000773388	0.0394125	0.0380098	-0.0374932	-0.0359099	0.0470847	-0.0116301	NA19309	LWK	AFR	male
NA19310	0.0331669	-0.00400446	0.000946934	5.25965e-05	0.0419506	0.0391713	-0.0359905	-0.0346766	0.0479136	-0.0126845	NA19310	LWK	AFR	female
NA19312	0.0324499	-0.00341862	0.000394475	0.00119263	0.0426501	0.0421287	-0.0332473	-0.0313465	0.0616281	-0.0202594	NA19312	LWK	AFR	male
NA19314	0.0313955	-0.00281477	0.000437105	0.000774133	0.0391459	0.0376147	-0.0399119	-0.0322597	0.0469846	-0.00924219	NA19314	LWK	AFR	female
NA19315	0.0315606	-0.00297581	0.000327724	0.00185958	0.0415038	0.0364246	-0.031922	-0.023743	0.0462045	-0.00821017	NA19315	LWK	AFR	female
NA19316	0.0320931	-0.00335166	0.000617459	0.00089943	0.0427271	0.0419981	-0.0359421	-0.0286519	0.060293	-0.00708119	NA19316	LWK	AFR	female
NA19317	0.0328314	-0.0036322	0.000827788	0.00136176	0.0440941	0.0410711	-0.0336966	-0.0275023	0.0598995	-0.00697971	NA19317	LWK	AFR	male
NA19318	0.0329163	-0.00364234	0.000343366	0.00155198	0.0464634	0.0435713	-0.0359421	-0.0285116	0.0572384	-0.00365323	NA19318	LWK	AFR	male
NA19319	0.0323592	-0.00321175	0.000804559	0.000751671	0.0431423	0.0405942	-0.03435	-0.0274143	0.0495985	-0.00632046	NA19319	LWK	AFR	male
NA19320	0.0323676	-0.00366681	0.000496097	0.00179798	0.0381064	0.0550496	-0.026439	-0.016376	0.0692703	-0.0496681	NA19320	LWK	AFR	female
NA19321	0.0325499	-0.00371926	0.00101353	0.0012718	0.040759	0.0414903	-0.0325881	-0.023396	0.0529318	-0.00791257	NA19321	LWK	AFR	female
NA19323	0.0312882	-0.0028272	-0.000266285	0.00149447	0.0372443	0.0343592	-0.0334418	-0.0231578	0.0516991	-0.0119482	NA19323	LWK	AFR	female
NA19324	0.0323722	-0.00351064	0.000955989	0.000389136	0.0391734	0.0369502	-0.0306287	-0.0239715	0.0462812	-0.00479006	NA19324	LWK	AFR	female
NA19327	0.0311373	-0.00300302	0.00150443	0.00180591	0.0400703	0.0391244	-0.0363575	-0.0232199	0.0565439	-0.00550883	NA19327	LWK	AFR	female
NA19328	0.0324465	-0.00315012	0.0015334	0.00128443	0.0448177	0.0418678	-0.0306652	-0.0281579	0.0570735	-0.0105844	NA19328	LWK	AFR	female
NA19331	0.0323842	-0.00356614	0.00100078	0.000775121	0.0534259	0.0471431	-0.0304975	-0.014118	0.0838652	0.00680693	NA19331	LWK	AFR	male
NA19332	0.0319324	-0.0037506	0.00201523	0.00255352	0.0467908	0.0479004	-0.0114747	0.0199937	0.0603649	0.0184617	NA19332	LWK	AFR	female
NA19334	0.0321239	-0.00359294	0.00213109	0.00286816	0.0563888	0.0533248	-0.0125657	0.0160838	0.0896285	0.0237263	NA19334	LWK	AFR	male
NA19338	0.031969	-0.00343982	0.00222027	0.00344316	0.0484221	0.0470252	-0.0132817	0.0136985	0.0649499	0.0189182	NA19338	LWK	AFR	female
NA19346	0.0321486	-0.00382399	0.00218454	0.00284697	0.0501223	0.0461173	-0.0110405	0.0159696	0.0645746	0.022303	NA19346	LWK	AFR	male
NA19347	0.0321756	-0.00358256	0.00195613	0.00344032	0.0525589	0.0534231	-0.014114	0.011809	0.0725204	0.0120573	NA19347	LWK	AFR	male
NA19350	0.0322439	-0.00353258	0.00274211	0.00236178	0.0512548	0.0487008	-0.0207968	0.00636381	0.0730281	0.00696946	NA19350	LWK	AFR	male
NA19351	0.0327632	-0.00389	0.00105869	0.00116956	0.0383124	0.0365392	-0.0330547	-0.0274084	0.0539947	-0.0129112	NA19351	LWK	AFR	female
NA19355	0.032031	-0.00357229	0.00130713	0.000285274	0.0413739	0.0421328	-0.0351873	-0.036279	0.0567245	-0.0180041	NA19355	LWK	AFR	female
NA19360	0.0327114	-0.00358919	0.000841431	0.000838231	0.0404603	0.0425806	-0.0337172	-0.0296782	0.0584459	-0.0159283	NA19360	LWK	AFR	male
NA19372	0.033115	-0.00357728	0.000583426	0.00135931	0.0389853	0.0410162	-0.032822	-0.0273444	0.0560929	-0.0141881	NA19372	LWK	AFR	male
NA19374	0.0320524	-0.00348408	0.00102191	0.00107858	0.0415449	0.0404784	-0.0342231	-0.0297373	0.0591592	-0.0139975	NA19374	LWK	AFR	male
NA19375	0.0322044	-0.0030088	0.0011517	0.0015804	0.0456367	0.0470181	-0.0386285	-0.0317645	0.0593346	-0.0181159	NA19375	LWK	AFR	male
NA19376	0.0330099	-0.00367618	0.000125312	0.00147712	0.0468638	0.044881	-0.0392985	-0.0377117	0.0683919	-0.0120605	NA19376	LWK	AFR	male
NA19377	0.0325977	-0.00353473	0.00030391	0.00118222	0.0422398	0.041512	-0.0365985	-0.0299587	0.0573938	-0.0143328	NA19377	LWK	AFR	female
NA19378	0.0325756	-0.0034023	0.000658462	-0.00022133	0.0369072	0.0301113	-0.0313755	-0.0216566	0.0448119	-0.00732049	NA19378	LWK	AFR	female
NA19379	0.0323611	-0.00323951	0.000609968	0.00113619	0.0415439	0.0399909	-0.0351866	-0.0311987	0.0561541	-0.012858	NA19379	LWK	AFR	female
NA19380	0.031596	-0.003521	0.00111394	0.00155432	0.0415833	0.0387044	-0.0326153	-0.0296995	0.0600106	-0.0137225	NA19380	LWK	AFR	male
NA19383	0.0321607	-0.00373677	0.00114957	0.000840846	0.0395167	0.0393128	-0.037049	-0.030559	0.0557277	-0.0153626	NA19383	LWK	AFR	male
NA19384	0.0332253	-0.00385768	0.00074544	0.000926106	0.0438476	0.0435004	-0.036376	-0.0358943	0.0549039	-0.0164994	NA19384	LWK	AFR	male
NA19385	0.0322764	-0.00332486	0.000323181	0.000793643	0.0389221	0.0398213	-0.0349741	-0.0303366	0.05658	-0.0122658	NA19385	LWK	AFR	male
NA19390	0.0322265	-0.0036229	0.00164581	0.000857888	0.0371095	0.0389781	-0.0327712	-0.0319008	0.0548767	-0.0142278	NA19390	LWK	AFR	female
NA19391	0.033153	-0.00398145	0.000136803	0.000728292	0.0388156	0.0393247	-0.0301148	-0.0280602	0.0487325	-0.0102668	NA19391	LWK	AFR	female
NA19393	0.0325209	-0.00372417	0.000392075	0.00159542	0.0439153	0.040432	-0.0358678	-0.0330873	0.0588407	-0.0106072	NA19393	LWK	AFR	male
NA19394	0.0323259	-0.0032421	0.000950702	0.00170767	0.0421244	0.0399552	-0.0317032	-0.0332642	0.0563783	-0.0143321	NA19394	LWK	AFR	male
NA19395	0.0318087	-0.00331579	0.000687499	0.00107971	0.0398957	0.0357928	-0.0332265	-0.0266146	0.0572828	-0.00859706	NA19395	LWK	AFR	female
NA19397	0.0329778	-0.00364838	0.000864127	0.0018452	0.045358	0.0440825	-0.0355781	-0.0328727	0.0602211	-0.0137625	NA19397	LWK	AFR	male
NA19399	0.0329881	-0.00387534	0.000177259	0.000739614	0.0408858	0.0402146	-0.0315975	-0.0327092	0.0462629	-0.00919578	NA19399	LWK	AFR	female
NA19401	0.0318987	-0.00352295	0.000944122	0.00119074	0.0395439	0.0399645	-0.0350949	-0.0320971	0.0490022	-0.00859369	NA19401	LWK	AFR	female
NA19403	0.0312638	-0.00270751	0.000195721	0.00178092	0.039852	0.0387704	-0.0320458	-0.0265643	0.0485158	-0.0123078	NA19403	LWK	AFR	female
NA19404	0.0325576	-0.00369312	0.000528615	0.000765162	0.0394299	0.0391053	-0.0338703	-0.0280753	0.0501997	-0.00876965	NA19404	LWK	AFR	female
NA19428	0.0327596	-0.00351991	0.001078	0.00111218	0.0409064	0.0401791	-0.033525	-0.0294281	0.0547685	-0.0140086	NA19428	LWK	AFR	male
NA19429	0.0322957	-0.00402177	0.000745859	0.00223217	0.0394436	0.042906	-0.0243118	-0.0168343	0.058586	-0.0350632	NA19429	LWK	AFR	male
NA19430	0.0321968	-0.00308763	0.00113384	0.00142965	0.0450809	0.0473911	-0.0308732	-0.023354	0.0658595	-0.037657	NA19430	LWK	AFR	male
NA19431	0.0324519	-0.00390455	0.000699542	0.0015602	0.0427083	0.0428008	-0.026656	-0.0200376	0.0562524	-0.0292999	NA19431	LWK	AFR	female
NA19434	0.031876	-0.00362948	0.0016396	0.000914885	0.0394345	0.0439551	-0.0295732	-0.0210655	0.0617061	-0.0345256	NA19434	LWK	AFR	female
NA19435	0.0314485	-0.00338776	0.000537226	0.00207811	0.0386469	0.0403714	-0.0251285	-0.0218388	0.0555656	-0.0285973	NA19435	LWK	AFR	female
NA19436	0.0319959	-0.00344193	0.00127003	0.00122551	0.0447918	0.0467517	-0.0270164	-0.0198889	0.0585732	-0.0251981	NA19436	LWK	AFR	female
NA19437	0.0314623	-0.00290868	0.000339574	0.00136052	0.0373196	0.0372589	-0.0279085	-0.020876	0.051649	-0.0289178	NA19437	LWK	AFR	female
NA19438	0.0326346	-0.00400309	0.000317294	0.00125052	0.0378343	0.0411535	-0.0258152	-0.0213309	0.0513566	-0.020128	NA19438	LWK	AFR	female
NA19439	0.0325546	-0.00367592	0.000248919	0.000847299	0.0405956	0.038082	-0.0329424	-0.0221169	0.0582979	-0.035021	NA19439	LWK	AFR	female
NA19440	0.0321459	-0.00345229	0.00138106	0.00258128	0.038408	0.0400527	-0.0255139	-0.013117	0.0533902	-0.0258824	NA19440	LWK	AFR	female
NA19443	0.0323108	-0.00356009	0.000664208	0.0012342	0.0413944	0.039206	-0.0304553	-0.0272711	0.0594646	-0.021609	NA19443	LWK	AFR	male
NA19445	0.0324077	-0.00342712	0.00117523	0.00154855	0.0423294	0.0363356	-0.0294056	-0.026076	0.0493615	-0.0193821	NA19445	LWK	AFR	female
NA19446	0.0326658	-0.0034124	-1.23008e-05	0.00135886	0.0379047	0.0418943	-0.030296	-0.0249345	0.0571292	-0.0299263	NA19446	LWK	AFR	female
NA19448	0.0316848	-0.0037578	0.000565609	0.00228306	0.0442543	0.0416498	-0.0287473	-0.021205	0.0623769	-0.0304944	NA19448	LWK	AFR	male
NA19449	0.0321441	-0.00392154	0.000756268	0.000998529	0.0392638	0.0377622	-0.0270025	-0.0190504	0.055635	-0.0214734	NA19449	LWK	AFR	female
NA19451	0.0324848	-0.0032763	0.00167871	0.0015285	0.0479785	0.0443567	-0.0341357	-0.0287813	0.0628241	-0.0280633	NA19451	LWK	AFR	male
NA19452	0.0313878	-0.00313217	0.000989925	0.00265119	0.0406747	0.0447558	-0.0284578	-0.0223429	0.0669188	-0.045934	NA19452	LWK	AFR	male
NA19454	0.0327213	-0.00341355	0.000611251	0.00115773	0.0386466	0.0337084	-0.0323163	-0.0242636	0.047323	-0.0105853	NA19454	LWK	AFR	male
NA19455	0.0323499	-0.00368321	0.000852842	0.00180322	0.0381618	0.0420242	-0.0271737	-0.0208507	0.0563323	-0.0344231	NA19455	LWK	AFR	male
NA19456	0.0322753	-0.00391835	0.000548875	0.000638216	0.0393659	0.0409426	-0.0309659	-0.0235135	0.0532312	-0.0197193	NA19456	LWK	AFR	female
NA19457	0.0323873	-0.00356164	0.000958409	0.0015467	0.0388096	0.0420094	-0.0225481	-0.0141379	0.0537928	-0.0214182	NA19457	LWK	AFR	female
NA19461	0.0321074	-0.00337167	0.00143754	0.00217527	0.039423	0.0458474	-0.0258299	-0.0195122	0.0553482	-0.0367435	NA19461	LWK	AFR	male
NA19462	0.0331678	-0.00426838	0.00118619	0.00148502	0.0383326	0.0424214	-0.0210294	-0.0173002	0.0522955	-0.0310422	NA19462	LWK	AFR	female
NA19463	0.0317236	-0.00333156	0.000322485	0.000946912	0.0372246	0.040013	-0.0290663	-0.0209921	0.0610319	-0.0265303	NA19463	LWK	AFR	female
NA19466	0.0315081	-0.0035064	0.000702045	0.0018379	0.0444053	0.0452306	-0.0296153	-0.0212629	0.0677842	-0.0370613	NA19466	LWK	AFR	male
NA19467	0.0315797	-0.00317321	0.000865813	0.00178196	0.0415063	0.0449519	-0.0289353	-0.0223758	0.0607796	-0.0387828	NA19467	LWK	AFR	female
NA19468	0.0314889	-0.00385337	0.00036368	0.00231301	0.0389477	0.0419638	-0.0278181	-0.0196809	0.0592048	-0.0318517	NA19468	LWK	AFR	female
NA19471	0.0320694	-0.00334244	0.0023694	0.00331312	0.0484325	0.0475737	-0.00982259	0.0164482	0.0722996	0.0179846	NA19471	LWK	AFR	female
NA19472	0.0315553	-0.00338048	0.00223696	0.00256028	0.0484784	0.0483962	-0.0130703	0.0152851	0.0651393	0.012186	NA19472	LWK	AFR	female
NA19473	0.0316607	-0.00340209	0.00252684	0.00280922	0.0486236	0.0473531	-0.0143906	0.0134597	0.0622742	0.0104479	NA19473	LWK	AFR	female
NA19474	0.0315499	-0.00341057	0.00234887	0.00308294	0.0460878	0.0495208	-0.00857591	0.0207842	0.0683313	0.0146137	NA19474	LWK	AFR	female
NA19475	0.0320944	-0.0036453	0.000499839	0.00200229	0.0285807	0.0464984	-0.0165544	-0.00819772	0.0587351	-0.0537126	NA19475	LWK	AFR	female
NA19625	0.0179383	-0.00325208	0.0127474	-0.014149	0.0126633	0.0139761	0.0200001	0.0271088	0.0016983	0.0309642	NA19625	ASW	AFR	female
NA19648	-0.010173	0.0234489	0.0148845	0.0116954	0.00434515	0.00249578	-0.00614397	0.0390015	0.00786627	0.0265134	NA19648	MXL	AMR	female
NA19649	-0.0101387	0.0170555	0.0194279	-0.00581155	0.00272318	0.000934655	-0.00543327	0.0287626	0.00992491	0.0200314	NA19649	MXL	AMR	male
NA19651	-0.00936135	0.0142745	0.0203441	-0.0103283	0.00467003	0.00192874	-0.00433795	0.0254673	0.00562722	0.0230483	NA19651	MXL	AMR	female
NA19652	-0.00992693	0.014223	0.0215498	-0.0112448	0.00531062	-0.000155583	-0.00771946	0.0273701	0.00548116	0.020178	NA19652	MXL	AMR	male
NA19654	-0.0110324	0.00338718	0.0301372	-0.0421792	0.00513981	0.00417832	0.00292865	0.021172	0.00729035	0.0298136	NA19654	MXL	AMR	female
NA19655	-0.0098639	0.0128785	0.0218321	-0.0167923	0.00423404	0.0016663	-0.00721472	0.0229432	0.00308808	0.0238463	NA19655	MXL	AMR	male
NA19657	-0.0112658	0.00164838	0.03306	-0.0459576	0.0034961	0.00870901	0.00878925	0.0221761	0.00766096	0.0223424	NA19657	MXL	AMR	female
NA19658	-0.0107958	0.0124918	0.022994	-0.0173634	0.00346888	0.000155378	-0.0040749	0.0252808	0.00659236	0.0222683	NA19658	MXL	AMR	male
NA19661	-0.0108958	0.00559702	0.028956	-0.0339141	0.00492269	0.00256625	0.00588373	0.0232615	0.00796901	0.0287367	NA19661	MXL	AMR	male
NA19663	-0.0105121	0.000724485	0.0320058	-0.0452267	0.00562723	0.00857062	0.0129674	0.0266355	0.0121305	0.0181362	NA19663	MXL	AMR	female
NA19664	-0.0105559	0.00417689	0.0288581	-0.0371284	0.00334687	0.00652642	0.00794735	0.0307494	0.00909904	0.018473	NA19664	MXL	AMR	male
NA19669	-0.0113538	0.0116622	0.0232632	-0.0163254	0.00229458	0.000659188	-0.00268511	0.0226474	0.00821029	0.0172965	NA19669	MXL	AMR	female
NA19670	-0.010526	0.00669821	0.027589	-0.0331109	0.00184176	0.00519077	0.00307292	0.0191502	0.0073208	0.0238436	NA19670	MXL	AMR	male
NA19676	-0.0104651	0.0132585	0.0223238	-0.0139795	0.000347243	0.00495946	-0.00226689	0.0313441	0.00869221	0.0123439	NA19676	MXL	AMR	male
NA19678	-0.0083873	0.0162192	0.0192524	-0.00579639	-0.000739793	-0.000308328	-0.00286973	0.0198768	0.00375416	0.00890781	NA19678	MXL	AMR	female
NA19679	-0.00919528	0.0237203	0.0133993	0.0147115	0.000971021	0.000813822	-0.0119777	0.0345825	0.00651807	0.0166901	NA19679	MXL	AMR	male
NA19681	-0.0114739	0.00167587	0.0322297	-0.0450944	0.00375644	0.00744812	0.0103132	0.0259027	0.00751741	0.0184755	NA19681	MXL	AMR	female
NA19682	-0.0119807	0.00592223	0.0283538	-0.0349779	0.00362808	0.00724684	0.00327886	0.0267556	0.00687733	0.0219118	NA19682	MXL	AMR	male
NA19684	-0.0118787	0.0145637	0.0225464	-0.0115229	0.00403798	0.00797554	0.0159861	0.0210404	0.00640171	0.0200224	NA19684	MXL	AMR	female
NA19700	0.0265412	0.00117061	0.0047355	0.00458586	0.0130121	0.011604	0.0123287	0.0190256	-0.00392589	0.0297932	NA19700	ASW	AFR	male
NA19701	0.0269331	-0.000825354	0.00393482	0.00149737	0.0121892	0.0161888	0.0139342	0.0254483	-0.00294698	0.0307262	NA19701	ASW	AFR	female
NA19703	0.0274189	0.000274044	0.00422279	0.00523322	0.0152612	0.0164914	0.0132583	0.0238232	-0.00169129	0.0233604	NA19703	ASW	AFR	male
NA19704	0.0272802	3.50385e-05	0.00340443	0.00390716	0.010842	0.0121784	0.0130272	0.0211397	0.00423411	0.0320112	NA19704	ASW	AFR	female
NA19707	0.0221895	0.00306841	0.00498426	0.0061526	0.014038	0.014553	0.0107966	0.0198173	0.00289776	0.0305912	NA19707	ASW	AFR	female
NA19711	0.0292265	-0.0012054	0.00395279	0.00317851	0.00959338	0.0118362	0.0139493	0.0226914	0.00241737	0.0287245	NA19711	ASW	AFR	male
NA19712	0.0292813	-0.00133399	0.00346854	0.00310699	0.0105187	0.0113489	0.0140897	0.0235386	0.000843439	0.0317818	NA19712	ASW	AFR	female
NA19713	0.0226909	0.0035225	0.00424169	0.00663612	0.0075001	0.0134873	0.0146739	0.025527	-0.00211095	0.0155312	NA19713	ASW	AFR	female
NA19716	-0.0107681	0.00311222	0.0298906	-0.0399217	0.00423955	0.00589663	0.00587044	0.0240592	0.0084121	0.0143328	NA19716	MXL	AMR	female
NA19717	-0.0117957	0.00171464	0.0320229	-0.0455685	0.00326939	0.00752359	0.00860495	0.0251506	0.00852698	0.0143678	NA19717	MXL	AMR	male
NA19719	-0.0099095	0.00835108	0.0260582	-0.0271921	0.00349191	0.0035015	-0.000355475	0.0266312	0.00630219	0.0166387	NA19719	MXL	AMR	female
NA19720	-0.0112838	-0.000314647	0.0344004	-0.0512079	0.00450564	0.00661033	0.00758379	0.0201502	0.0109526	0.0169902	NA19720	MXL	AMR	male
NA19722	-0.0108409	0.00658451	0.0275941	-0.0326142	0.00514911	0.00560355	0.00513019	0.0268912	0.00618491	0.0231957	NA19722	MXL	AMR	female
NA19723	-0.00934209	0.00401211	0.0284512	-0.0357845	0.00465821	0.00651698	0.00564799	0.0243562	0.0119674	0.0263165	NA19723	MXL	AMR	male
NA19725	-0.0104079	0.0115516	0.0248035	-0.018651	0.00640859	0.00207602	-0.00111356	0.0272541	0.00845942	0.023747	NA19725	MXL	AMR	female
NA19726	-0.0131554	0.00105828	0.0329906	-0.0489673	0.00760797	0.00427555	0.00735386	0.0185879	0.00786359	0.0314416	NA19726	MXL	AMR	male
NA19728	-0.0152202	-0.0101445	0.0415238	-0.0826909	0.00534418	0.00261671	0.00540383	-0.0135964	-0.00131617	0.0176786	NA19728	MXL	AMR	female
NA19729	-0.0147811	-0.00902841	0.0421513	-0.0794482	0.00517424	0.00284501	0.00118421	-0.0145121	-0.00250925	0.0161909	NA19729	MXL	AMR	male
NA19731	-0.0153956	-0.0111314	0.0438959	-0.0866587	0.00747975	0.00193744	0.00291053	-0.0100959	-0.00155402	0.0180677	NA19731	MXL	AMR	female
NA19732	-0.0155743	-0.0107384	0.0446789	-0.0863148	0.00608497	0.00490179	0.00568907	-0.0104591	-0.000571273	0.0175227	NA19732	MXL	AMR	male
NA19734	-0.0128404	0.00131202	0.0321202	-0.0514277	0.00132606	-0.0028407	-0.0121356	-0.0189453	-0.00802489	0.0095865	NA19734	MXL	AMR	female
NA19735	-0.0142186	-0.00740415	0.0395801	-0.0756047	0.00208469	-0.000836135	-0.00565283	-0.0178009	-0.00366505	0.0129639	NA19735	MXL	AMR	male
NA19740	-0.0130495	-0.00430625	0.0367172	-0.0639505	0.00462451	-0.00413427	-0.00702574	-0.0159112	-0.00334037	0.0128679	NA19740	MXL	AMR	female
NA19741	-0.0145057	-0.00706634	0.0398116	-0.07455	0.00362848	-0.00110209	-0.00674946	-0.0184051	-0.00528527	0.0152284	NA19741	MXL	AMR	male
NA19746	-0.0123997	-0.00188832	0.0342072	-0.0581008	0.00518743	-0.00229216	-0.0078567	-0.00997564	0.000342063	0.0153121	NA19746	MXL	AMR	female
NA19747	-0.0118812	0.00445149	0.0290651	-0.0412766	0.000304716	-0.00117376	-0.00908689	-0.00714195	-0.00456941	0.0129662	NA19747	MXL	AMR	male
NA19749	-0.0107142	0.00687154	0.0205156	-0.0186795	-0.000163512	-0.00468285	-0.0140214	-0.0110227	-0.00655609	0.0115572	NA19749	MXL	AMR	female
NA19750	-0.0103982	0.0137138	0.0216327	-0.0148137	0.00272561	-0.00586889	-0.018384	-0.00559502	-0.00348437	0.00670892	NA19750	MXL	AMR	male
NA19752	-0.0115951	0.00609626	0.0280421	-0.0368788	0.00261914	-0.00498747	-0.0154205	-0.0182945	-0.00445948	0.014667	NA19752	MXL	AMR	female
NA19755	-0.0114782	-0.00172603	0.0329736	-0.0554686	0.00279911	-0.00033484	-0.00837194	-0.00834746	-0.00109806	0.0180815	NA19755	MXL	AMR	female
NA19756	-0.0100505	0.00507066	0.0269925	-0.0356712	0.00198285	-0.00261151	-0.0084027	0.00197558	0.00165483	0.0173705	NA19756	MXL	AMR	male
NA19758	-0.013636	-0.0044494	0.0375881	-0.0656106	0.00267888	0.000317472	-0.00233214	-0.0124702	-0.00303303	0.0186661	NA19758	MXL	AMR	female
NA19759	-0.0133368	-0.00390814	0.0366945	-0.0653111	0.0022164	-0.000582807	-0.00442256	-0.0121739	-0.00185996	0.0194651	NA19759	MXL	AMR	male
NA19761	-0.0106701	0.00332295	0.0290984	-0.0421069	0.00454061	-0.00307904	-0.0102987	-0.00471458	-0.00157123	0.0138842	NA19761	MXL	AMR	female
NA19762	-0.0107814	0.000634164	0.0318869	-0.0505679	0.00268847	-0.000486982	-0.00823199	-0.00622061	-0.00144901	0.0176517	NA19762	MXL	AMR	male
NA19764	-0.00992841	0.00999763	0.0238877	-0.0247196	-0.0017532	-0.00341213	-0.0211677	-0.0100657	-0.00364781	0.00947692	NA19764	MXL	AMR	female
NA19770	-0.0101504	0.00883134	0.0243979	-0.0267509	0.00284694	-0.00454235	-0.0172749	-0.00433501	-0.0017366	0.0126479	NA19770	MXL	AMR	female
NA19771	-0.0110607	0.00476397	0.0287116	-0.038753	0.00318195	-0.00395607	-0.0136404	-0.000858721	-0.00132117	0.0127281	NA19771	MXL	AMR	male
NA19773	-0.0108172	0.0105475	0.0237562	-0.0230163	0.000913112	-0.00300515	-0.0191442	-0.00158037	-0.00431195	0.0119644	NA19773	MXL	AMR	female
NA19774	-0.0101636	0.00563152	0.0271634	-0.035008	0.00331618	-0.00129788	-0.0129963	-0.00369019	-0.00496748	0.0165639	NA19774	MXL	AMR	male
NA19776	-0.00849696	0.00581592	0.0258696	-0.0337614	0.00301519	-0.00297547	-0.0123847	-0.00314538	-0.001721	0.0144389	NA19776	MXL	AMR	female
NA19777	-0.00898034	0.00666358	0.0244674	-0.0289901	0.00319785	-0.00391979	-0.0145249	-0.00212626	-0.00175686	0.0167271	NA19777	MXL	AMR	male
NA19779	-0.00986244	0.0131379	0.0204809	-0.0168609	0.00103808	-0.00397204	-0.0213462	-0.00359606	-0.000761648	0.0142631	NA19779	MXL	AMR	female
NA19780	-0.0104052	0.0115145	0.0250139	-0.0227439	0.00301541	-0.000260865	-0.0104667	0.0164403	0.00252299	0.022998	NA19780	MXL	AMR	male
NA19782	-0.00981512	0.00678774	0.0259078	-0.0336875	0.00148367	-0.00237165	-0.0154896	-0.00599951	-0.00142127	0.0158456	NA19782	MXL	AMR	female
NA19783	-0.0134294	-0.00253537	0.0364349	-0.0621035	0.00317337	0.00139271	-0.00311625	-0.002516	0.0012841	0.0243979	NA19783	MXL	AMR	male
NA19785	-0.011614	-0.00172099	0.0344814	-0.0577925	0.00287341	0.000651843	-0.00292243	-0.00688204	-0.00182313	0.0218483	NA19785	MXL	AMR	female
NA19786	-0.0117035	0.00187558	0.0311964	-0.0465347	0.00180735	0.000749489	-0.00644474	0.00223921	-0.00102939	0.0143105	NA19786	MXL	AMR	male
NA19788	-0.0115084	-0.000226627	0.0323547	-0.0504911	0.00641667	-0.000178333	-0.00532906	0.00107763	9.75239e-05	0.022083	NA19788	MXL	AMR	female
NA19789	-0.00936012	0.00689707	0.024265	-0.0310165	0.00201105	-0.00351067	-0.0158517	-0.00157096	-0.00065661	0.0122442	NA19789	MXL	AMR	male
NA19792	-0.00896941	0.0124818	0.0185952	-0.0183393	-0.0105405	-0.0166553	-0.0185028	-0.00302033	-0.00227372	-0.0100204	NA19792	MXL	AMR	male
NA19794	-0.0104565	0.0134319	0.0214608	-0.0163922	-0.00216883	-0.00664889	-0.0247127	-0.0108723	-0.00407509	0.0048929	NA19794	MXL	AMR	female
NA19795	-0.010178	0.00560186	0.0273138	-0.0372579	-0.00171106	-0.00428628	-0.0161751	-0.0141965	-0.00423612	0.0132673	NA19795	MXL	AMR	male
NA19818	0.0219075	0.00327495	0.00536176	0.00565008	0.00906579	0.0163254	0.0192139	0.0251961	-0.00438911	0.0106694	NA19818	ASW	AFR	male
NA19819	0.0214254	0.00415658	0.00459323	0.00572588	0.00918908	0.0123201	0.015856	0.0211012	0.00258063	0.0227821	NA19819	ASW	AFR	female
NA19834	0.0234021	0.00298709	0.00415137	0.00657461	0.00713655	0.0122832	0.015526	0.0209516	0.00158779	0.0258401	NA19834	ASW	AFR	male
NA19835	0.0268407	0.000243409	0.00396216	0.00441977	0.0167198	0.0146992	0.0101246	0.017936	-0.00254177	0.0273442	NA19835	ASW	AFR	female
NA19900	0.0265199	0.000832411	0.00394361	0.00533346	0.0117363	0.0111197	0.0148549	0.0287564	-0.00375865	0.0371521	NA19900	ASW	AFR	male
NA19901	0.0302724	-0.00208952	0.003117	0.000771007	0.0111509	0.00491857	0.00987483	0.0185032	0.001602	0.0416844	NA19901	ASW	AFR	female
NA19904	0.0259311	0.00114024	0.00430637	0.00466444	0.0135947	0.00978528	0.0118097	0.0210358	-0.00803188	0.0263404	NA19904	ASW	AFR	male
NA19908	0.0292832	-0.000734039	0.00420232	0.00384547	0.0137486	0.0110251	0.00961633	0.0208915	-0.00655485	0.0361133	NA19908	ASW	AFR	male
NA19909	0.0285319	-0.00113607	0.00408434	0.000485235	0.0111078	0.00922888	0.0118972	0.0216644	0.002167	0.0380954	NA19909	ASW	AFR	female
NA19913	0.0268751	-0.000349421	0.00140438	0.00198495	-0.0077988	0.00507115	0.0120104	0.00935052	-0.0127671	-0.0295502	NA19913	ASW	AFR	female
NA19914	0.0209461	0.00444644	0.00513941	0.00521782	0.00625701	0.00464431	0.000872805	0.00574633	-0.00725604	0.0257985	NA19914	ASW	AFR	female
NA19916	0.0293081	-0.00098038	0.00289191	0.00334998	0.0117357	0.0102909	0.0121407	0.0195599	0.00654685	0.0339183	NA19916	ASW	AFR	male
NA19917	0.030095	-0.00141375	0.00317426	0.00276096	0.00952335	0.00832648	0.0131092	0.0238191	0.00470205	0.0352909	NA19917	ASW	AFR	female
NA19920	0.0304125	-0.00183971	0.00303173	0.00373549	0.0120889	0.0118403	0.0105272	0.0285187	0.000553109	0.0271483	NA19920	ASW	AFR	male
NA19921	0.0143791	0.00447834	0.00970442	-0.00184674	0.0108654	0.00631628	0.0113026	0.019647	0.00226746	0.0308776	NA19921	ASW	AFR	female
NA19922	0.0208361	0.00461204	0.00408347	0.00423189	0.00511103	0.00247323	-0.00750122	-0.0179537	-0.012791	0.0122233	NA19922	ASW	AFR	male
NA19923	0.0171217	0.00773089	0.00444227	0.00669594	0.00430935	0.000443434	-0.00821657	-0.021745	-0.0113195	0.0132694	NA19923	ASW	AFR	female
NA19982	0.028533	-0.000695905	0.00347192	0.00431504	0.0122856	0.00951493	0.0114738	0.0194116	0.00137618	0.0271127	NA19982	ASW	AFR	male
NA19984	0.0288792	-0.000409946	0.00226671	0.00172599	0.0118235	0.00662606	-0.0131008	-0.0169476	-0.0139851	0.0150284	NA19984	ASW	AFR	male
NA20126	0.0206073	0.00455581	0.0047937	0.00452435	0.00629319	0.00400163	-0.0077949	-0.0132418	-0.0153128	0.0188547	NA20126	ASW	AFR	male
NA20127	0.0300173	-0.00142995	0.00224707	0.00171657	0.0076229	0.00537922	-0.00501733	-0.00712109	-0.00884845	0.020164	NA20127	ASW	AFR	female
NA20274	0.000433135	-0.0028008	0.0222165	-0.0350005	0.00121684	0.00931602	0.0153992	0.00310127	-0.00231431	-0.017063	NA20274	ASW	AFR	female
NA20276	0.0258703	0.000875435	0.00329835	0.0039887	0.00822728	0.00782131	-0.00525014	-0.00491569	-0.00974458	0.0172149	NA20276	ASW	AFR	female
NA20278	0.0111271	0.0118023	0.00682615	0.00862792	0.00521283	0.000525424	-0.00464273	-0.0148418	-0.00703131	0.0122814	NA20278	ASW	AFR	male
NA20281	0.0272323	0.00070668	0.0027079	0.00382243	0.0136085	0.013589	-0.0038748	-0.00991022	-0.0146714	0.0153062	NA20281	ASW	AFR	male
NA20282	0.0225472	0.00326259	0.00478191	0.0028624	0.00838456	0.00517324	-0.00451212	-0.010055	-0.00974963	0.0172617	NA20282	ASW	AFR	female
NA20287	0.0269222	0.000747573	0.00357576	0.00263246	0.0081004	0.00502132	-0.00446226	-0.00472572	-0.0125705	0.0162554	NA20287	ASW	AFR	female
NA20289	0.0246582	0.0025868	0.00306947	0.00427305	0.0105347	0.00197945	-0.00417428	-0.00983814	-0.0129407	0.0183138	NA20289	ASW	AFR	female
NA20291	0.0334937	-0.00413046	0.00202296	0.00133577	0.00616119	0.00489413	0.00780221	0.0140406	-0.00280861	0.0316243	NA20291	ASW	AFR	male
NA20294	0.0278075	-0.000204974	0.00317688	0.00166305	0.0104575	0.00739041	-0.000709962	-0.0102864	-0.0135465	0.0116989	NA20294	ASW	AFR	female
NA20296	0.0245748	0.00183498	0.00354726	0.0035657	0.00488032	0.0018171	-0.00785658	-0.00981229	-0.00743756	0.0143221	NA20296	ASW	AFR	female
NA20298	0.0313188	-0.00292019	0.00203189	0.000787722	0.00684989	0.00396969	-0.00903689	-0.0185428	-0.0150231	0.0183014	NA20298	ASW	AFR	male
NA20299	0.00606166	-0.00474768	0.0207821	-0.0349462	0.0112597	0.00365055	0.00334922	-0.0144088	-0.00707986	0.017188	NA20299	ASW	AFR	female
NA20314	-0.0140155	-0.000291222	0.0315469	-0.0485023	0.00846072	-0.00421551	0.000871166	-0.0155131	-0.00306621	0.0156974	NA20314	ASW	AFR	female
NA20317	0.0220272	0.00505887	0.00403599	0.00436954	0.00780745	0.00468043	-0.00365703	-0.00833103	-0.0142378	9.51502e-06	NA20317	ASW	AFR	female
NA20318	0.0217829	0.00333072	0.00417357	2.04149e-05	-0.00822828	0.00179059	0.00663085	-0.00189705	-0.0147231	-0.0377572	NA20318	ASW	AFR	male
NA20320	0.029864	-0.00212882	0.00127371	0.000707068	-0.00689618	0.00471031	0.0125615	0.00274603	-0.015031	-0.0673587	NA20320	ASW	AFR	female
NA20321	0.0248772	0.00185237	0.00260163	0.00313991	-0.00723402	0.00237726	0.0115365	0.00119586	-0.0119523	-0.06813	NA20321	ASW	AFR	female
NA20332	0.0247965	0.00168387	0.00363584	0.00350996	0.0119172	0.00773564	-0.00564314	-0.0124584	-0.015613	0.0112294	NA20332	ASW	AFR	female
NA20334	0.017641	0.00709109	0.00467567	0.00658132	0.00628693	0.00485769	-0.00154067	-0.0114595	-0.0191348	0.00777609	NA20334	ASW	AFR	female
NA20339	0.0289921	-0.00203051	0.0029144	-0.00138027	0.00605903	0.00281639	-0.00255693	-0.0137788	-0.00890143	0.00888359	NA20339	ASW	AFR	female
NA20340	0.0275622	6.68186e-05	0.00278094	0.002385	0.0111225	0.00873546	-0.0062666	-0.011006	-0.0151376	0.016579	NA20340	ASW	AFR	male
NA20342	0.0163015	0.00711162	0.00610102	0.00674345	0.00720846	0.000892443	-0.0102545	-0.0128519	-0.0115156	0.0130274	NA20342	ASW	AFR	male
NA20346	0.0266983	-0.000113069	0.00330127	0.00175733	0.00591737	0.00259268	-0.00464748	-0.0139472	-0.0167595	0.0181064	NA20346	ASW	AFR	male
NA20348	0.0274255	0.0002465	0.00226936	0.00277164	0.0102463	0.00369558	-0.0030745	-0.00305661	-0.0103878	0.0211408	NA20348	ASW	AFR	male
NA20351	0.0196108	0.005292	0.00519166	0.0047807	0.00739203	0.0050662	-0.00979513	-0.0187158	-0.0159721	0.00847922	NA20351	ASW	AFR	male
NA20355	0.0257105	0.00142334	0.00188914	0.00304261	-0.00676473	0.00254645	0.0102858	-0.00301436	-0.0128619	-0.027007	NA20355	ASW	AFR	female
NA20356	0.0284387	8.99681e-05	0.00277797	0.0024768	0.00925682	0.00579574	-0.00568432	0.000520102	-0.0110814	0.0187088	NA20356	ASW	AFR	male
NA20357	0.0299166	-0.00162247	0.001809	0.00196778	0.00740573	0.00761573	-0.00379855	-0.0133699	-0.0125806	0.0083136	NA20357	ASW	AFR	female
NA20359	0.0244806	0.00180006	0.00365346	0.00420644	0.000154911	-0.000885155	-0.00301113	-0.0205493	-0.0181563	0.0106912	NA20359	ASW	AFR	female
NA20362	0.0245315	0.00193579	0.00155201	0.00226858	-0.0080247	-0.00942257	-0.00189875	-0.0215294	-0.0238361	-0.00640478	NA20362	ASW	AFR	male
NA20412	0.0233822	0.00143456	0.00474915	0.000107628	0.0103603	0.00198868	-0.00838633	-0.0189927	-0.0164666	0.0146358	NA20412	ASW	AFR	female
NA20502	-0.0104792	0.0265369	0.00790554	0.0179877	0.000104248	-0.00973811	-0.0374252	0.00471211	-0.00262147	-0.000674453	NA20502	TSI	EUR	female
NA20503	-0.0102489	0.0270165	0.00902378	0.017789	-0.00172602	-0.00949283	-0.0372419	0.00158864	-0.00563533	-0.000595992	NA20503	TSI	EUR	female
NA20504	-0.0105561	0.0258231	0.00815999	0.0174852	-0.00619392	-0.00804435	-0.0342165	0.00570207	-0.00470613	-0.0139553	NA20504	TSI	EUR	female
NA20505	-0.00990079	0.0270564	0.00924055	0.0182205	-0.00396568	-0.00839315	-0.0340089	0.00455504	-0.0039058	-0.0141058	NA20505	TSI	EUR	female
NA20506	-0.0102205	0.0263902	0.00781331	0.0180116	-0.0040593	-0.00913188	-0.0349025	0.00716813	-0.00602	-0.0139584	NA20506	TSI	EUR	female
NA20507	-0.00993463	0.0266605	0.00728167	0.017498	-0.0026718	-0.007038	-0.0358186	-0.00120671	-0.00401921	-0.00117052	NA20507	TSI	EUR	female
NA20508	-0.0100473	0.0268563	0.00762795	0.0173107	-0.00632602	-0.00638518	-0.0339825	0.00634003	-0.002901	-0.0166426	NA20508	TSI	EUR	female
NA20509	-0.0101434	0.0264679	0.00849827	0.0176105	-0.00762852	-0.00663863	-0.0357268	0.00763172	-0.00179041	-0.0182677	NA20509	TSI	EUR	male
NA20510	-0.010133	0.0260538	0.0085155	0.0184092	-0.00717216	-0.00899533	-0.0334703	0.00647709	-0.00446242	-0.0156509	NA20510	TSI	EUR	male
NA20511	-0.0103316	0.0260024	0.00834163	0.0183481	-0.00948044	0.00159461	-0.0232034	0.0206012	-0.00231153	-0.0329224	NA20511	TSI	EUR	male
NA20512	-0.0103962	0.0262168	0.00833212	0.0182891	-0.0067122	-0.00952838	-0.0312771	0.0068903	-0.00307028	-0.019118	NA20512	TSI	EUR	male
NA20513	-0.00997972	0.0261564	0.00931293	0.0171478	-0.00341985	-0.00909654	-0.037023	0.00296385	-0.00511579	0.00114598	NA20513	TSI	EUR	male
NA20514	-0.010155	0.0266628	0.00821903	0.018341	-0.00285322	-0.00926235	-0.040357	0.00294976	-0.00262747	-0.00295013	NA20514	TSI	EUR	female
NA20515	-0.0103851	0.0265687	0.00875231	0.0174906	-0.005057	-0.0095493	-0.0335036	0.00414465	-0.00719602	-0.0116019	NA20515	TSI	EUR	male
NA20516	-0.0100249	0.0261478	0.00820718	0.0181944	-0.00601042	-0.0101923	-0.0347643	0.00573992	-0.00802664	-0.0140483	NA20516	TSI	EUR	male
NA20517	-0.00997752	0.0262505	0.00913797	0.0180613	-0.0055548	-0.0107985	-0.0350623	0.00766108	-0.00309696	-0.0157164	NA20517	TSI	EUR	female
NA20518	-0.0103468	0.0267474	0.00940077	0.0173894	-0.00604565	-0.00952639	-0.0311935	0.0014808	-0.00841939	-0.0177344	NA20518	TSI	EUR	male
NA20519	-0.0100089	0.0264194	0.00864163	0.0180385	-0.00552973	-0.00891284	-0.0365367	0.00568231	-0.00774847	-0.0142838	NA20519	TSI	EUR	male
NA20520	-0.0100024	0.0267114	0.00840051	0.0192561	-0.00453941	-0.0080118	-0.0339764	0.00496939	-0.00568055	-0.0143215	NA20520	TSI	EUR	male
NA20521	-0.00995649	0.026867	0.00796867	0.0181737	-0.00603518	-0.0116444	-0.0384063	0.0112942	-0.00326226	-0.0153269	NA20521	TSI	EUR	male
NA20522	-0.0101876	0.0265389	0.00859497	0.0177523	-0.00597293	-0.00894384	-0.0362322	0.00556008	-0.00661834	-0.0162779	NA20522	TSI	EUR	female
NA20524	-0.0105089	0.0268069	0.00888713	0.019497	-0.00366523	-0.0102932	-0.031041	0.00238041	-0.00497492	-0.0118981	NA20524	TSI	EUR	male
NA20525	-0.00989999	0.026679	0.0080891	0.0182355	-0.00535986	-0.00640155	-0.0342567	0.00929028	-0.00567604	-0.0162167	NA20525	TSI	EUR	male
NA20527	-0.0103083	0.0264442	0.00968215	0.0181954	-0.00275635	-0.00998827	-0.034683	0.00673003	-0.00539302	-0.0130225	NA20527	TSI	EUR	male
NA20528	-0.010078	0.0265309	0.00813365	0.0179323	-0.004117	-0.00657815	-0.0334255	0.00706296	-0.00599862	-0.01059	NA20528	TSI	EUR	male
NA20529	-0.0101325	0.0264875	0.00908468	0.0185292	-0.00257799	-0.00763375	-0.0377958	0.00855535	-0.00571956	-0.015194	NA20529	TSI	EUR	female
NA20530	-0.0101369	0.0267654	0.00866479	0.0184436	-0.00374205	-0.00825339	-0.0333992	0.00627919	-0.00330328	-0.0119666	NA20530	TSI	EUR	female
NA20531	-0.0100372	0.0268193	0.00914608	0.019111	-0.00586068	-0.00833966	-0.0387151	0.00745597	-0.00615347	-0.0131209	NA20531	TSI	EUR	female
NA20532	-0.0100148	0.0262975	0.00879707	0.0181943	-0.00564624	-0.00844555	-0.0341714	0.00552193	-0.00497914	-0.0189666	NA20532	TSI	EUR	male
NA20533	-0.0103384	0.026273	0.00836216	0.0178681	-0.00625538	-0.00999201	-0.0396657	0.00635267	-0.00602989	-0.0166942	NA20533	TSI	EUR	female
NA20534	-0.0100386	0.0263428	0.00873172	0.0177042	-0.00670641	-0.00856016	-0.0357635	0.00799984	-0.00453838	-0.0180409	NA20534	TSI	EUR	male
NA20535	-0.0100675	0.0269714	0.00878959	0.017867	-0.00676195	-0.00768365	-0.0312173	0.00653098	-0.00613947	-0.016763	NA20535	TSI	EUR	female
NA20536	-0.0104554	0.0266388	0.00824231	0.0184602	-0.00478959	-0.00878157	-0.0345225	0.00376456	-0.00682928	-0.0160215	NA20536	TSI	EUR	male
NA20538	-0.0101218	0.0265445	0.00896057	0.0185923	-0.00527099	-0.0101256	-0.0346894	0.0096042	-0.00490613	-0.0205152	NA20538	TSI	EUR	male
NA20539	-0.0100427	0.0266922	0.00764099	0.0190552	-0.00735316	-0.00862395	-0.0333925	0.00860291	-0.00409001	-0.0137805	NA20539	TSI	EUR	male
NA20540	-0.0103896	0.026626	0.00862733	0.0178673	0.00208206	-0.00688529	-0.031049	0.00357754	-0.00474313	0.00485544	NA20540	TSI	EUR	female
NA20541	-0.0101454	0.0270693	0.00887999	0.0184494	-0.00302432	-0.0118113	-0.0385776	0.00525754	-0.00676797	-0.0089216	NA20541	TSI	EUR	female
NA20542	-0.0101425	0.0266043	0.0100782	0.0188678	-0.00496334	-0.00446634	-0.0269113	0.0151854	-0.000464106	-0.00976704	NA20542	TSI	EUR	female
NA20543	-0.010077	0.0264955	0.0091441	0.0185281	-0.00517924	-0.00416531	-0.0248558	0.0194498	-0.000287299	-0.0119237	NA20543	TSI	EUR	male
NA20544	-0.0102814	0.0263002	0.00895006	0.0186625	-0.00757613	-0.0027873	-0.0246904	0.0212028	-0.000363187	-0.0117063	NA20544	TSI	EUR	male
NA20581	-0.0102341	0.0264697	0.00990219	0.0186227	-0.00258579	-0.00389971	-0.0244119	0.0210808	-0.00291252	-0.0109612	NA20581	TSI	EUR	male
NA20582	-0.0100643	0.0260692	0.0104407	0.0189186	-0.00111093	-0.00233853	-0.0257328	0.0212853	0.000188163	0.00728095	NA20582	TSI	EUR	female
NA20585	-0.0101538	0.026113	0.00970957	0.0195472	-0.00528374	-0.00266784	-0.0247782	0.019406	-0.00442053	-0.0143714	NA20585	TSI	EUR	female
NA20586	-0.0102889	0.0269693	0.010905	0.0193711	-0.00415191	-0.00169416	-0.0236296	0.0236636	0.00278465	-0.0148114	NA20586	TSI	EUR	male
NA20587	-0.0100817	0.0270288	0.00900817	0.018044	-0.00420693	-0.0150506	-0.0315115	0.00584741	-0.00518944	0.00314952	NA20587	TSI	EUR	female
NA20588	-0.00990228	0.0264213	0.00892644	0.0190709	-0.00460865	-0.00556876	-0.0279066	0.0160166	-0.00253254	-0.0109516	NA20588	TSI	EUR	male
NA20589	-0.0100592	0.0265264	0.00941412	0.018367	-0.00695818	-0.00462539	-0.0262481	0.0247504	0.000782244	-0.0189538	NA20589	TSI	EUR	female
NA20752	-0.0100973	0.026694	0.00935217	0.01903	-0.00463423	-0.00369411	-0.0269574	0.0227977	-0.00350221	-0.00953196	NA20752	TSI	EUR	male
NA20753	-0.0102662	0.0260439	0.00964883	0.0195908	-0.00569264	-0.00278192	-0.0255443	0.0217022	-0.0013974	-0.0121137	NA20753	TSI	EUR	female
NA20754	-0.0102914	0.0259224	0.00963689	0.0184197	-0.00673721	-0.00112967	-0.0270671	0.018801	-0.0020004	-0.0143241	NA20754	TSI	EUR	male
NA20755	-0.0100327	0.0265037	0.00891007	0.0194774	-0.00546072	-0.0038991	-0.0252739	0.0235178	-0.00232315	-0.01182	NA20755	TSI	EUR	male
NA20756	-0.0101112	0.0261176	0.00944631	0.0190101	-0.00474834	-0.00252831	-0.0223607	0.0184474	-0.00099	-0.0129206	NA20756	TSI	EUR	female
NA20757	-0.0101348	0.0259086	0.00987248	0.0195027	6.26966e-05	-0.00346351	-0.0193799	0.025947	0.000476978	-0.00499713	NA20757	TSI	EUR	female
NA20758	-0.0101865	0.0262972	0.0086079	0.0192502	-0.00220472	-0.00272326	-0.018574	0.0224103	-0.00271852	-0.000204301	NA20758	TSI	EUR	male
NA20759	-0.0103358	0.0264461	0.00927553	0.0194552	-0.00307588	-0.00167092	-0.0199586	0.0260863	0.000300322	-0.00497701	NA20759	TSI	EUR	male
NA20760	-0.0104569	0.0263679	0.0103014	0.0194228	0.00235976	-0.00113285	-0.0201241	0.0218517	-0.00196159	0.00924063	NA20760	TSI	EUR	female
NA20761	-0.0103433	0.0265802	0.00912787	0.0193152	-0.00367549	-0.00458682	-0.0242193	0.0195745	-0.00267659	-0.00630861	NA20761	TSI	EUR	female
NA20762	-0.0103258	0.0268726	0.00890772	0.018499	-0.011285	-0.000225331	-0.0243047	0.0186371	-0.00348335	-0.0400009	NA20762	TSI	EUR	male
NA20763	-0.0106472	0.0261297	0.00867495	0.0192269	-0.00917915	-0.00119998	-0.0203376	0.0162033	2.76557e-05	-0.0341983	NA20763	TSI	EUR	male
NA20764	-0.0103136	0.0260156	0.00949016	0.0185167	-0.0107793	0.000204214	-0.0226338	0.0154735	-0.000671692	-0.0388639	NA20764	TSI	EUR	female
NA20765	-0.00999793	0.0266601	0.00960297	0.0191814	-0.00562171	-0.00395814	-0.0251784	0.0222001	-0.0005377	-0.00913023	NA20765	TSI	EUR	male
NA20766	-0.00991693	0.0264368	0.00839619	0.0181393	-0.00317973	-0.00499563	-0.0235468	0.0229298	-0.0020104	0.00221181	NA20766	TSI	EUR	female
NA20767	-0.0103307	0.0260614	0.00822531	0.0178374	-0.009883	0.00373846	-0.0210477	0.0177606	-0.00149508	-0.0352383	NA20767	TSI	EUR	male
NA20768	-0.0102716	0.0267025	0.0096825	0.0178888	0.000191395	-0.00760078	-0.0252277	0.023329	-0.00218348	0.00592108	NA20768	TSI	EUR	female
NA20769	-0.0101968	0.0268811	0.0101274	0.0187681	0.00366819	-0.00409906	-0.0257246	0.0264905	0.000432955	0.0189217	NA20769	TSI	EUR	female
NA20770	-0.00994867	0.02652	0.00874941	0.018099	-0.00189707	-0.00577527	-0.0264594	0.0241847	-0.000712241	0.00150173	NA20770	TSI	EUR	male
NA20771	-0.0101782	0.0269187	0.00976801	0.0198853	-0.00060734	-0.00537763	-0.0244509	0.025612	0.000223992	0.00130303	NA20771	TSI	EUR	female
NA20772	-0.0102582	0.0268861	0.00961509	0.0189961	-0.00270064	-0.00507665	-0.0221497	0.0318337	-0.000229578	0.00263134	NA20772	TSI	EUR	female
NA20773	-0.0105819	0.0266446	0.00889202	0.0186838	-0.000769222	-0.00419254	-0.0192805	0.0276104	0.000887946	0.00651823	NA20773	TSI	EUR	female
NA20774	-0.0101294	0.0265565	0.00871876	0.0181125	-0.00221532	-0.00489133	-0.023253	0.029643	0.0011133	0.00060247	NA20774	TSI	EUR	female
NA20775	-0.0103259	0.0264132	0.00929322	0.0190525	-0.00113367	-0.00434603	-0.022838	0.0218446	-0.000872154	0.00522096	NA20775	TSI	EUR	female
NA20778	-0.0100768	0.0267895	0.00966125	0.0196685	-0.00329659	-0.00750187	-0.0252014	0.0235586	-0.0016562	-0.00284393	NA20778	TSI	EUR	male
NA20783	-0.0101781	0.026842	0.00958762	0.0196196	-0.00096575	-0.00505997	-0.0243835	0.025598	-0.00146281	0.00536931	NA20783	TSI	EUR	male
NA20785	-0.0103164	0.0267197	0.00967032	0.019875	-0.00258436	-0.00438288	-0.0237423	0.0226191	-0.00198079	0.00219533	NA20785	TSI	EUR	male
NA20786	-0.0100072	0.0262162	0.008992	0.0183105	-0.00193348	-0.00672317	-0.0277588	0.023515	0.00103915	0.00208041	NA20786	TSI	EUR	female
NA20787	-0.00993124	0.0267903	0.00946722	0.0187959	0.000152471	-0.00566977	-0.0323363	0.024326	-0.00047849	0.00205814	NA20787	TSI	EUR	male
NA20790	-0.0101021	0.0270022	0.00941862	0.0201952	-0.00357847	-0.00533157	-0.0246464	0.0242488	-0.00211541	-0.000768178	NA20790	TSI	EUR	female
NA20792	-0.010551	0.0262406	0.0107519	0.0181656	0.00416313	-0.00305106	-0.0225381	0.0266178	-0.000908725	0.0236089	NA20792	TSI	EUR	male
NA20795	-0.00975874	0.0267756	0.00931372	0.0185339	-0.00161476	-0.00680162	-0.0286872	0.0266855	5.73129e-05	0.00761689	NA20795	TSI	EUR	female
NA20796	-0.0101259	0.0267367	0.0106748	0.0202455	0.00598555	-0.00125579	-0.0182084	0.0319137	0.00356671	0.027204	NA20796	TSI	EUR	male
NA20797	-0.00991968	0.026396	0.0079252	0.0174883	-0.00532497	-0.00870489	-0.0345257	0.00560745	-0.00214663	-0.00732001	NA20797	TSI	EUR	female
NA20798	-0.0103023	0.0263959	0.00988639	0.0196	-0.0011305	-0.00362168	-0.0197252	0.0346589	0.000355188	0.00698724	NA20798	TSI	EUR	male
NA20799	-0.0103669	0.0264663	0.0102819	0.0199195	-0.00134215	-0.00350735	-0.0247382	0.0367872	0.000914069	0.0122635	NA20799	TSI	EUR	female
NA20800	-0.0103023	0.0265606	0.0106834	0.0194838	0.00311068	-0.000223254	-0.0196685	0.0345944	-0.00129149	0.024625	NA20800	TSI	EUR	female
NA20801	-0.0102084	0.0266281	0.0106298	0.0194112	0.00287713	-0.00196661	-0.0183093	0.0360608	0.0027769	0.0114196	NA20801	TSI	EUR	male
NA20802	-0.0101357	0.0260716	0.011104	0.0209755	0.00731015	-0.00114522	-0.019897	0.0445298	0.00335173	0.0256051	NA20802	TSI	EUR	female
NA20803	-0.0101881	0.0270784	0.0104811	0.019491	0.0017897	0.000331555	-0.0167657	0.0383987	0.00302542	0.0115715	NA20803	TSI	EUR	male
NA20804	-0.0100848	0.0264213	0.00972651	0.0196462	0.000585495	-0.0048473	-0.0193181	0.0358513	0.00248541	0.00647935	NA20804	TSI	EUR	female
NA20805	-0.0100559	0.0270556	0.0105815	0.0210473	-8.0318e-05	-0.00529683	-0.0222729	0.0358371	-0.0013956	0.0085613	NA20805	TSI	EUR	male
NA20806	-0.0101162	0.0266495	0.0103017	0.0200304	0.000873474	-0.00434468	-0.0202301	0.0358541	0.00211824	0.0109074	NA20806	TSI	EUR	male
NA20807	-0.0102868	0.0265549	0.00915623	0.0183068	-0.0040881	-0.00960988	-0.0304633	0.0071952	-0.00492287	-0.0147362	NA20807	TSI	EUR	female
NA20808	-0.0102092	0.0261078	0.008921	0.017747	-0.00610581	-0.006424	-0.0322849	0.0106	-0.00690909	-0.0120223	NA20808	TSI	EUR	female
NA20809	-0.00995409	0.0265417	0.00823609	0.0196075	-0.00710105	-0.0113879	-0.0350496	0.00724464	-0.00539841	-0.0123024	NA20809	TSI	EUR	male
NA20810	-0.00999695	0.0267358	0.00892151	0.0176679	-0.00330012	-0.00901113	-0.0348861	0.0124141	-0.00559295	-0.0151247	NA20810	TSI	EUR	male
NA20811	-0.00997096	0.0267484	0.00909876	0.0173884	-0.00639189	-0.00695307	-0.0334091	0.00817024	-0.00598447	-0.0136211	NA20811	TSI	EUR	male
NA20812	-0.0102843	0.0265597	0.00858357	0.0170264	-0.00288645	-0.00999495	-0.0324968	0.00422585	-0.00656248	-0.00980181	NA20812	TSI	EUR	male
NA20813	-0.0100273	0.0267938	0.00807783	0.0169051	-0.00634496	-0.00836256	-0.0325087	0.00657036	-0.00301805	-0.00913739	NA20813	TSI	EUR	female
NA20814	-0.00986718	0.0262639	0.00885095	0.0180503	-0.00435394	-0.00780347	-0.0320653	0.00840884	-0.00226863	-0.0174313	NA20814	TSI	EUR	male
NA20815	-0.0100843	0.0266409	0.00946533	0.0184623	-0.00657877	-0.00843432	-0.031074	0.00552274	-0.00550584	-0.0116075	NA20815	TSI	EUR	male
NA20818	-0.0103648	0.026213	0.00823021	0.0173436	-0.00522051	-0.00689321	-0.0333327	0.00692576	-0.00791884	-0.0104724	NA20818	TSI	EUR	female
NA20819	-0.0101523	0.0260622	0.00802531	0.0176182	-0.00467594	-0.00906243	-0.025898	0.00825989	-0.00580708	-0.0145588	NA20819	TSI	EUR	female
NA20821	-0.00995921	0.0261573	0.00892601	0.0161013	-0.00718465	-0.00916571	-0.0344637	0.00504325	-0.00471958	-0.011701	NA20821	TSI	EUR	female
NA20822	-0.00999819	0.02623	0.00889264	0.0180483	-0.00744025	-0.0114611	-0.0325498	0.00178509	-0.00645719	-0.0173942	NA20822	TSI	EUR	female
NA20826	-0.0103403	0.0268714	0.00817093	0.0178136	-0.00628534	-0.00787106	-0.032775	0.0062879	-0.00474411	-0.0128608	NA20826	TSI	EUR	female
NA20827	-0.0102435	0.026876	0.00876428	0.0170419	0.00107133	-0.0102149	-0.0386038	-0.00405218	-0.00864278	0.00464505	NA20827	TSI	EUR	male
NA20828	-0.0100018	0.0264928	0.00815031	0.0180491	-0.00595448	-0.00833903	-0.0362872	0.00795527	-0.00532262	-0.012138	NA20828	TSI	EUR	female
NA20832	-0.00998509	0.0264135	0.00885983	0.0169654	-0.00148443	-0.0103697	-0.0401621	-0.00188283	-0.012766	0.000707383	NA20832	TSI	EUR	female
NA20845	-0.0104835	0.00901069	-0.0306776	-0.00969925	0.00757674	0.00706451	0.00210698	0.00697263	0.00178821	0.0222951	NA20845	GIH	SAS	male
NA20846	-0.0107725	0.0101627	-0.0300482	-0.00932465	0.00832501	0.00973974	0.00487387	0.0102788	0.00101787	0.028106	NA20846	GIH	SAS	male
NA20847	-0.0108975	0.00820801	-0.0365878	-0.0136572	0.0127213	0.0151988	0.00912126	0.0170309	0.00652323	0.0526411	NA20847	GIH	SAS	female
NA20849	-0.0107809	0.00828754	-0.0366619	-0.0129157	0.0127078	0.0121885	0.00748962	0.0147272	0.00650571	0.0499637	NA20849	GIH	SAS	female
NA20850	-0.0109892	0.0118745	-0.0236346	-0.00616176	0.00789787	0.0090934	0.00779066	0.00372793	0.00155187	0.0178447	NA20850	GIH	SAS	male
NA20851	-0.0109887	0.00736533	-0.0357378	-0.0121872	0.0135369	0.0125029	0.00968648	0.016357	0.00754203	0.0504546	NA20851	GIH	SAS	female
NA20852	-0.0109777	0.00950524	-0.0299262	-0.00824461	0.00935301	0.0105886	0.00853001	0.0051703	0.00363105	0.0227743	NA20852	GIH	SAS	male
NA20853	-0.0106694	0.00800161	-0.0364332	-0.0141988	0.0114131	0.0125165	0.00575522	0.0141139	0.00599755	0.0493109	NA20853	GIH	SAS	female
NA20854	-0.0110143	0.0101809	-0.0294647	-0.00842793	0.00873423	0.00817466	0.00595785	0.00752326	0.00539391	0.0180168	NA20854	GIH	SAS	female
NA20856	-0.0110544	0.00860427	-0.036298	-0.0124261	0.0109375	0.0142087	0.00867443	0.0157164	0.00561429	0.0514514	NA20856	GIH	SAS	female
NA20858	-0.0108351	0.0137021	-0.02128	-0.00531529	0.00572879	0.00532736	0.00138862	0.00936343	0.0017668	0.0197	NA20858	GIH	SAS	male
NA20859	-0.0108238	0.00779086	-0.0374948	-0.0130491	0.0138403	0.0132903	0.00532566	0.0149353	0.00467465	0.051174	NA20859	GIH	SAS	female
NA20861	-0.0109712	0.00752355	-0.036782	-0.0138324	0.0140853	0.0118849	0.00738481	0.0139092	0.00581484	0.0499415	NA20861	GIH	SAS	male
NA20862	-0.0109778	0.0126166	-0.0236213	-0.00688325	0.0057632	0.00504418	0.00800077	0.00120192	0.00312772	0.020672	NA20862	GIH	SAS	female
NA20863	-0.0110054	0.00752033	-0.0351646	-0.0109581	0.00804799	0.0292617	0.0267489	0.042793	0.0170002	0.0214476	NA20863	GIH	SAS	male
NA20864	-0.0110164	0.010758	-0.0263	-0.00621765	0.00346546	0.0230026	0.0244075	0.0347429	0.0071556	-0.00658856	NA20864	GIH	SAS	male
NA20866	-0.010814	0.00946643	-0.031104	-0.0100413	0.00843167	0.00781307	0.00563308	0.00654865	0.0036584	0.0236499	NA20866	GIH	SAS	male
NA20867	-0.0110579	0.00759497	-0.0354515	-0.0105078	0.00931787	0.0311502	0.0289481	0.0406656	0.0130504	0.0237658	NA20867	GIH	SAS	male
NA20868	-0.010999	0.00668404	-0.0366941	-0.011695	0.0115871	0.0310085	0.0262722	0.0402832	0.0143644	0.0279086	NA20868	GIH	SAS	female
NA20869	-0.0108601	0.00785786	-0.0367223	-0.0137715	0.0123361	0.0136986	0.00763861	0.014785	0.00576897	0.0538331	NA20869	GIH	SAS	female
NA20870	-0.0106856	0.01377	-0.0204655	-0.0044562	0.00595635	0.00304966	0.00100359	0.00803934	0.00223989	0.0159098	NA20870	GIH	SAS	male
NA20872	-0.010638	0.0128597	-0.0253612	-0.00711198	0.00364661	0.00717993	0.00190458	0.00866373	0.00250686	0.0181866	NA20872	GIH	SAS	female
NA20874	-0.0106968	0.00889767	-0.0299794	-0.00929208	0.00806216	0.00882446	0.00527955	0.00765996	0.00299669	0.0170224	NA20874	GIH	SAS	female
NA20875	-0.0108177	0.0078767	-0.037865	-0.0130079	0.0127912	0.0122784	0.0112432	0.014292	0.00598626	0.0507501	NA20875	GIH	SAS	female
NA20876	-0.0107343	0.00847117	-0.0354535	-0.0130266	0.0113313	0.0117643	0.00679867	0.0179124	0.00619594	0.0458066	NA20876	GIH	SAS	female
NA20877	-0.0107223	0.0080314	-0.0368176	-0.0134713	0.0133119	0.0156608	0.00948449	0.0158612	0.00661628	0.0532103	NA20877	GIH	SAS	female
NA20878	-0.010995	0.00831123	-0.0364607	-0.0126863	0.0127932	0.0126325	0.00448269	0.00627681	0.00497186	0.0426828	NA20878	GIH	SAS	female
NA20881	-0.0107369	0.0121701	-0.026422	-0.00797237	0.00869018	0.00538147	0.00419742	0.00409093	0.00458639	0.0153716	NA20881	GIH	SAS	female
NA20882	-0.0107923	0.0106647	-0.0275464	-0.008771	0.00817397	0.00537632	-0.000566556	-0.00535144	-0.00215712	0.0177224	NA20882	GIH	SAS	female
NA20884	-0.0106723	0.00699661	-0.0384318	-0.0135814	0.010067	0.0116518	0.00160791	0.00654198	0.00503404	0.0390449	NA20884	GIH	SAS	male
NA20885	-0.0110061	0.0105648	-0.0277947	-0.00817118	0.004121	0.00886605	0.00599262	0.00768398	0.00439793	0.0247695	NA20885	GIH	SAS	male
NA20886	-0.0106835	0.0111563	-0.0262739	-0.00800183	0.00750845	0.00951227	0.00734758	0.00855037	0.00407777	0.0172883	NA20886	GIH	SAS	female
NA20887	-0.0108278	0.0088325	-0.0327594	-0.0103686	0.00935198	0.00547622	0.00426551	0.00585328	0.00322546	0.032421	NA20887	GIH	SAS	male
NA20888	-0.0109156	0.00755765	-0.0367034	-0.0130448	0.0128957	0.0142708	0.00978526	0.0233241	0.0107772	0.0420468	NA20888	GIH	SAS	female
NA20889	-0.0106137	0.00891753	-0.0366093	-0.012647	0.0147028	0.0115259	0.002511	0.0148726	0.0038096	0.0579689	NA20889	GIH	SAS	male
NA20890	-0.010529	0.0109724	-0.0267748	-0.00910723	0.00897317	0.00327652	0.0045701	0.0026177	0.00096453	0.0254811	NA20890	GIH	SAS	male
NA20891	-0.0106993	0.0110418	-0.0282205	-0.00784124	0.00839722	0.00816323	0.00222161	0.00629694	0.000782734	0.0320127	NA20891	GIH	SAS	male
NA20892	-0.0109172	0.00797112	-0.0364775	-0.0131116	0.0121048	0.0134883	0.00764503	0.022524	0.00884025	0.0455876	NA20892	GIH	SAS	female
NA20894	-0.010553	0.0104142	-0.030038	-0.00952755	0.00522973	0.00873095	0.00466399	0.0119793	0.00659792	0.0198	NA20894	GIH	SAS	female
NA20895	-0.0107728	0.0095526	-0.0299768	-0.0103539	0.00833265	0.00553474	0.00100644	0.00209113	0.00138449	0.0358742	NA20895	GIH	SAS	male
NA20896	-0.0107781	0.00691675	-0.0375324	-0.0131473	0.0117693	0.0156762	0.00699029	0.020294	0.00995355	0.0465363	NA20896	GIH	SAS	female
NA20897	-0.0110359	0.00502248	-0.0374979	-0.013088	0.0108574	0.00747075	0.00194357	0.0103953	0.00597476	0.024674	NA20897	GIH	SAS	male
NA20899	-0.0109217	0.00781559	-0.0360524	-0.0121795	0.0118737	0.0132773	0.00926607	0.0205668	0.0087631	0.0470422	NA20899	GIH	SAS	female
NA20900	-0.0108161	0.0108711	-0.02824	-0.0084924	0.0074751	0.00766644	0.00113657	-0.00191197	-0.000674332	0.0221073	NA20900	GIH	SAS	female
NA20901	-0.0106279	0.00911225	-0.0322873	-0.0119498	0.00878753	0.00712482	0.00148926	0.00588592	0.000602002	0.0284277	NA20901	GIH	SAS	male
NA20902	-0.0108698	0.00766348	-0.0379259	-0.014109	0.0129709	0.012124	0.0072235	0.014827	0.00791795	0.0597543	NA20902	GIH	SAS	female
NA20903	-0.0105529	0.00938334	-0.0319674	-0.00987138	0.00744756	0.0124375	0.00840696	0.013358	0.00689856	0.0173232	NA20903	GIH	SAS	male
NA20904	-0.0108961	0.0125739	-0.0233882	-0.00691702	0.00192417	0.00705299	0.00847928	0.0095475	0.0047305	0.0127592	NA20904	GIH	SAS	male
NA20905	-0.0108908	0.00840608	-0.0338697	-0.0106839	0.00816913	0.00890614	0.00678092	0.00744742	0.00230284	0.0174044	NA20905	GIH	SAS	male
NA20906	-0.0107578	0.00582728	-0.0362215	-0.0130762	0.00668666	0.00947219	0.00427229	0.00972254	0.000758383	0.0257889	NA20906	GIH	SAS	female
NA20908	-0.0108391	0.00640548	-0.0357427	-0.0128498	0.00722737	0.0119085	0.00697159	0.0133098	0.00655549	0.0167685	NA20908	GIH	SAS	female
NA20910	-0.0104935	0.012417	-0.0243059	-0.00694886	0.0089862	0.00699683	0.00243982	0.000917645	0.000188526	0.0265981	NA20910	GIH	SAS	female
NA20911	-0.0105547	0.00806815	-0.0358904	-0.0124258	0.0117681	0.0139108	0.00524486	0.0210199	0.0105483	0.0472353	NA20911	GIH	SAS	male
NA21086	-0.0109999	0.00754488	-0.0369354	-0.0122944	0.0125214	0.00965129	0.00764644	0.0162159	0.0101515	0.05104	NA21086	GIH	SAS	female
NA21087	-0.01082	0.00758353	-0.0371373	-0.0130729	0.0101367	0.0108238	0.00559491	0.00978508	0.00731345	0.0429191	NA21087	GIH	SAS	male
NA21088	-0.0109255	0.00797514	-0.0353713	-0.0122837	0.013084	0.0168668	0.01168	0.0163408	0.00794332	0.0437963	NA21088	GIH	SAS	female
NA21089	-0.0108038	0.00841911	-0.0364481	-0.0124245	0.0186249	0.0105298	0.00330613	0.00738185	0.00271904	0.0592677	NA21089	GIH	SAS	female
NA21090	-0.0105594	0.00748876	-0.0380634	-0.0142327	0.0165162	0.0122112	0.001634	0.00283627	0.00339232	0.0576717	NA21090	GIH	SAS	male
NA21091	-0.0108059	0.00797696	-0.0365242	-0.0127554	0.0161342	0.0108869	0.000839302	0.00201688	0.00268839	0.0493877	NA21091	GIH	SAS	male
NA21092	-0.0108918	0.00869298	-0.0323274	-0.0116435	0.0131887	0.00575427	-0.00501077	-0.00305734	-0.00362735	0.0238907	NA21092	GIH	SAS	male
NA21093	-0.010951	0.00764056	-0.0387873	-0.0139242	0.0117655	0.012282	0.00429429	0.0100488	0.00667454	0.0498767	NA21093	GIH	SAS	male
NA21094	-0.0106332	0.00744457	-0.0368669	-0.0142645	0.0167464	0.0112636	-0.00119348	0.00590367	0.000649895	0.0570556	NA21094	GIH	SAS	male
NA21095	-0.0108347	0.00760246	-0.0349487	-0.0132353	0.00603055	0.0083461	0.00289635	0.0026244	0.00171594	0.0211707	NA21095	GIH	SAS	male
NA21097	-0.0106839	0.00855302	-0.0338032	-0.0131825	0.0134088	0.00494015	-0.00444126	-0.000274726	-0.00029255	0.0279111	NA21097	GIH	SAS	female
NA21098	-0.0108082	0.00752672	-0.0363234	-0.0126143	0.0157218	0.0109968	-0.00013327	0.00474837	0.002736	0.0557009	NA21098	GIH	SAS	male
NA21099	-0.0109611	0.00855316	-0.0357174	-0.012555	0.013733	0.0131867	0.0018247	0.0055461	0.0040688	0.0518538	NA21099	GIH	SAS	male
NA21100	-0.0104812	0.00769605	-0.0372551	-0.0146129	0.0171861	0.0116039	0.000566907	0.00212141	0.00343681	0.0589224	NA21100	GIH	SAS	male
NA21101	-0.0107424	0.00791606	-0.035026	-0.0136647	0.0165425	0.00913747	-7.34444e-05	0.000127866	0.00258467	0.04629	NA21101	GIH	SAS	female
NA21102	-0.0108192	0.00783033	-0.0371812	-0.0139827	0.0168098	0.0105506	0.000945054	0.00402585	0.000492191	0.0536409	NA21102	GIH	SAS	female
NA21103	-0.0106323	0.00766653	-0.0368224	-0.0135923	0.0178434	0.012287	0.00194758	0.0050644	0.00487779	0.0552139	NA21103	GIH	SAS	female
NA21104	-0.0106062	0.00800954	-0.0370919	-0.0139336	0.0169092	0.0121141	-4.20712e-05	-0.000293021	0.00195698	0.0490733	NA21104	GIH	SAS	male
NA21105	-0.0109611	0.00845709	-0.0349415	-0.0115001	0.014549	0.00794341	-0.00243729	-0.00464764	0.000623424	0.042745	NA21105	GIH	SAS	male
NA21106	-0.0108034	0.00798919	-0.0376392	-0.0142562	0.0163058	0.0101435	-0.00436612	-0.000100412	0.0033444	0.0499416	NA21106	GIH	SAS	female
NA21107	-0.0106927	0.00864908	-0.0362352	-0.0126344	0.0149314	0.0127678	-0.00279383	-0.00297074	-0.000993539	0.0531259	NA21107	GIH	SAS	male
NA21108	-0.0106076	0.0123554	-0.0256448	-0.00785093	0.00938455	0.00575732	-0.00428795	-0.00909463	-0.00145957	0.0213814	NA21108	GIH	SAS	female
NA21109	-0.0106021	0.00818813	-0.0375256	-0.0145383	0.0145252	0.0106235	-0.00162481	0.00558677	0.00504746	0.0540343	NA21109	GIH	SAS	male
NA21110	-0.0107661	0.00842466	-0.0373238	-0.0131113	0.0161465	0.00998094	-0.00437184	0.000268497	0.000436924	0.0525775	NA21110	GIH	SAS	female
NA21111	-0.0105785	0.00786004	-0.0355494	-0.0123896	0.0127611	0.00980031	-0.00267425	0.00240665	0.00480609	0.0434811	NA21111	GIH	SAS	male
NA21112	-0.0106709	0.00794733	-0.0366541	-0.0134867	0.0125055	0.0102775	-0.00206056	-0.00313802	0.00264416	0.0487026	NA21112	GIH	SAS	male
NA21113	-0.010742	0.00780073	-0.0372867	-0.013233	0.014457	0.0108042	-0.0041001	0.0014859	0.00350038	0.0489052	NA21113	GIH	SAS	male
NA21114	-0.0109025	0.00777238	-0.0364276	-0.0120724	0.0101387	0.0139024	0.00479365	0.00802244	0.00729139	0.039783	NA21114	GIH	SAS	male
NA21115	-0.0108191	0.00787568	-0.0361218	-0.0142194	0.0153724	0.0106714	-0.00369945	0.00139576	0.00230299	0.051628	NA21115	GIH	SAS	male
NA21116	-0.0108627	0.00817337	-0.0324252	-0.0114173	0.00946447	0.00573264	-0.00665879	-0.00705861	-0.00352558	0.0238615	NA21116	GIH	SAS	male
NA21117	-0.010692	0.00782744	-0.0359715	-0.012638	0.0143927	0.00852829	-0.00102319	-0.00238126	-0.00144255	0.047073	NA21117	GIH	SAS	male
NA21118	-0.0108864	0.00803768	-0.0372053	-0.013987	0.0100866	0.0125918	-0.00372541	0.00142754	0.00194717	0.0514311	NA21118	GIH	SAS	male
NA21119	-0.0105882	0.00791923	-0.0378508	-0.0141172	0.0145587	0.0110806	-0.00559694	0.000802556	0.00210304	0.058196	NA21119	GIH	SAS	male
NA21120	-0.0105947	0.00912909	-0.0313502	-0.0102951	0.00860115	0.00640155	-0.00263191	-0.00159354	0.00500722	0.0149725	NA21120	GIH	SAS	female
NA21122	-0.0109253	0.0081659	-0.0365046	-0.011342	0.0150055	0.0115982	0.0024311	0.00764694	0.00772901	0.0449577	NA21122	GIH	SAS	female
NA21123	-0.0106408	0.00780854	-0.0363607	-0.0125985	0.0137805	0.0119285	0.00365047	0.00805234	0.00677085	0.0383688	NA21123	GIH	SAS	male
NA21124	-0.0107488	0.00761878	-0.0364582	-0.013326	0.010118	0.0112164	0.00780417	0.0150897	0.00854146	0.042341	NA21124	GIH	SAS	male
NA21125	-0.0106012	0.00778445	-0.0373967	-0.0132187	0.0146709	0.009578	-0.00289446	0.000163908	0.00448657	0.0510683	NA21125	GIH	SAS	female
NA21126	-0.0107722	0.00777496	-0.0373899	-0.0135961	0.010934	0.0105763	0.00329233	0.00919955	0.00653997	0.0531395	NA21126	GIH	SAS	male
NA21127	-0.0109069	0.00801695	-0.0370432	-0.0133042	0.0111174	0.00888842	0.00404643	0.00488005	0.0022641	0.0415915	NA21127	GIH	SAS	male
NA21128	-0.0108668	0.00785937	-0.0362105	-0.0122218	0.00689685	0.0225369	0.0152626	0.0198258	0.0100795	0.0155293	NA21128	GIH	SAS	male
NA21129	-0.0106919	0.00735996	-0.0384291	-0.0124841	0.0132741	0.011124	0.00551053	0.0112648	0.00660548	0.0518306	NA21129	GIH	SAS	male
NA21130	-0.0110479	0.00826499	-0.0355504	-0.0102467	0.00759833	0.0191081	0.0153237	0.0194048	0.00689541	0.0133767	NA21130	GIH	SAS	male
NA21133	-0.0107706	0.00741412	-0.0362214	-0.012159	0.00321755	0.0223332	0.0129733	0.0187852	0.00884324	0.0107397	NA21133	GIH	SAS	male
NA21135	-0.0109191	0.00769722	-0.0375174	-0.0135422	0.00536732	0.0216988	0.0156425	0.0207183	0.00764838	0.019025	NA21135	GIH	SAS	male
NA21137	-0.0107131	0.00794665	-0.0370222	-0.0130984	0.011704	0.0132336	0.00634377	0.0118632	0.00458827	0.0545922	NA21137	GIH	SAS	female
NA21141	-0.0110416	0.00735262	-0.0360818	-0.0113455	0.00887766	0.0297881	0.0259577	0.0404219	0.0128036	0.0303779	NA21141	GIH	SAS	female
NA21142	-0.0108983	0.00767105	-0.0351738	-0.0105448	0.00712863	0.029759	0.0278532	0.0421026	0.0122543	0.0282563	NA21142	GIH	SAS	female
NA21143	-0.0108775	0.00709711	-0.0360858	-0.0113443	0.0079805	0.0299575	0.0270874	0.0377417	0.0138834	0.0231911	NA21143	GIH	SAS	female
NA21144	-0.0108624	0.00742598	-0.0365832	-0.00974972	0.00886342	0.0278222	0.0251538	0.0385401	0.0141406	0.0292141	NA21144	GIH	SAS	female
