#IID	ALLELE_CT	NAMED_ALLELE_DOSAGE_SUM	Beta_AVG	Beta_SUM	sample	pop	super_pop	gender	PRS_Z
HG00096	7300	3261	-0.00876173	-63.9606	HG00096	GBR	EUR	male	-0.2841562068804658
HG00097	7300	3249	-0.00886251	-64.6963	HG00097	GBR	EUR	female	-0.7981431651872025
HG00099	7300	3256	-0.00854029	-62.3441	HG00099	GBR	EUR	female	0.8451898826979596
HG00100	7300	3261	-0.00875629	-63.9209	HG00100	GBR	EUR	female	-0.25642033322982594
HG00101	7300	3275	-0.0086297	-62.9968	HG00101	GBR	EUR	male	0.38918976350968826
HG00102	7300	3233	-0.00885374	-64.6323	HG00102	GBR	EUR	female	-0.7534304217705547
HG00103	7300	3253	-0.00898038	-65.5568	HG00103	GBR	EUR	male	-1.3993199731564174
HG00105	7300	3270	-0.00854225	-62.3584	HG00105	GBR	EUR	male	0.8351993790907972
HG00106	7300	3292	-0.0087311	-63.737	HG00106	GBR	EUR	female	-0.127941059568537
HG00107	7300	3194	-0.00890763	-65.0257	HG00107	GBR	EUR	male	-1.0282740664597918
HG00108	7300	3316	-0.00861933	-62.9211	HG00108	GBR	EUR	male	0.44207655533219614
HG00109	7300	3266	-0.00863221	-63.0151	HG00109	GBR	EUR	male	0.3764047134389916
HG00110	7300	3305	-0.0088207	-64.3911	HG00110	GBR	EUR	female	-0.5849192700190403
HG00111	7300	3288	-0.00864558	-63.1127	HG00111	GBR	EUR	female	0.30821777972859626
HG00112	7300	3286	-0.00871348	-63.6084	HG00112	GBR	EUR	male	-0.03809639076570132
HG00113	7300	3281	-0.00877593	-64.0643	HG00113	GBR	EUR	male	-0.35660482394776327
HG00114	7300	3278	-0.00877985	-64.0929	HG00114	GBR	EUR	male	-0.3765858311620781
HG00115	7300	3282	-0.00862818	-62.9857	HG00115	GBR	EUR	male	0.39694462994601326
HG00116	7300	3252	-0.00889879	-64.9612	HG00116	GBR	EUR	male	-0.9832120047351997
HG00117	7300	3272	-0.0083634	-61.0528	HG00117	GBR	EUR	male	1.7473393447905166
HG00118	7300	3299	-0.00848092	-61.9107	HG00118	GBR	EUR	female	1.147978992022604
HG00119	7300	3239	-0.00860895	-62.8453	HG00119	GBR	EUR	male	0.4950332108162949
HG00120	7300	3288	-0.00902458	-65.8794	HG00120	GBR	EUR	female	-1.6247001454409884
HG00121	7300	3311	-0.008404	-61.3492	HG00121	GBR	EUR	female	1.5402634518421399
HG00122	7300	3217	-0.00876751	-64.0028	HG00122	GBR	EUR	female	-0.31363867207081697
HG00123	7300	3248	-0.00890251	-64.9883	HG00123	GBR	EUR	female	-1.0021450570256818
HG00125	7300	3246	-0.00869349	-63.4625	HG00125	GBR	EUR	female	0.0638346914919524
HG00126	7300	3282	-0.00869132	-63.4466	HG00126	GBR	EUR	male	0.07494301368452846
HG00127	7300	3271	-0.00858949	-62.7033	HG00127	GBR	EUR	female	0.5942396102719952
HG00128	7300	3248	-0.00872812	-63.7153	HG00128	GBR	EUR	female	-0.11278064500382629
HG00129	7300	3278	-0.00869275	-63.4571	HG00129	GBR	EUR	male	0.0676073292177336
HG00130	7300	3280	-0.00896499	-65.4444	HG00130	GBR	EUR	female	-1.3207932175309254
HG00131	7300	3211	-0.00881182	-64.3263	HG00131	GBR	EUR	male	-0.5396476173096857
HG00132	7300	3226	-0.00847771	-61.8873	HG00132	GBR	EUR	female	1.1643270888343142
HG00133	7300	3277	-0.00834486	-60.9175	HG00133	GBR	EUR	female	1.8418648789197847
HG00136	7300	3250	-0.00849614	-62.0218	HG00136	GBR	EUR	male	1.0703604639977582
HG00137	7300	3275	-0.00863737	-63.0528	HG00137	GBR	EUR	female	0.3500661130201189
HG00138	7300	3271	-0.00886605	-64.7222	HG00138	GBR	EUR	male	-0.8162378535386342
HG00139	7300	3250	-0.0087246	-63.6896	HG00139	GBR	EUR	male	-0.09482568397557632
HG00140	7300	3273	-0.00849016	-61.9782	HG00140	GBR	EUR	male	1.1008210204503512
HG00141	7300	3266	-0.00858008	-62.6346	HG00141	GBR	EUR	male	0.6422359457833082
HG00142	7300	3281	-0.00852258	-62.2148	HG00142	GBR	EUR	male	0.9355235971319162
HG00143	7300	3265	-0.00879407	-64.1967	HG00143	GBR	EUR	male	-0.44910431189096645
HG00145	7300	3240	-0.00896885	-65.4726	HG00145	GBR	EUR	male	-1.3404947700988867
HG00146	7300	3254	-0.00858241	-62.6516	HG00146	GBR	EUR	female	0.6303591233132577
HG00148	7300	3268	-0.00875021	-63.8765	HG00148	GBR	EUR	male	-0.22540086748452096
HG00149	7300	3262	-0.00893111	-65.1971	HG00149	GBR	EUR	male	-1.1480203824225188
HG00150	7300	3264	-0.00886868	-64.7414	HG00150	GBR	EUR	female	-0.8296516765636285
HG00151	7300	3233	-0.00878844	-64.1556	HG00151	GBR	EUR	male	-0.4203903469780847
HG00154	7300	3270	-0.00869711	-63.4889	HG00154	GBR	EUR	female	0.04539068483258145
HG00155	7300	3245	-0.00887026	-64.7529	HG00155	GBR	EUR	male	-0.8376859976463069
HG00157	7300	3265	-0.0087504	-63.8779	HG00157	GBR	EUR	male	-0.22637895874675795
HG00158	7300	3350	-0.00872489	-63.6917	HG00158	GBR	EUR	female	-0.0962928208689343
HG00159	7300	3222	-0.00856427	-62.5192	HG00159	GBR	EUR	male	0.7228586112564609
HG00160	7300	3220	-0.0090513	-66.0745	HG00160	GBR	EUR	male	-1.7610041492001882
HG00171	7300	3286	-0.00867175	-63.3038	HG00171	FIN	EUR	female	0.1747083224329307
HG00173	7300	3249	-0.00841145	-61.4036	HG00173	FIN	EUR	female	1.5022576199379891
HG00174	7300	3309	-0.00878705	-64.1455	HG00174	FIN	EUR	female	-0.4133341171576383
HG00176	7300	3266	-0.00867122	-63.2999	HG00176	FIN	EUR	female	0.17743300523488406
HG00177	7300	3255	-0.00839216	-61.2628	HG00177	FIN	EUR	female	1.6006256554546243
HG00178	7300	3235	-0.00890963	-65.0403	HG00178	FIN	EUR	female	-1.0384741610517167
HG00179	7300	3206	-0.00886641	-64.7248	HG00179	FIN	EUR	female	-0.8180543087399365
HG00180	7300	3372	-0.00873258	-63.7478	HG00180	FIN	EUR	female	-0.13548633502009444
HG00181	7300	3237	-0.00881715	-64.3652	HG00181	FIN	EUR	male	-0.5668245816676186
HG00182	7300	3224	-0.00889549	-64.9371	HG00182	FIN	EUR	male	-0.9663748622923635
HG00183	7300	3268	-0.00894322	-65.2855	HG00183	FIN	EUR	male	-1.2097798592667655
HG00185	7300	3245	-0.00892733	-65.1695	HG00185	FIN	EUR	male	-1.1287380118240826
HG00186	7300	3262	-0.00855384	-62.443	HG00186	FIN	EUR	male	0.7760947213869132
HG00187	7300	3337	-0.00863096	-63.006	HG00187	FIN	EUR	male	0.3827623066435445
HG00188	7300	3252	-0.00849127	-61.9863	HG00188	FIN	EUR	male	1.095162063861682
HG00189	7300	3285	-0.0089254	-65.1554	HG00189	FIN	EUR	male	-1.1188872355401018
HG00190	7300	3274	-0.00851293	-62.1444	HG00190	FIN	EUR	male	0.9847076148902337
HG00231	7300	3235	-0.00882614	-64.4308	HG00231	GBR	EUR	female	-0.6126551436696901
HG00232	7300	3291	-0.00891347	-65.0683	HG00232	GBR	EUR	female	-1.0580359862964963
HG00233	7300	3245	-0.00872119	-63.6647	HG00233	GBR	EUR	female	-0.07742963224003818
HG00234	7300	3180	-0.00883563	-64.5001	HG00234	GBR	EUR	male	-0.6610706611505333
HG00235	7300	3249	-0.00859522	-62.7451	HG00235	GBR	EUR	female	0.5650365997279925
HG00236	7300	3291	-0.00906259	-66.1569	HG00236	GBR	EUR	female	-1.8185718063491236
HG00237	7300	3242	-0.00844752	-61.6669	HG00237	GBR	EUR	female	1.3183065989754157
HG00238	7300	3268	-0.00841553	-61.4334	HG00238	GBR	EUR	female	1.4814382487846092
HG00239	7300	3287	-0.00868774	-63.4205	HG00239	GBR	EUR	female	0.09317742935913186
HG00240	7300	3278	-0.00864734	-63.1256	HG00240	GBR	EUR	female	0.29920536738367587
HG00242	7300	3327	-0.00876597	-63.9916	HG00242	GBR	EUR	male	-0.30581394197290607
HG00243	7300	3291	-0.00891097	-65.0501	HG00243	GBR	EUR	male	-1.0453207998873906
HG00244	7300	3230	-0.00857604	-62.6051	HG00244	GBR	EUR	male	0.6628457259519207
HG00245	7300	3243	-0.00859711	-62.7589	HG00245	GBR	EUR	female	0.5553954144287794
HG00246	7300	3298	-0.00883982	-64.5307	HG00246	GBR	EUR	male	-0.6824489415966152
HG00250	7300	3181	-0.00872692	-63.7065	HG00250	GBR	EUR	female	-0.10663264278403596
HG00251	7300	3243	-0.00852263	-62.2152	HG00251	GBR	EUR	male	0.9352441424855579
HG00252	7300	3244	-0.00903516	-65.9567	HG00252	GBR	EUR	male	-1.67870475584891
HG00253	7300	3276	-0.00868526	-63.4024	HG00253	GBR	EUR	female	0.10582275210665178
HG00254	7300	3258	-0.00881821	-64.3729	HG00254	GBR	EUR	female	-0.5722040836099346
HG00255	7300	3264	-0.0086433	-63.0961	HG00255	GBR	EUR	female	0.31981514755228835
HG00256	7300	3261	-0.00875895	-63.9403	HG00256	GBR	EUR	male	-0.269973883577997
HG00257	7300	3259	-0.00886988	-64.7501	HG00257	GBR	EUR	female	-0.835729815121833
HG00258	7300	3261	-0.00882427	-64.4172	HG00258	GBR	EUR	female	-0.6031536856936438
HG00259	7300	3272	-0.00877849	-64.083	HG00259	GBR	EUR	female	-0.3696693286648134
HG00260	7300	3361	-0.00857625	-62.6066	HG00260	GBR	EUR	male	0.6617977710280929
HG00261	7300	3243	-0.00887605	-64.7952	HG00261	GBR	EUR	female	-0.867238326498249
HG00262	7300	3302	-0.00846842	-61.8195	HG00262	GBR	EUR	female	1.2116946513913345
HG00263	7300	3262	-0.00881316	-64.3361	HG00263	GBR	EUR	female	-0.5464942561453596
HG00264	7300	3223	-0.00852126	-62.2052	HG00264	GBR	EUR	male	0.9422305086444134
HG00265	7300	3287	-0.0086489	-63.137	HG00265	GBR	EUR	male	0.2912409099625833
HG00266	7300	3250	-0.00838674	-61.2232	HG00266	FIN	EUR	female	1.628291665443678
HG00267	7300	3289	-0.0084659	-61.8011	HG00267	FIN	EUR	male	1.224549565123622
HG00268	7300	3261	-0.00899195	-65.6412	HG00268	FIN	EUR	female	-1.4582849035371297
HG00269	7300	3275	-0.00881585	-64.3557	HG00269	FIN	EUR	female	-0.5601875338167074
HG00271	7300	3283	-0.00841314	-61.4159	HG00271	FIN	EUR	male	1.493664389562599
HG00272	7300	3282	-0.00907123	-66.22	HG00272	FIN	EUR	female	-1.8626557768114835
HG00273	7300	3259	-0.00873682	-63.7788	HG00273	FIN	EUR	male	-0.15714407011253478
HG00274	7300	3304	-0.00835227	-60.9716	HG00274	FIN	EUR	female	1.8040686380003916
HG00275	7300	3281	-0.00878041	-64.097	HG00275	FIN	EUR	female	-0.3794502412872032
HG00276	7300	3274	-0.00868711	-63.4159	HG00276	FIN	EUR	female	0.09639115779220124
HG00277	7300	3288	-0.00907205	-66.226	HG00277	FIN	EUR	male	-1.866847596506795
HG00278	7300	3309	-0.00887537	-64.7902	HG00278	FIN	EUR	male	-0.8637451434188261
HG00280	7300	3328	-0.00870007	-63.5105	HG00280	FIN	EUR	male	0.030300133929461574
HG00281	7300	3221	-0.0087176	-63.6385	HG00281	FIN	EUR	female	-0.05912535290384396
HG00282	7300	3267	-0.0086549	-63.1808	HG00282	FIN	EUR	female	0.2606406261868134
HG00284	7300	3254	-0.00893078	-65.1947	HG00284	FIN	EUR	male	-1.1463436545443881
HG00285	7300	3259	-0.00831012	-60.6639	HG00285	FIN	EUR	female	2.01903912470827
HG00288	7300	3262	-0.00878655	-64.1418	HG00288	FIN	EUR	female	-0.4107491616788666
HG00290	7300	3283	-0.00844801	-61.6705	HG00290	FIN	EUR	male	1.3157915071582298
HG00304	7300	3262	-0.00867636	-63.3374	HG00304	FIN	EUR	female	0.15123413213918813
HG00306	7300	3262	-0.00866595	-63.2614	HG00306	FIN	EUR	female	0.2043305149464636
HG00308	7300	3301	-0.00876605	-63.9922	HG00308	FIN	EUR	male	-0.30623312394243624
HG00309	7300	3270	-0.00870615	-63.5549	HG00309	FIN	EUR	female	-0.0007193318158434215
HG00310	7300	3240	-0.00857286	-62.5819	HG00310	FIN	EUR	male	0.6790540954404592
HG00311	7300	3209	-0.00866108	-63.2259	HG00311	FIN	EUR	male	0.22913211481038742
HG00313	7300	3250	-0.0087717	-64.0334	HG00313	FIN	EUR	female	-0.33501695251690883
HG00315	7300	3267	-0.00876904	-64.014	HG00315	FIN	EUR	female	-0.3214634021687328
HG00318	7300	3274	-0.00886426	-64.7091	HG00318	FIN	EUR	female	-0.8070857138705421
HG00319	7300	3241	-0.00851718	-62.1754	HG00319	FIN	EUR	female	0.9630498797977884
HG00320	7300	3258	-0.00901921	-65.8402	HG00320	FIN	EUR	female	-1.5973135900982829
HG00321	7300	3281	-0.00863152	-63.0101	HG00321	FIN	EUR	male	0.37989789651841444
HG00323	7300	3246	-0.00875485	-63.9104	HG00323	FIN	EUR	female	-0.2490846487630311
HG00324	7300	3267	-0.00846426	-61.7891	HG00324	FIN	EUR	female	1.2329332045142447
HG00325	7300	3272	-0.00864077	-63.0776	HG00325	FIN	EUR	male	0.33273992494616667
HG00326	7300	3380	-0.00833397	-60.838	HG00326	FIN	EUR	female	1.897406489882655
HG00327	7300	3291	-0.00848034	-61.9065	HG00327	FIN	EUR	female	1.15091326580932
HG00328	7300	3235	-0.00881782	-64.3701	HG00328	FIN	EUR	female	-0.5702479010854506
HG00329	7300	3264	-0.00855095	-62.4219	HG00329	FIN	EUR	male	0.7908359539820887
HG00330	7300	3269	-0.00853289	-62.2901	HG00330	FIN	EUR	female	0.8829162599557567
HG00331	7300	3291	-0.00873456	-63.7623	HG00331	FIN	EUR	female	-0.1456165659504335
HG00332	7300	3293	-0.00859708	-62.7587	HG00332	FIN	EUR	female	0.5555351417519561
HG00334	7300	3274	-0.00877507	-64.058	HG00334	FIN	EUR	female	-0.35220341326768934
HG00335	7300	3222	-0.00830023	-60.5917	HG00335	FIN	EUR	male	2.069480688375178
HG00336	7300	3213	-0.0086174	-62.907	HG00336	FIN	EUR	male	0.4519273316161818
HG00337	7300	3329	-0.00904678	-66.0415	HG00337	FIN	EUR	female	-1.7379491408759757
HG00338	7300	3239	-0.00867507	-63.328	HG00338	FIN	EUR	male	0.15780131632850858
HG00339	7300	3271	-0.00886022	-64.6796	HG00339	FIN	EUR	female	-0.7864759337019196
HG00341	7300	3299	-0.00875466	-63.909	HG00341	FIN	EUR	male	-0.24810655750078914
HG00342	7300	3228	-0.00854111	-62.3501	HG00342	FIN	EUR	male	0.8409980630026482
HG00343	7300	3241	-0.00867559	-63.3318	HG00343	FIN	EUR	female	0.15514649718814605
HG00344	7300	3264	-0.00912923	-66.6434	HG00344	FIN	EUR	female	-2.1584585199772772
HG00345	7300	3236	-0.00815612	-59.5397	HG00345	FIN	EUR	male	2.804446408286407
HG00346	7300	3268	-0.00890741	-65.0241	HG00346	FIN	EUR	female	-1.027156247874378
HG00349	7300	3297	-0.0089093	-65.0379	HG00349	FIN	EUR	female	-1.0367974331735863
HG00350	7300	3234	-0.00912403	-66.6054	HG00350	FIN	EUR	female	-2.131910328573642
HG00351	7300	3267	-0.00850145	-62.0606	HG00351	FIN	EUR	male	1.043253363301411
HG00353	7300	3254	-0.00860527	-62.8185	HG00353	FIN	EUR	female	0.5137566721220193
HG00355	7300	3295	-0.00889416	-64.9274	HG00355	FIN	EUR	female	-0.9595980871182804
HG00356	7300	3242	-0.00864689	-63.1223	HG00356	FIN	EUR	female	0.30151086821609413
HG00357	7300	3272	-0.00875889	-63.9399	HG00357	FIN	EUR	female	-0.2696944289316436
HG00358	7300	3241	-0.00863619	-63.0442	HG00358	FIN	EUR	male	0.3560743879167325
HG00360	7300	3343	-0.00844045	-61.6153	HG00360	FIN	EUR	male	1.3543562483550922
HG00361	7300	3298	-0.00878801	-64.1525	HG00361	FIN	EUR	female	-0.4182245734688382
HG00362	7300	3254	-0.00867037	-63.2937	HG00362	FIN	EUR	female	0.18176455225337212
HG00364	7300	3315	-0.00884645	-64.5791	HG00364	FIN	EUR	female	-0.7162629538054595
HG00365	7300	3293	-0.00885353	-64.6308	HG00365	FIN	EUR	female	-0.7523824668467219
HG00366	7300	3238	-0.00856197	-62.5024	HG00366	FIN	EUR	male	0.7345957064033297
HG00367	7300	3274	-0.00862763	-62.9817	HG00367	FIN	EUR	female	0.3997391764095575
HG00368	7300	3276	-0.00829916	-60.5839	HG00368	FIN	EUR	female	2.074930053979085
HG00369	7300	3240	-0.00884263	-64.5512	HG00369	FIN	EUR	male	-0.6967709922222607
HG00371	7300	3358	-0.00849175	-61.9898	HG00371	FIN	EUR	male	1.092716835706082
HG00372	7300	3255	-0.00900652	-65.7476	HG00372	FIN	EUR	male	-1.5326198394673203
HG00373	7300	3233	-0.00870341	-63.5349	HG00373	FIN	EUR	female	0.013253400501862739
HG00375	7300	3228	-0.00849384	-62.005	HG00375	FIN	EUR	male	1.082097559144627
HG00376	7300	3248	-0.00875033	-63.8774	HG00376	FIN	EUR	female	-0.22602964043881865
HG00378	7300	3285	-0.00881282	-64.3336	HG00378	FIN	EUR	female	-0.5447476646056482
HG00379	7300	3315	-0.00863515	-63.0366	HG00379	FIN	EUR	female	0.36138402619745763
HG00380	7300	3228	-0.00905519	-66.1029	HG00380	FIN	EUR	female	-1.7808454290913314
HG00381	7300	3328	-0.00874045	-63.8053	HG00381	FIN	EUR	female	-0.17565794043349656
HG00382	7300	3264	-0.0088201	-64.3867	HG00382	FIN	EUR	male	-0.5818452689091527
HG00383	7300	3305	-0.00885626	-64.6507	HG00383	FIN	EUR	female	-0.7662853355028422
HG00384	7300	3211	-0.00894053	-65.2659	HG00384	FIN	EUR	female	-1.1960865815954176
HG00403	7300	3249	-0.00837122	-61.1099	HG00403	CHS	EAS	male	1.707447194023468
HG00404	7300	3252	-0.00814875	-59.4859	HG00404	CHS	EAS	female	2.8420330582210322
HG00406	7300	3200	-0.00823108	-60.0869	HG00406	CHS	EAS	male	2.4221524520740285
HG00407	7300	3250	-0.008359	-61.0207	HG00407	CHS	EAS	female	1.7697655801604313
HG00409	7300	3261	-0.0083281	-60.7951	HG00409	CHS	EAS	male	1.9273780007041321
HG00410	7300	3282	-0.00843407	-61.5687	HG00410	CHS	EAS	female	1.386912714655341
HG00419	7300	3219	-0.00823529	-60.1176	HG00419	CHS	EAS	female	2.400704307966351
HG00421	7300	3212	-0.008189	-59.7797	HG00421	CHS	EAS	male	2.6367736204739627
HG00422	7300	3200	-0.00836938	-61.0965	HG00422	CHS	EAS	female	1.7168089246763325
HG00428	7300	3248	-0.0084807	-61.9091	HG00428	CHS	EAS	female	1.1490968106080177
HG00436	7300	3265	-0.00839497	-61.2833	HG00436	CHS	EAS	male	1.5863036048289787
HG00437	7300	3241	-0.0083891	-61.2404	HG00437	CHS	EAS	female	1.616275115650451
HG00442	7300	3206	-0.00844623	-61.6575	HG00442	CHS	EAS	male	1.3248737831647361
HG00443	7300	3220	-0.00823473	-60.1135	HG00443	CHS	EAS	female	2.403568718091481
HG00445	7300	3280	-0.00832533	-60.7749	HG00445	CHS	EAS	male	1.94149046034501
HG00446	7300	3215	-0.00806079	-58.8438	HG00446	CHS	EAS	female	3.2906276292809182
HG00448	7300	3271	-0.00829362	-60.5434	HG00448	CHS	EAS	male	2.1032248369224367
HG00449	7300	3243	-0.00840553	-61.3604	HG00449	CHS	EAS	female	1.532438721744229
HG00451	7300	3217	-0.00821367	-59.9598	HG00451	CHS	EAS	male	2.5109491659530363
HG00452	7300	3212	-0.00819919	-59.8541	HG00452	CHS	EAS	female	2.584795056252101
HG00457	7300	3215	-0.00825592	-60.2682	HG00457	CHS	EAS	male	2.295489633614042
HG00458	7300	3290	-0.00825078	-60.2307	HG00458	CHS	EAS	female	2.3216885067097377
HG00463	7300	3205	-0.00827174	-60.3837	HG00463	CHS	EAS	male	2.2147971044793033
HG00464	7300	3239	-0.00809181	-59.0702	HG00464	CHS	EAS	female	3.1324562994445104
HG00472	7300	3255	-0.00819396	-59.8159	HG00472	CHS	EAS	male	2.611482974978918
HG00473	7300	3219	-0.00847186	-61.8446	HG00473	CHS	EAS	female	1.1941588723326146
HG00475	7300	3228	-0.00816577	-59.6101	HG00475	CHS	EAS	male	2.7552623905280895
HG00476	7300	3195	-0.00834985	-60.9539	HG00476	CHS	EAS	female	1.816434506101563
HG00478	7300	3224	-0.00888342	-64.849	HG00478	CHS	EAS	male	-0.9048249764328794
HG00479	7300	3221	-0.00841423	-61.4239	HG00479	CHS	EAS	female	1.4880752966355155
HG00500	7300	3267	-0.00814727	-59.4751	HG00500	CHS	EAS	male	2.849578333672595
HG00513	7300	3227	-0.00832947	-60.8051	HG00513	CHS	EAS	female	1.9203916345452767
HG00524	7300	3179	-0.00831653	-60.7107	HG00524	CHS	EAS	male	1.9863429310848395
HG00525	7300	3333	-0.00835164	-60.967	HG00525	CHS	EAS	female	1.807282366433466
HG00530	7300	3233	-0.00841947	-61.4621	HG00530	CHS	EAS	male	1.4613873779087034
HG00531	7300	3229	-0.008372	-61.1156	HG00531	CHS	EAS	female	1.7034649653129241
HG00533	7300	3246	-0.00855222	-62.4312	HG00533	CHS	EAS	male	0.7843386334543591
HG00534	7300	3210	-0.00823993	-60.1515	HG00534	CHS	EAS	female	2.3770205266878457
HG00536	7300	3254	-0.00826195	-60.3122	HG00536	CHS	EAS	male	2.264749622515095
HG00537	7300	3246	-0.00836778	-61.0848	HG00537	CHS	EAS	female	1.7249829730821877
HG00542	7300	3172	-0.00826159	-60.3096	HG00542	CHS	EAS	male	2.2665660777163925
HG00543	7300	3279	-0.00845826	-61.7453	HG00543	CHS	EAS	female	1.2635334882900147
HG00551	7300	3262	-0.00841575	-61.435	HG00551	PUR	AMR	female	1.4803204301991904
HG00553	7300	3200	-0.00817592	-59.6842	HG00553	PUR	AMR	male	2.7034934172910003
HG00554	7300	3178	-0.00832273	-60.7559	HG00554	PUR	AMR	female	1.9547645560468327
HG00556	7300	3252	-0.00845966	-61.7555	HG00556	CHS	EAS	male	1.2564073948079872
HG00557	7300	3231	-0.00834086	-60.8883	HG00557	CHS	EAS	female	1.8622650681036295
HG00559	7300	3249	-0.00819029	-59.7891	HG00559	CHS	EAS	male	2.6302064362846425
HG00560	7300	3242	-0.00837481	-61.1361	HG00560	CHS	EAS	female	1.6891429146872787
HG00565	7300	3233	-0.00813101	-59.3564	HG00565	CHS	EAS	male	2.932506499978166
HG00566	7300	3251	-0.00831793	-60.7209	HG00566	CHS	EAS	female	1.9792168376028123
HG00580	7300	3242	-0.00831279	-60.6834	HG00580	CHS	EAS	male	2.005415710698508
HG00581	7300	3235	-0.00836189	-61.0418	HG00581	CHS	EAS	female	1.7550243475652507
HG00583	7300	3210	-0.00830993	-60.6625	HG00583	CHS	EAS	male	2.020017215970507
HG00584	7300	3235	-0.00823064	-60.0837	HG00584	CHS	EAS	female	2.424388089244861
HG00589	7300	3221	-0.00830603	-60.634	HG00589	CHS	EAS	male	2.0399283595232363
HG00590	7300	3239	-0.00817544	-59.6807	HG00590	CHS	EAS	female	2.705938645446595
HG00592	7300	3219	-0.00830179	-60.6031	HG00592	CHS	EAS	male	2.0615162309540906
HG00593	7300	3248	-0.00864482	-63.1072	HG00593	CHS	EAS	female	0.31206028111596334
HG00595	7300	3193	-0.00830278	-60.6103	HG00595	CHS	EAS	male	2.056486047319714
HG00596	7300	3294	-0.00823997	-60.1518	HG00596	CHS	EAS	female	2.376810935703078
HG00598	7300	3217	-0.00819445	-59.8195	HG00598	CHS	EAS	male	2.608967883161732
HG00599	7300	3207	-0.00826656	-60.3459	HG00599	CHS	EAS	female	2.241205568559762
HG00607	7300	3231	-0.00790575	-57.712	HG00607	CHS	EAS	male	4.081344551139785
HG00608	7300	3226	-0.00829382	-60.5449	HG00608	CHS	EAS	female	2.102176881998609
HG00610	7300	3249	-0.00822203	-60.0208	HG00610	CHS	EAS	male	2.468332332384039
HG00611	7300	3285	-0.00813926	-59.4166	HG00611	CHS	EAS	female	2.8904485757018756
HG00613	7300	3233	-0.00836105	-61.0357	HG00613	CHS	EAS	male	1.759286030922153
HG00614	7300	3265	-0.00812515	-59.3136	HG00614	CHS	EAS	female	2.9624081471380523
HG00619	7300	3247	-0.00812741	-59.3301	HG00619	CHS	EAS	male	2.950880642975946
HG00620	7300	3278	-0.00795881	-58.0993	HG00620	CHS	EAS	female	3.81076258980745
HG00622	7300	3251	-0.00867041	-63.294	HG00622	CHS	EAS	male	0.18155496126860954
HG00623	7300	3226	-0.00833092	-60.8157	HG00623	CHS	EAS	female	1.912986086416896
HG00625	7300	3259	-0.00807132	-58.9206	HG00625	CHS	EAS	male	3.236972337180936
HG00626	7300	3203	-0.00816178	-59.581	HG00626	CHS	EAS	female	2.7755927160503484
HG00628	7300	3254	-0.00817449	-59.6738	HG00628	CHS	EAS	male	2.7107592380962044
HG00629	7300	3268	-0.00819626	-59.8327	HG00629	CHS	EAS	female	2.599745879832044
HG00631	7300	3251	-0.00816599	-59.6117	HG00631	CHS	EAS	male	2.7541445719426756
HG00632	7300	3231	-0.00822549	-60.0461	HG00632	CHS	EAS	female	2.4506568260021426
HG00634	7300	3268	-0.00820468	-59.8942	HG00634	CHS	EAS	male	2.556779727955108
HG00637	7300	3227	-0.00765912	-55.9116	HG00637	PUR	AMR	male	5.339169914379499
HG00638	7300	3204	-0.00842945	-61.535	HG00638	PUR	AMR	female	1.4104567686106746
HG00640	7300	3241	-0.00863237	-63.0163	HG00640	PUR	AMR	male	0.37556634949992634
HG00641	7300	3199	-0.00872775	-63.7126	HG00641	PUR	AMR	female	-0.11089432614093815
HG00650	7300	3251	-0.00833449	-60.8418	HG00650	CHS	EAS	male	1.8947516707422924
HG00651	7300	3212	-0.00858686	-62.6841	HG00651	CHS	EAS	female	0.6076534332969896
HG00653	7300	3275	-0.00837458	-61.1344	HG00653	CHS	EAS	male	1.6903305969342832
HG00654	7300	3254	-0.00830938	-60.6585	HG00654	CHS	EAS	female	2.0228117624340514
HG00656	7300	3195	-0.00832132	-60.7456	HG00656	CHS	EAS	male	1.9619605131904458
HG00657	7300	3238	-0.00829138	-60.5271	HG00657	CHS	EAS	female	2.114612613761366
HG00662	7300	3239	-0.00832553	-60.7764	HG00662	CHS	EAS	male	1.9404425054211822
HG00663	7300	3238	-0.00831242	-60.6807	HG00663	CHS	EAS	female	2.0073020295613966
HG00671	7300	3224	-0.00843227	-61.5556	HG00671	CHS	EAS	male	1.3960648543234382
HG00672	7300	3252	-0.00827181	-60.3842	HG00672	CHS	EAS	female	2.214447786171359
HG00674	7300	3212	-0.00832745	-60.7904	HG00674	CHS	EAS	male	1.9306615927987925
HG00675	7300	3255	-0.00819418	-59.8175	HG00675	CHS	EAS	female	2.6103651563934993
HG00683	7300	3229	-0.0082029	-59.8812	HG00683	CHS	EAS	male	2.5658620039616142
HG00684	7300	3232	-0.00841338	-61.4177	HG00684	CHS	EAS	female	1.4924068436540034
HG00689	7300	3282	-0.00779836	-56.928	HG00689	CHS	EAS	male	4.629075657993785
HG00690	7300	3183	-0.00823656	-60.1269	HG00690	CHS	EAS	female	2.394206987438621
HG00692	7300	3225	-0.0081671	-59.6198	HG00692	CHS	EAS	male	2.7484856153540065
HG00693	7300	3256	-0.00843701	-61.5902	HG00693	CHS	EAS	female	1.3718920274138071
HG00698	7300	3233	-0.00822974	-60.0771	HG00698	CHS	EAS	male	2.4289990909097026
HG00699	7300	3250	-0.0080707	-58.9161	HG00699	CHS	EAS	female	3.2401162019524192
HG00701	7300	3231	-0.00824382	-60.1799	HG00701	CHS	EAS	male	2.3571792467967025
HG00704	7300	3241	-0.00817426	-59.6721	HG00704	CHS	EAS	male	2.711946920343209
HG00705	7300	3224	-0.00820178	-59.873	HG00705	CHS	EAS	female	2.5715908242118743
HG00707	7300	3206	-0.00842133	-61.4757	HG00707	CHS	EAS	male	1.4518859199326621
HG00708	7300	3229	-0.00811516	-59.2407	HG00708	CHS	EAS	female	3.013338756436086
HG00717	7300	3202	-0.00828196	-60.4583	HG00717	CHS	EAS	female	2.162678812934265
HG00728	7300	3188	-0.00838516	-61.2117	HG00728	CHS	EAS	male	1.6363259865263566
HG00729	7300	3266	-0.00818537	-59.7532	HG00729	CHS	EAS	female	2.6552874907949198
HG00731	7300	3264	-0.00880155	-64.2513	HG00731	PUR	AMR	male	-0.4872498711182938
HG00732	7300	3253	-0.00820149	-59.8709	HG00732	PUR	AMR	female	2.573057961105232
HG00734	7300	3238	-0.00846703	-61.8093	HG00734	PUR	AMR	female	1.218820744873362
HG00736	7300	3246	-0.00852986	-62.268	HG00736	PUR	AMR	male	0.898356129166821
HG00737	7300	3307	-0.00837944	-61.1699	HG00737	PUR	AMR	female	1.6655289970703593
HG00739	7300	3319	-0.008425	-61.5025	HG00739	PUR	AMR	male	1.4331624586269427
HG00740	7300	3287	-0.00858232	-62.6509	HG00740	PUR	AMR	female	0.6308481689443788
HG00742	7300	3258	-0.00842895	-61.5313	HG00742	PUR	AMR	male	1.4130417240894462
HG00743	7300	3228	-0.0081717	-59.6534	HG00743	PUR	AMR	female	2.7250114250602637
HG00759	7300	3185	-0.00822855	-60.0684	HG00759	CDX	EAS	female	2.435077229467907
HG00766	7300	3226	-0.00827114	-60.3793	HG00766	CDX	EAS	female	2.217871105589196
HG00844	7300	3273	-0.00850766	-62.1059	HG00844	CDX	EAS	male	1.0116051246018134
HG00851	7300	3245	-0.008317	-60.7141	HG00851	CDX	EAS	female	1.9839675665908305
HG00864	7300	3238	-0.0086041	-62.8099	HG00864	CDX	EAS	female	0.5197649470186329
HG00867	7300	3220	-0.00834674	-60.9312	HG00867	CDX	EAS	female	1.8322935572821573
HG00879	7300	3212	-0.00816404	-59.5975	HG00879	CDX	EAS	female	2.7640652118882474
HG00881	7300	3280	-0.00819423	-59.8179	HG00881	CDX	EAS	male	2.610085701747146
HG00956	7300	3231	-0.00839486	-61.2825	HG00956	CDX	EAS	female	1.5868625141216857
HG00978	7300	3180	-0.00807168	-58.9233	HG00978	CDX	EAS	female	3.2350860183180474
HG00982	7300	3169	-0.00829508	-60.5541	HG00982	CDX	EAS	male	2.095749425132465
HG01028	7300	3274	-0.00843707	-61.5906	HG01028	CDX	EAS	male	1.3716125727674537
HG01029	7300	3285	-0.00839956	-61.3168	HG01029	CDX	EAS	female	1.562899278196822
HG01031	7300	3197	-0.00844122	-61.6209	HG01031	CDX	EAS	male	1.3504438833061343
HG01046	7300	3192	-0.00834701	-60.9332	HG01046	CDX	EAS	female	1.8308962840503853
HG01047	7300	3199	-0.00865486	-63.1805	HG01047	PUR	AMR	male	0.26085021717157597
HG01048	7300	3303	-0.00836141	-61.0383	HG01048	PUR	AMR	male	1.7574695757208507
HG01049	7300	3178	-0.00797086	-58.1873	HG01049	PUR	AMR	female	3.749282567609552
HG01051	7300	3164	-0.00762315	-55.649	HG01051	PUR	AMR	male	5.522631889710952
HG01052	7300	3269	-0.00834726	-60.935	HG01052	PUR	AMR	female	1.8296387381417898
HG01054	7300	3292	-0.00803293	-58.6404	HG01054	PUR	AMR	male	3.432730316951969
HG01055	7300	3272	-0.00867688	-63.3412	HG01055	PUR	AMR	female	0.1485793129988256
HG01058	7300	3185	-0.00846792	-61.8158	HG01058	PUR	AMR	female	1.2142796068701063
HG01060	7300	3226	-0.00818796	-59.7721	HG01060	PUR	AMR	male	2.642083258754688
HG01061	7300	3205	-0.00859367	-62.7338	HG01061	PUR	AMR	female	0.5729311934874942
HG01063	7300	3194	-0.008441	-61.6193	HG01063	PUR	AMR	male	1.351561701891548
HG01064	7300	3231	-0.00670334	-48.9344	HG01064	PUR	AMR	female	10.21369731073371
HG01066	7300	3220	-0.00874148	-63.8128	HG01066	PUR	AMR	male	-0.18089771505263574
HG01067	7300	3287	-0.00869655	-63.4848	HG01067	PUR	AMR	female	0.04825509495771153
HG01069	7300	3230	-0.00861707	-62.9046	HG01069	PUR	AMR	male	0.4536040594943024
HG01070	7300	3219	-0.00880667	-64.2887	HG01070	PUR	AMR	female	-0.5133788805524039
HG01072	7300	3270	-0.00834708	-60.9337	HG01072	PUR	AMR	male	1.830546965742441
HG01073	7300	3268	-0.00848326	-61.9278	HG01073	PUR	AMR	female	1.1360323058909676
HG01075	7300	3263	-0.00850405	-62.0796	HG01075	PUR	AMR	male	1.0299792675995934
HG01077	7300	3269	-0.00872938	-63.7245	HG01077	PUR	AMR	female	-0.11920810186997002
HG01079	7300	3234	-0.00828122	-60.4529	HG01079	PUR	AMR	male	2.166451450660046
HG01080	7300	3232	-0.00858584	-62.6766	HG01080	PUR	AMR	female	0.6128932079161288
HG01082	7300	3282	-0.00846238	-61.7754	HG01082	PUR	AMR	male	1.242504526151872
HG01083	7300	3167	-0.00824036	-60.1546	HG01083	PUR	AMR	female	2.374854753178599
HG01085	7300	3260	-0.00802073	-58.5513	HG01085	PUR	AMR	male	3.4949788394273416
HG01086	7300	3266	-0.00832782	-60.7931	HG01086	PUR	AMR	female	1.9287752739358994
HG01088	7300	3225	-0.00819225	-59.8034	HG01088	PUR	AMR	male	2.62021593267748
HG01089	7300	3187	-0.00836892	-61.0931	HG01089	PUR	AMR	female	1.7191842891703417
HG01092	7300	3236	-0.00785616	-57.35	HG01092	PUR	AMR	female	4.334251006090228
HG01094	7300	3253	-0.00851804	-62.1817	HG01094	PUR	AMR	male	0.9586484691177145
HG01095	7300	3234	-0.00844796	-61.6701	HG01095	PUR	AMR	female	1.3160709618045832
HG01097	7300	3209	-0.0084374	-61.593	HG01097	PUR	AMR	male	1.3699358448893282
HG01098	7300	3283	-0.00799136	-58.3369	HG01098	PUR	AMR	female	3.6447665298731264
HG01101	7300	3191	-0.00869555	-63.4775	HG01101	PUR	AMR	male	0.053355142253674014
HG01102	7300	3193	-0.00843997	-61.6118	HG01102	PUR	AMR	female	1.3568014765106873
HG01104	7300	3205	-0.0087537	-63.902	HG01104	PUR	AMR	male	-0.2432161011895942
HG01105	7300	3208	-0.0088396	-64.5291	HG01105	PUR	AMR	female	-0.6813311230112015
HG01107	7300	3243	-0.00729204	-53.2319	HG01107	PUR	AMR	male	7.211306453967064
HG01108	7300	3116	-0.00635734	-46.4086	HG01108	PUR	AMR	female	11.978313675136544
HG01110	7300	3225	-0.00818927	-59.7817	HG01110	PUR	AMR	male	2.635376347242191
HG01111	7300	3268	-0.00868929	-63.4318	HG01111	PUR	AMR	female	0.08528283559962517
HG01112	7300	3268	-0.00907174	-66.2237	HG01112	CLM	AMR	male	-1.8652407322902553
HG01113	7300	3290	-0.00875192	-63.889	HG01113	CLM	AMR	female	-0.23413382518308792
HG01119	7300	3253	-0.0085574	-62.469	HG01119	CLM	AMR	female	0.7579301693738956
HG01121	7300	3232	-0.00864167	-63.0842	HG01121	CLM	AMR	male	0.3281289232813202
HG01122	7300	3239	-0.00873504	-63.7658	HG01122	CLM	AMR	female	-0.14806179410602852
HG01124	7300	3261	-0.00828699	-60.495	HG01124	CLM	AMR	male	2.137038849131281
HG01125	7300	3226	-0.00870866	-63.5732	HG01125	CLM	AMR	female	-0.013504381886540066
HG01130	7300	3304	-0.00820366	-59.8867	HG01130	CLM	AMR	male	2.562019502574247
HG01131	7300	3231	-0.00879152	-64.1781	HG01131	CLM	AMR	female	-0.4361096708354973
HG01133	7300	3242	-0.00860619	-62.8252	HG01133	CLM	AMR	male	0.509075806795587
HG01134	7300	3213	-0.0083249	-60.7718	HG01134	CLM	AMR	female	1.9436562338542567
HG01136	7300	3249	-0.00865262	-63.1641	HG01136	CLM	AMR	male	0.27230785767209637
HG01137	7300	3312	-0.00899155	-65.6383	HG01137	CLM	AMR	female	-1.4562588573510649
HG01139	7300	3224	-0.00783414	-57.1892	HG01139	CLM	AMR	male	4.4465917739245695
HG01140	7300	3291	-0.00857675	-62.6103	HG01140	CLM	AMR	female	0.6592128155493162
HG01142	7300	3191	-0.0081126	-59.222	HG01142	CLM	AMR	male	3.026403261153136
HG01148	7300	3229	-0.00864996	-63.1447	HG01148	CLM	AMR	male	0.2858614080202674
HG01149	7300	3272	-0.00832566	-60.7773	HG01149	CLM	AMR	female	1.9398137324668896
HG01161	7300	3198	-0.00848529	-61.9426	HG01161	PUR	AMR	male	1.125692483975866
HG01162	7300	3203	-0.00828037	-60.4467	HG01162	PUR	AMR	female	2.170782997678534
HG01164	7300	3255	-0.00885445	-64.6375	HG01164	PUR	AMR	male	-0.7570633321731592
HG01167	7300	3146	-0.00709337	-51.7816	HG01167	PUR	AMR	male	8.224539137985373
HG01168	7300	3309	-0.00855358	-62.4411	HG01168	PUR	AMR	female	0.7774221309570943
HG01170	7300	3295	-0.00846316	-61.7811	HG01170	PUR	AMR	male	1.2385222974413232
HG01171	7300	3281	-0.00827423	-60.4019	HG01171	PUR	AMR	female	2.2020819180701925
HG01173	7300	3282	-0.00889721	-64.9496	HG01173	PUR	AMR	male	-0.9751078199909304
HG01174	7300	3199	-0.0081491	-59.4884	HG01174	PUR	AMR	female	2.840286466681321
HG01176	7300	3237	-0.00845218	-61.7009	HG01176	PUR	AMR	male	1.2945529540353196
HG01177	7300	3244	-0.00846405	-61.7876	HG01177	PUR	AMR	female	1.2339811594380725
HG01182	7300	3199	-0.00869468	-63.4712	HG01182	PUR	AMR	male	0.05775655293374795
HG01183	7300	3222	-0.008626	-62.9698	HG01183	PUR	AMR	female	0.40805295213858933
HG01187	7300	3276	-0.00772695	-56.4067	HG01187	PUR	AMR	male	4.993274925854736
HG01188	7300	3203	-0.00851422	-62.1538	HG01188	PUR	AMR	female	0.9781404307009133
HG01190	7300	3222	-0.00827936	-60.4393	HG01190	PUR	AMR	male	2.1759529086360825
HG01191	7300	3208	-0.00842859	-61.5287	HG01191	PUR	AMR	female	1.4148581792907484
HG01197	7300	3249	-0.00858242	-62.6517	HG01197	PUR	AMR	male	0.6302892596516719
HG01198	7300	3240	-0.00803462	-58.6527	HG01198	PUR	AMR	female	3.424137086576579
HG01200	7300	3232	-0.00835092	-60.9617	HG01200	PUR	AMR	male	1.8109851404976562
HG01204	7300	3272	-0.00790077	-57.6756	HG01204	PUR	AMR	male	4.106774923958007
HG01205	7300	3301	-0.00843804	-61.5977	HG01205	PUR	AMR	female	1.3666522527946678
HG01241	7300	3120	-0.00730684	-53.3399	HG01241	PUR	AMR	male	7.135853699451465
HG01242	7300	3177	-0.00645934	-47.1532	HG01242	PUR	AMR	female	11.458108850948426
HG01247	7300	3199	-0.00840441	-61.3522	HG01247	PUR	AMR	male	1.538167541994484
HG01248	7300	3238	-0.00810799	-59.1883	HG01248	PUR	AMR	female	3.0499473151084695
HG01250	7300	3193	-0.00824066	-60.1568	HG01250	CLM	AMR	male	2.3733177526236555
HG01251	7300	3312	-0.00869536	-63.4761	HG01251	CLM	AMR	female	0.05433323351591101
HG01253	7300	3215	-0.00860755	-62.8351	HG01253	CLM	AMR	male	0.5021593042983272
HG01254	7300	3274	-0.00846752	-61.8129	HG01254	CLM	AMR	female	1.216305653056176
HG01256	7300	3304	-0.00903652	-65.9666	HG01256	CLM	AMR	male	-1.6856212583461747
HG01257	7300	3274	-0.00896947	-65.4771	HG01257	CLM	AMR	female	-1.3436386348703653
HG01259	7300	3301	-0.00852315	-62.219	HG01259	CLM	AMR	male	0.9325893233451953
HG01260	7300	3257	-0.00823011	-60.0798	HG01260	CLM	AMR	female	2.427112772046814
HG01269	7300	3259	-0.00841695	-61.4437	HG01269	CLM	AMR	female	1.474242291640991
HG01271	7300	3274	-0.00825605	-60.2692	HG01271	CLM	AMR	male	2.294790996998158
HG01272	7300	3242	-0.00868979	-63.4355	HG01272	CLM	AMR	female	0.08269788012085347
HG01275	7300	3266	-0.00832659	-60.7841	HG01275	CLM	AMR	female	1.9350630034788663
HG01277	7300	3261	-0.00858816	-62.6936	HG01277	CLM	AMR	male	0.6010163854460783
HG01280	7300	3200	-0.00852456	-62.2293	HG01280	CLM	AMR	male	0.9253933662015772
HG01281	7300	3227	-0.00870701	-63.5612	HG01281	CLM	AMR	female	-0.005120742495917363
HG01284	7300	3219	-0.00838934	-61.2422	HG01284	CLM	AMR	female	1.6150175697418605
HG01286	7300	3247	-0.00816342	-59.593	HG01286	PUR	AMR	male	2.767209076659726
HG01302	7300	3253	-0.00858345	-62.6592	HG01302	PUR	AMR	male	0.6250494850325327
HG01303	7300	3219	-0.00846022	-61.7596	HG01303	PUR	AMR	female	1.2535429846828572
HG01305	7300	3219	-0.00795474	-58.0696	HG01305	PUR	AMR	male	3.8315120972992394
HG01308	7300	3208	-0.00849826	-62.0373	HG01308	PUR	AMR	male	1.0595315964515355
HG01311	7300	3241	-0.0086954	-63.4764	HG01311	PUR	AMR	male	0.054123642531148417
HG01312	7300	3275	-0.00857232	-62.5779	HG01312	PUR	AMR	female	0.6818486419039985
HG01323	7300	3233	-0.00771186	-56.2966	HG01323	PUR	AMR	female	5.070194817263699
HG01325	7300	3270	-0.00867685	-63.341	HG01325	PUR	AMR	male	0.1487190403220023
HG01326	7300	3240	-0.00859381	-62.7348	HG01326	PUR	AMR	female	0.5722325568716107
HG01334	7300	3281	-0.00868568	-63.4055	HG01334	GBR	EUR	male	0.10365697859740527
HG01341	7300	3226	-0.00848211	-61.9194	HG01341	CLM	AMR	male	1.1419008534643995
HG01342	7300	3246	-0.00811088	-59.2094	HG01342	CLM	AMR	female	3.035206082513289
HG01344	7300	3253	-0.00847678	-61.8805	HG01344	CLM	AMR	male	1.1690778178223376
HG01345	7300	3291	-0.00848855	-61.9664	HG01345	CLM	AMR	female	1.1090649325177973
HG01348	7300	3183	-0.00836234	-61.0451	HG01348	CLM	AMR	female	1.7527188467328325
HG01350	7300	3242	-0.00824179	-60.1651	HG01350	CLM	AMR	male	2.3675190687118044
HG01351	7300	3267	-0.00878897	-64.1595	HG01351	CLM	AMR	female	-0.42311502978002813
HG01353	7300	3239	-0.00858856	-62.6965	HG01353	CLM	AMR	male	0.5989903392600134
HG01354	7300	3279	-0.00865816	-63.2046	HG01354	CLM	AMR	female	0.24401307472874473
HG01356	7300	3239	-0.00862721	-62.9786	HG01356	CLM	AMR	male	0.401904949918799
HG01357	7300	3216	-0.00890195	-64.9842	HG01357	CLM	AMR	female	-0.9992806469005566
HG01359	7300	3225	-0.00851175	-62.1358	HG01359	CLM	AMR	male	0.9907158897868424
HG01360	7300	3214	-0.00850892	-62.1151	HG01360	CLM	AMR	female	1.0051776677356696
HG01362	7300	3273	-0.0086989	-63.502	HG01362	CLM	AMR	male	0.03623854516448433
HG01363	7300	3239	-0.00850316	-62.0731	HG01363	CLM	AMR	female	1.034520405602849
HG01365	7300	3264	-0.00801067	-58.4779	HG01365	CLM	AMR	male	3.5462587670333146
HG01366	7300	3254	-0.00816722	-59.6207	HG01366	CLM	AMR	female	2.7478568423997087
HG01369	7300	3198	-0.00813421	-59.3797	HG01369	CLM	AMR	female	2.9162282668280413
HG01372	7300	3199	-0.00896997	-65.4808	HG01372	CLM	AMR	female	-1.3462235903491468
HG01374	7300	3300	-0.00855156	-62.4264	HG01374	CLM	AMR	male	0.7876920892106052
HG01375	7300	3142	-0.00849548	-62.017	HG01375	CLM	AMR	female	1.0737139197540042
HG01377	7300	3234	-0.00839523	-61.2852	HG01377	CLM	AMR	male	1.5849761952587926
HG01378	7300	3281	-0.00871055	-63.587	HG01378	CLM	AMR	female	-0.02314556718575816
HG01383	7300	3218	-0.00876248	-63.9661	HG01383	CLM	AMR	male	-0.28799870826783286
HG01384	7300	3246	-0.00857885	-62.6256	HG01384	CLM	AMR	female	0.6485236753262753
HG01389	7300	3243	-0.00841066	-61.3978	HG01389	CLM	AMR	male	1.506309712310124
HG01390	7300	3168	-0.00843651	-61.5865	HG01390	CLM	AMR	female	1.3744769828925838
HG01392	7300	3257	-0.00849379	-62.0047	HG01392	PUR	AMR	male	1.0823071501293944
HG01393	7300	3285	-0.00843186	-61.5526	HG01393	PUR	AMR	female	1.3981607641710938
HG01395	7300	3257	-0.0082609	-60.3046	HG01395	PUR	AMR	male	2.2700592607958203
HG01396	7300	3190	-0.00837434	-61.1327	HG01396	PUR	AMR	female	1.6915182791812877
HG01398	7300	3164	-0.00788082	-57.53	HG01398	PUR	AMR	male	4.208496415230893
HG01402	7300	3200	-0.00771853	-56.3453	HG01402	PUR	AMR	male	5.036171214070087
HG01403	7300	3233	-0.00813186	-59.3626	HG01403	PUR	AMR	female	2.9281749529596777
HG01405	7300	3250	-0.0086399	-63.0713	HG01405	PUR	AMR	male	0.3371413356262406
HG01412	7300	3244	-0.00813038	-59.3518	HG01412	PUR	AMR	male	2.93572022841124
HG01413	7300	3258	-0.00882859	-64.4487	HG01413	PUR	AMR	male	-0.6251607390940334
HG01414	7300	3280	-0.0081974	-59.841	HG01414	PUR	AMR	female	2.5939471959201983
HG01431	7300	3269	-0.00851397	-62.152	HG01431	CLM	AMR	male	0.9793979766095038
HG01432	7300	3264	-0.00856584	-62.5306	HG01432	CLM	AMR	female	0.7148941538353684
HG01435	7300	3220	-0.00840045	-61.3233	HG01435	CLM	AMR	female	1.5583581401935664
HG01437	7300	3222	-0.00835778	-61.0118	HG01437	CLM	AMR	male	1.7759834460418076
HG01438	7300	3261	-0.00888504	-64.8608	HG01438	CLM	AMR	female	-0.9130688885003204
HG01440	7300	3197	-0.00862345	-62.9512	HG01440	CLM	AMR	male	0.42104759319405355
HG01441	7300	3266	-0.00815789	-59.5526	HG01441	CLM	AMR	female	2.7954339959414916
HG01443	7300	3268	-0.00824166	-60.1641	HG01443	CLM	AMR	male	2.3682177053276927
HG01444	7300	3250	-0.00863653	-63.0467	HG01444	CLM	AMR	female	0.35432779637701617
HG01447	7300	3251	-0.00857521	-62.599	HG01447	CLM	AMR	female	0.667107409308823
HG01455	7300	3233	-0.00868518	-63.4018	HG01455	CLM	AMR	male	0.10624193407618193
HG01456	7300	3201	-0.0086021	-62.7953	HG01456	CLM	AMR	female	0.5299650416105578
HG01459	7300	3273	-0.00855322	-62.4385	HG01459	CLM	AMR	female	0.7792385861583966
HG01461	7300	3179	-0.00833742	-60.8632	HG01461	CLM	AMR	male	1.8798008471623493
HG01462	7300	3247	-0.00832581	-60.7784	HG01462	CLM	AMR	female	1.9390452321894152
HG01464	7300	3264	-0.0085264	-62.2427	HG01464	CLM	AMR	male	0.9160316355487175
HG01465	7300	3268	-0.00850623	-62.0955	HG01465	CLM	AMR	female	1.0188709454070173
HG01468	7300	3299	-0.00876305	-63.9703	HG01468	CLM	AMR	female	-0.29093298205455376
HG01474	7300	3231	-0.00863447	-63.0316	HG01474	CLM	AMR	female	0.3648772092768854
HG01479	7300	3268	-0.00846492	-61.7939	HG01479	CLM	AMR	male	1.2295797487579936
HG01485	7300	3202	-0.00813427	-59.3802	HG01485	CLM	AMR	male	2.9158789485200973
HG01486	7300	3189	-0.00876996	-64.0207	HG01486	CLM	AMR	female	-0.3261442674951701
HG01488	7300	3253	-0.00866874	-63.2818	HG01488	CLM	AMR	male	0.19007832798240895
HG01489	7300	3196	-0.00888059	-64.8283	HG01489	CLM	AMR	female	-0.8903631984840522
HG01491	7300	3214	-0.00896949	-65.4773	HG01491	CLM	AMR	male	-1.3437783621935468
HG01492	7300	3260	-0.00879389	-64.1954	HG01492	CLM	AMR	female	-0.4481960842903153
HG01494	7300	3227	-0.00858295	-62.6555	HG01494	CLM	AMR	male	0.6276344405113043
HG01495	7300	3254	-0.00855047	-62.4184	HG01495	CLM	AMR	female	0.7932811821376886
HG01497	7300	3241	-0.00882452	-64.419	HG01497	CLM	AMR	male	-0.6044112316022392
HG01498	7300	3217	-0.00852653	-62.2437	HG01498	CLM	AMR	female	0.9153329989328339
HG01500	7300	3161	-0.00840811	-61.3792	HG01500	IBS	EUR	male	1.519304353365588
HG01501	7300	3276	-0.0087966	-64.2152	HG01501	IBS	EUR	female	-0.4620290892848349
HG01503	7300	3217	-0.00850721	-62.1026	HG01503	IBS	EUR	male	1.0139106254342316
HG01504	7300	3276	-0.00844653	-61.6597	HG01504	IBS	EUR	female	1.3233367826097873
HG01506	7300	3258	-0.00842018	-61.4673	HG01506	IBS	EUR	male	1.457754467506099
HG01507	7300	3261	-0.00829492	-60.5529	HG01507	IBS	EUR	female	2.096587789071525
HG01509	7300	3275	-0.00844862	-61.6749	HG01509	IBS	EUR	male	1.3127175060483323
HG01510	7300	3208	-0.00849953	-62.0466	HG01510	IBS	EUR	female	1.0530342759238058
HG01512	7300	3297	-0.00860434	-62.8117	HG01512	IBS	EUR	male	0.5185074011100375
HG01513	7300	3219	-0.00886553	-64.7184	HG01513	IBS	EUR	female	-0.8135830343982716
HG01515	7300	3230	-0.00915004	-66.7953	HG01515	IBS	EUR	male	-2.2645814219302376
HG01516	7300	3249	-0.00911634	-66.5493	HG01516	IBS	EUR	female	-2.092716814422482
HG01518	7300	3249	-0.00892548	-65.156	HG01518	IBS	EUR	male	-1.119306417509637
HG01519	7300	3290	-0.00873664	-63.7775	HG01519	IBS	EUR	female	-0.15623584251188863
HG01521	7300	3270	-0.00884104	-64.5396	HG01521	IBS	EUR	male	-0.6886668074779914
HG01522	7300	3277	-0.00849603	-62.021	HG01522	IBS	EUR	female	1.070919373290465
HG01524	7300	3272	-0.00874423	-63.8329	HG01524	IBS	EUR	male	-0.19494031103192777
HG01525	7300	3247	-0.00858577	-62.6761	HG01525	IBS	EUR	female	0.613242526224073
HG01527	7300	3326	-0.00850997	-62.1228	HG01527	IBS	EUR	male	0.9997981657933537
HG01528	7300	3263	-0.0084257	-61.5076	HG01528	IBS	EUR	female	1.429599411885929
HG01530	7300	3209	-0.00835344	-60.9801	HG01530	IBS	EUR	male	1.798130226765369
HG01531	7300	3227	-0.00876775	-64.0046	HG01531	IBS	EUR	female	-0.31489621797941236
HG01536	7300	3203	-0.00839052	-61.2508	HG01536	IBS	EUR	male	1.609009294845247
HG01537	7300	3342	-0.00844359	-61.6382	HG01537	IBS	EUR	female	1.3383574698513212
HG01550	7300	3289	-0.00834236	-60.8992	HG01550	CLM	AMR	male	1.8546499289904812
HG01551	7300	3191	-0.00838419	-61.2046	HG01551	CLM	AMR	female	1.6412863064991423
HG01556	7300	3235	-0.00831377	-60.6905	HG01556	CLM	AMR	male	2.0004553907257225
HG01565	7300	3269	-0.00847682	-61.8808	HG01565	PEL	AMR	male	1.1688682268375699
HG01566	7300	3295	-0.00847552	-61.8713	HG01566	PEL	AMR	female	1.175505274688481
HG01571	7300	3279	-0.0085283	-62.2566	HG01571	PEL	AMR	male	0.9063205865879135
HG01572	7300	3310	-0.00839088	-61.2534	HG01572	PEL	AMR	female	1.6071928396439448
HG01577	7300	3181	-0.00828415	-60.4743	HG01577	PEL	AMR	male	2.151500627080103
HG01578	7300	3226	-0.00835415	-60.9853	HG01578	PEL	AMR	female	1.7944973163627644
HG01583	7300	3193	-0.00842737	-61.5198	HG01583	PJL	SAS	male	1.4210760451721296
HG01586	7300	3244	-0.00882166	-64.3981	HG01586	PJL	SAS	male	-0.5898097263302402
HG01589	7300	3255	-0.00863899	-63.0646	HG01589	PJL	SAS	male	0.34182220095267296
HG01593	7300	3303	-0.00833807	-60.8679	HG01593	PJL	SAS	female	1.8765172550676892
HG01595	7300	3206	-0.00811332	-59.2272	HG01595	KHV	EAS	female	3.0227703507505317
HG01596	7300	3212	-0.00822729	-60.0592	HG01596	KHV	EAS	male	2.4415046863340506
HG01597	7300	3208	-0.00797719	-58.2335	HG01597	KHV	EAS	female	3.7170055559556565
HG01598	7300	3241	-0.0081567	-59.5439	HG01598	KHV	EAS	female	2.801512134499691
HG01599	7300	3208	-0.00835319	-60.9783	HG01599	KHV	EAS	female	1.7993877726739642
HG01600	7300	3233	-0.0084561	-61.7295	HG01600	KHV	EAS	female	1.274571946821
HG01602	7300	3267	-0.00861859	-62.9157	HG01602	IBS	EUR	female	0.4458491930579774
HG01603	7300	3225	-0.0086517	-63.1574	HG01603	IBS	EUR	male	0.27698872299852373
HG01605	7300	3264	-0.00881881	-64.3773	HG01605	IBS	EUR	female	-0.5752780847198322
HG01606	7300	3278	-0.00884477	-64.5668	HG01606	IBS	EUR	male	-0.7076697234300742
HG01607	7300	3190	-0.00880047	-64.2434	HG01607	IBS	EUR	female	-0.48173064185279624
HG01608	7300	3216	-0.00837664	-61.1495	HG01608	IBS	EUR	male	1.679781184034414
HG01610	7300	3288	-0.00865499	-63.1814	HG01610	IBS	EUR	male	0.26022144421728327
HG01612	7300	3255	-0.00873175	-63.7418	HG01612	IBS	EUR	female	-0.1312945153247831
HG01613	7300	3268	-0.00879044	-64.1702	HG01613	IBS	EUR	female	-0.4305904415699997
HG01615	7300	3291	-0.00858138	-62.6441	HG01615	IBS	EUR	male	0.635598897932397
HG01617	7300	3282	-0.00848514	-61.9415	HG01617	IBS	EUR	male	1.1264609842533404
HG01618	7300	3248	-0.00869675	-63.4863	HG01618	IBS	EUR	female	0.047207140033883696
HG01619	7300	3257	-0.00887026	-64.7529	HG01619	IBS	EUR	male	-0.8376859976463069
HG01620	7300	3252	-0.00866745	-63.2724	HG01620	IBS	EUR	female	0.19664551217172943
HG01623	7300	3260	-0.00871844	-63.6446	HG01623	IBS	EUR	female	-0.06338703626074119
HG01624	7300	3217	-0.00873295	-63.7505	HG01624	IBS	EUR	male	-0.13737265388298753
HG01625	7300	3284	-0.00858956	-62.7038	HG01625	IBS	EUR	male	0.593890291964051
HG01626	7300	3209	-0.00879396	-64.1959	HG01626	IBS	EUR	female	-0.44854540259824965
HG01628	7300	3218	-0.00838171	-61.1865	HG01628	IBS	EUR	female	1.6539316292466624
HG01630	7300	3218	-0.00875255	-63.8936	HG01630	IBS	EUR	male	-0.2373475536161573
HG01631	7300	3238	-0.00880822	-64.3	HG01631	IBS	EUR	male	-0.5212734743119006
HG01632	7300	3320	-0.00894932	-65.33	HG01632	IBS	EUR	female	-1.2408691886736563
HG01668	7300	3232	-0.00863812	-63.0583	HG01668	IBS	EUR	female	0.3462236116327469
HG01669	7300	3252	-0.00854074	-62.3474	HG01669	IBS	EUR	male	0.8428843818655364
HG01670	7300	3251	-0.00887456	-64.7843	HG01670	IBS	EUR	female	-0.8596231873851057
HG01672	7300	3299	-0.00871462	-63.6167	HG01672	IBS	EUR	male	-0.043895074677547365
HG01673	7300	3212	-0.00836423	-61.0589	HG01673	IBS	EUR	female	1.7430776614336143
HG01675	7300	3267	-0.00863534	-63.038	HG01675	IBS	EUR	male	0.3604059349352206
HG01676	7300	3218	-0.00871599	-63.6267	HG01676	IBS	EUR	female	-0.050881440836397965
HG01678	7300	3279	-0.00873207	-63.7441	HG01678	IBS	EUR	male	-0.13290137954132275
HG01679	7300	3248	-0.00875786	-63.9324	HG01679	IBS	EUR	female	-0.26445465431250437
HG01680	7300	3256	-0.00845703	-61.7363	HG01680	IBS	EUR	male	1.2698212178329817
HG01682	7300	3227	-0.00857358	-62.5871	HG01682	IBS	EUR	male	0.6754211850378548
HG01684	7300	3327	-0.00852174	-62.2087	HG01684	IBS	EUR	female	0.9397852804888135
HG01685	7300	3251	-0.00859859	-62.7697	HG01685	IBS	EUR	female	0.5478501389772169
HG01686	7300	3254	-0.00876614	-63.9928	HG01686	IBS	EUR	male	-0.30665230591197135
HG01694	7300	3269	-0.00846503	-61.7947	HG01694	IBS	EUR	male	1.2290208394652868
HG01695	7300	3269	-0.0085931	-62.7296	HG01695	IBS	EUR	female	0.5758654672742152
HG01697	7300	3300	-0.00869556	-63.4776	HG01697	IBS	EUR	female	0.05328527859208317
HG01699	7300	3219	-0.0086634	-63.2428	HG01699	IBS	EUR	male	0.21732515600192778
HG01700	7300	3282	-0.00879396	-64.1959	HG01700	IBS	EUR	male	-0.44854540259824965
HG01702	7300	3201	-0.00877474	-64.0556	HG01702	IBS	EUR	female	-0.35052668538955883
HG01704	7300	3303	-0.00858738	-62.6879	HG01704	IBS	EUR	female	0.604998614156627
HG01705	7300	3214	-0.00860527	-62.8185	HG01705	IBS	EUR	male	0.5137566721220193
HG01707	7300	3260	-0.00889262	-64.9161	HG01707	IBS	EUR	female	-0.9517034933587737
HG01708	7300	3266	-0.00867042	-63.2941	HG01708	IBS	EUR	male	0.1814850976070187
HG01709	7300	3270	-0.00879681	-64.2167	HG01709	IBS	EUR	male	-0.4630770442086677
HG01710	7300	3302	-0.00878074	-64.0994	HG01710	IBS	EUR	female	-0.38112696916533373
HG01746	7300	3283	-0.00879762	-64.2226	HG01746	IBS	EUR	female	-0.4671990002423882
HG01747	7300	3268	-0.00897615	-65.5259	HG01747	IBS	EUR	male	-1.377732101725563
HG01756	7300	3254	-0.00888055	-64.828	HG01756	IBS	EUR	male	-0.8901536074992896
HG01757	7300	3268	-0.00895878	-65.3991	HG01757	IBS	EUR	female	-1.2891449788313276
HG01761	7300	3278	-0.00858818	-62.6937	HG01761	IBS	EUR	male	0.6009465217844924
HG01762	7300	3241	-0.00879716	-64.2193	HG01762	IBS	EUR	female	-0.46489349940996993
HG01765	7300	3224	-0.00890179	-64.9831	HG01765	IBS	EUR	male	-0.9985121466230772
HG01766	7300	3243	-0.00888453	-64.8571	HG01766	IBS	EUR	female	-0.9104839330215487
HG01767	7300	3258	-0.00887936	-64.8193	HG01767	IBS	EUR	male	-0.8840754689410852
HG01768	7300	3236	-0.00832315	-60.759	HG01768	IBS	EUR	female	1.9525987825375861
HG01770	7300	3290	-0.00870558	-63.5507	HG01770	IBS	EUR	female	0.002214941970877503
HG01771	7300	3259	-0.00899559	-65.6678	HG01771	IBS	EUR	male	-1.4768686375196773
HG01773	7300	3339	-0.00857019	-62.5624	HG01773	IBS	EUR	female	0.6926775094502212
HG01775	7300	3188	-0.0088634	-64.7028	HG01775	IBS	EUR	male	-0.8026843031904581
HG01776	7300	3236	-0.00847364	-61.8576	HG01776	IBS	EUR	female	1.1850765963261085
HG01777	7300	3239	-0.00897336	-65.5055	HG01777	IBS	EUR	male	-1.3634799147615082
HG01779	7300	3272	-0.00838742	-61.2282	HG01779	IBS	EUR	female	1.6247984823642505
HG01781	7300	3220	-0.00860085	-62.7862	HG01781	IBS	EUR	male	0.5363226348151108
HG01783	7300	3324	-0.00880651	-64.2875	HG01783	IBS	EUR	male	-0.5125405166133337
HG01784	7300	3255	-0.00842979	-61.5375	HG01784	IBS	EUR	female	1.4087101770709582
HG01785	7300	3275	-0.00890684	-65.0199	HG01785	IBS	EUR	male	-1.0242219740876621
HG01786	7300	3259	-0.00863745	-63.0534	HG01786	IBS	EUR	female	0.3496469310505838
HG01789	7300	3264	-0.0086249	-62.9618	HG01789	GBR	EUR	male	0.4136420450656728
HG01790	7300	3221	-0.00852616	-62.241	HG01790	GBR	EUR	female	0.917219317795722
HG01791	7300	3232	-0.00853382	-62.2969	HG01791	GBR	EUR	male	0.8781655309677385
HG01794	7300	3257	-0.00814547	-59.4619	HG01794	CDX	EAS	female	2.8588003370022776
HG01795	7300	3266	-0.00835029	-60.9571	HG01795	CDX	EAS	female	1.8141988689307307
HG01796	7300	3197	-0.00858021	-62.6355	HG01796	CDX	EAS	female	0.6416071728290106
HG01797	7300	3306	-0.00827442	-60.4033	HG01797	CDX	EAS	female	2.201103826807951
HG01798	7300	3198	-0.00843992	-61.6114	HG01798	CDX	EAS	female	1.3570809311570406
HG01799	7300	3204	-0.00840378	-61.3476	HG01799	CDX	EAS	female	1.5413812704275585
HG01800	7300	3239	-0.00819532	-59.8258	HG01800	CDX	EAS	female	2.6045664724816535
HG01801	7300	3241	-0.00827414	-60.4012	HG01801	CDX	EAS	female	2.2025709637013087
HG01802	7300	3216	-0.008315	-60.6995	HG01802	CDX	EAS	female	1.9941676611827555
HG01804	7300	3219	-0.00820193	-59.8741	HG01804	CDX	EAS	female	2.5708223239344
HG01805	7300	3252	-0.00813401	-59.3783	HG01805	CDX	EAS	female	2.9172063580902785
HG01806	7300	3217	-0.0083516	-60.9667	HG01806	CDX	EAS	female	1.8074919574182287
HG01807	7300	3255	-0.00842462	-61.4997	HG01807	CDX	EAS	female	1.4351186411514216
HG01808	7300	3254	-0.00813555	-59.3895	HG01808	CDX	EAS	female	2.9093816279923677
HG01809	7300	3237	-0.0077301	-56.4297	HG01809	CDX	EAS	female	4.97720628368938
HG01810	7300	3253	-0.00823486	-60.1145	HG01810	CDX	EAS	male	2.4028700814755974
HG01811	7300	3232	-0.00826216	-60.3138	HG01811	CDX	EAS	male	2.2636318039296768
HG01812	7300	3238	-0.00837082	-61.107	HG01812	CDX	EAS	female	1.7094732402095376
HG01813	7300	3227	-0.00806959	-58.908	HG01813	CDX	EAS	female	3.245775158541089
HG01815	7300	3251	-0.00842171	-61.4785	HG01815	CDX	EAS	female	1.449929737408188
HG01816	7300	3312	-0.00864033	-63.0744	HG01816	CDX	EAS	male	0.3349755621169991
HG01817	7300	3225	-0.00847033	-61.8334	HG01817	CDX	EAS	female	1.2019836024305306
HG01840	7300	3218	-0.00808448	-59.0167	HG01840	KHV	EAS	male	3.169833358394368
HG01841	7300	3266	-0.00837971	-61.1719	HG01841	KHV	EAS	female	1.6641317238385873
HG01842	7300	3239	-0.00839997	-61.3198	HG01842	KHV	EAS	male	1.5608033683491664
HG01843	7300	3224	-0.00842541	-61.5055	HG01843	KHV	EAS	female	1.431066548779287
HG01844	7300	3233	-0.00816075	-59.5735	HG01844	KHV	EAS	male	2.780832490669488
HG01845	7300	3244	-0.00808516	-59.0217	HG01845	KHV	EAS	female	3.1663401753149403
HG01846	7300	3259	-0.00843684	-61.5889	HG01846	KHV	EAS	male	1.3728002550144582
HG01847	7300	3281	-0.00838078	-61.1797	HG01847	KHV	EAS	female	1.6586823582346855
HG01848	7300	3236	-0.00848156	-61.9154	HG01848	KHV	EAS	female	1.1446953999279437
HG01849	7300	3220	-0.00844508	-61.6491	HG01849	KHV	EAS	male	1.330742330738173
HG01850	7300	3238	-0.0082144	-59.9651	HG01850	KHV	EAS	female	2.507246391888846
HG01851	7300	3266	-0.00837258	-61.1198	HG01851	KHV	EAS	female	1.7005306915262082
HG01852	7300	3233	-0.00819859	-59.8497	HG01852	KHV	EAS	male	2.5878690573619987
HG01853	7300	3273	-0.00832399	-60.7651	HG01853	KHV	EAS	female	1.948337099180689
HG01855	7300	3212	-0.00836147	-61.0387	HG01855	KHV	EAS	female	1.7571901210744973
HG01857	7300	3198	-0.00823744	-60.1333	HG01857	KHV	EAS	female	2.3897357130969565
HG01858	7300	3238	-0.00743037	-54.2417	HG01858	KHV	EAS	female	6.5058231992461915
HG01859	7300	3286	-0.00812879	-59.3402	HG01859	KHV	EAS	female	2.9438244131555047
HG01860	7300	3256	-0.00837645	-61.1481	HG01860	KHV	EAS	male	1.680759275296656
HG01861	7300	3187	-0.00824744	-60.2063	HG01861	KHV	EAS	male	2.3387352401373365
HG01862	7300	3192	-0.007844	-57.2612	HG01862	KHV	EAS	female	4.396289937580833
HG01863	7300	3284	-0.00830575	-60.632	HG01863	KHV	EAS	female	2.041325632755008
HG01864	7300	3208	-0.00832501	-60.7726	HG01864	KHV	EAS	male	1.9430973245615497
HG01865	7300	3211	-0.00815929	-59.5628	HG01865	KHV	EAS	male	2.7883079024594593
HG01866	7300	3246	-0.00795111	-58.0431	HG01866	KHV	EAS	male	3.850025967620196
HG01867	7300	3211	-0.00838799	-61.2323	HG01867	KHV	EAS	male	1.6219340722391202
HG01868	7300	3249	-0.00821534	-59.972	HG01868	KHV	EAS	female	2.502425799239237
HG01869	7300	3339	-0.00847622	-61.8764	HG01869	KHV	EAS	female	1.1719422279474676
HG01870	7300	3184	-0.00852379	-62.2237	HG01870	KHV	EAS	female	0.9293057312505351
HG01871	7300	3258	-0.00831356	-60.689	HG01871	KHV	EAS	female	2.0015033456495503
HG01872	7300	3204	-0.00833726	-60.862	HG01872	KHV	EAS	male	1.8806392111014096
HG01873	7300	3250	-0.00832625	-60.7816	HG01873	KHV	EAS	male	1.9368095950185829
HG01874	7300	3231	-0.00820386	-59.8882	HG01874	KHV	EAS	female	2.560971547650419
HG01878	7300	3202	-0.00826549	-60.3381	HG01878	KHV	EAS	female	2.2466549341636686
HG01879	7300	3107	-0.00671699	-49.034	HG01879	ACB	AFR	male	10.144113103791543
HG01880	7300	3095	-0.00818649	-59.7614	HG01880	ACB	AFR	female	2.6495586705446597
HG01882	7300	3089	-0.00596666	-43.5566	HG01882	ACB	AFR	male	13.970825303641128
HG01883	7300	3071	-0.00731955	-53.4327	HG01883	ACB	AFR	female	7.071020221497321
HG01885	7300	3059	-0.0069437	-50.689	HG01885	ACB	AFR	male	8.987869504501539
HG01886	7300	3061	-0.00758864	-55.3971	HG01886	ACB	AFR	female	5.698618453252433
HG01889	7300	3099	-0.00624032	-45.5543	HG01889	ACB	AFR	female	12.57515893608727
HG01890	7300	3080	-0.00710126	-51.8392	HG01890	ACB	AFR	male	8.184297668910384
HG01892	7300	3225	-0.00833774	-60.8655	HG01892	PEL	AMR	male	1.8781939829458147
HG01893	7300	3300	-0.00775775	-56.6316	HG01893	PEL	AMR	female	4.836151550942157
HG01894	7300	3095	-0.00729316	-53.2401	HG01894	ACB	AFR	female	7.20557763371681
HG01896	7300	3086	-0.00613749	-44.8037	HG01896	ACB	AFR	female	13.0995555799707
HG01912	7300	3103	-0.00677396	-49.4499	HG01912	ACB	AFR	male	9.85355013524489
HG01914	7300	3097	-0.00761637	-55.5995	HG01914	ACB	AFR	male	5.55721440219727
HG01915	7300	3103	-0.00692003	-50.5162	HG01915	ACB	AFR	female	9.108593911726503
HG01917	7300	3280	-0.00857333	-62.5853	HG01917	PEL	AMR	male	0.6766787309464501
HG01918	7300	3276	-0.00822459	-60.0395	HG01918	PEL	AMR	female	2.4552678276669893
HG01920	7300	3245	-0.00830421	-60.6207	HG01920	PEL	AMR	male	2.04922022651451
HG01921	7300	3261	-0.0084454	-61.6514	HG01921	PEL	AMR	female	1.3291354665216333
HG01923	7300	3301	-0.00847793	-61.8889	HG01923	PEL	AMR	male	1.1632092702489005
HG01924	7300	3218	-0.00650099	-47.4572	HG01924	PEL	AMR	female	11.245723319719325
HG01926	7300	3283	-0.00830164	-60.602	HG01926	PEL	AMR	male	2.062284731231565
HG01927	7300	3305	-0.00860978	-62.8514	HG01927	PEL	AMR	female	0.49077152745939767
HG01932	7300	3262	-0.00855818	-62.4747	HG01932	PEL	AMR	male	0.7539479406633518
HG01933	7300	3233	-0.00846751	-61.8128	HG01933	PEL	AMR	female	1.216375516717762
HG01935	7300	3224	-0.00830488	-60.6256	HG01935	PEL	AMR	male	2.045796907096673
HG01936	7300	3256	-0.00815982	-59.5667	HG01936	PEL	AMR	female	2.7855832196575108
HG01938	7300	3273	-0.00833296	-60.8306	HG01938	PEL	AMR	male	1.9025764008402084
HG01939	7300	3251	-0.00838048	-61.1775	HG01939	PEL	AMR	female	1.6602193587896295
HG01941	7300	3238	-0.00852416	-62.2264	HG01941	PEL	AMR	male	0.9274194123876469
HG01942	7300	3269	-0.00836181	-61.0412	HG01942	PEL	AMR	female	1.755443529534781
HG01944	7300	3189	-0.00845479	-61.72	HG01944	PEL	AMR	male	1.2812089946719112
HG01945	7300	3245	-0.00834203	-60.8968	HG01945	PEL	AMR	female	1.8563266568686068
HG01947	7300	3304	-0.008224	-60.0352	HG01947	PEL	AMR	male	2.458271965115291
HG01948	7300	3195	-0.00851675	-62.1723	HG01948	PEL	AMR	female	0.965215653307035
HG01950	7300	3255	-0.0082476	-60.2075	HG01950	PEL	AMR	male	2.3378968761982715
HG01951	7300	3223	-0.00844541	-61.6515	HG01951	PEL	AMR	female	1.3290656028600474
HG01953	7300	3269	-0.00827916	-60.4379	HG01953	PEL	AMR	male	2.1769309998983246
HG01954	7300	3254	-0.0086354	-63.0384	HG01954	PEL	AMR	female	0.36012648028886224
HG01956	7300	3107	-0.00674284	-49.2227	HG01956	ACB	AFR	female	10.012280374374004
HG01958	7300	3096	-0.00758556	-55.3746	HG01958	ACB	AFR	female	5.714337777109851
HG01961	7300	3290	-0.00845967	-61.7556	HG01961	PEL	AMR	male	1.2563375311463965
HG01965	7300	3240	-0.00869123	-63.446	HG01965	PEL	AMR	female	0.0753621956540586
HG01967	7300	3225	-0.00836836	-61.089	HG01967	PEL	AMR	male	1.7220486992954718
HG01968	7300	3224	-0.00860992	-62.8524	HG01968	PEL	AMR	female	0.49007289084350913
HG01970	7300	3275	-0.00833897	-60.8745	HG01970	PEL	AMR	male	1.8719062534028477
HG01971	7300	3205	-0.00854247	-62.36	HG01971	PEL	AMR	female	0.8340815605053835
HG01973	7300	3226	-0.00834066	-60.8868	HG01973	PEL	AMR	female	1.8633130230274575
HG01974	7300	3222	-0.00837333	-61.1253	HG01974	PEL	AMR	male	1.6966881901388362
HG01976	7300	3222	-0.00830055	-60.594	HG01976	PEL	AMR	female	2.0678738241586436
HG01977	7300	3255	-0.00832114	-60.7443	HG01977	PEL	AMR	male	1.962868740791097
HG01979	7300	3268	-0.00843745	-61.5934	HG01979	PEL	AMR	male	1.3696563902429748
HG01980	7300	3272	-0.00866384	-63.246	HG01980	PEL	AMR	female	0.2150895188310954
HG01982	7300	3204	-0.00834134	-60.8918	HG01982	PEL	AMR	male	1.8598198399480297
HG01985	7300	3067	-0.00711849	-51.965	HG01985	ACB	AFR	female	8.096409182632023
HG01986	7300	3043	-0.00648545	-47.3438	HG01986	ACB	AFR	male	11.324948711960705
HG01988	7300	3138	-0.00754582	-55.0845	HG01988	ACB	AFR	male	5.917012259378148
HG01989	7300	3090	-0.00721926	-52.7006	HG01989	ACB	AFR	female	7.582492087986871
HG01990	7300	3072	-0.00746738	-54.5119	HG01990	ACB	AFR	male	6.317051585634014
HG01991	7300	3236	-0.00845658	-61.733	HG01991	PEL	AMR	male	1.2721267186654048
HG01992	7300	3201	-0.0083779	-61.1587	HG01992	PEL	AMR	female	1.6733537271682704
HG01997	7300	3261	-0.00799421	-58.3577	HG01997	PEL	AMR	female	3.6302348882627133
HG02002	7300	3212	-0.00832705	-60.7875	HG02002	PEL	AMR	male	1.9326876389848573
HG02003	7300	3234	-0.00854642	-62.3889	HG02003	PEL	AMR	female	0.8138909623063012
HG02006	7300	3253	-0.00831888	-60.7278	HG02006	PEL	AMR	female	1.9743962449532033
HG02008	7300	3215	-0.00839427	-61.2782	HG02008	PEL	AMR	male	1.5898666515699924
HG02009	7300	3057	-0.00724918	-52.919	HG02009	ACB	AFR	male	7.429909851077547
HG02010	7300	3143	-0.00714566	-52.1633	HG02010	ACB	AFR	female	7.9578695417019905
HG02012	7300	3070	-0.00647858	-47.2936	HG02012	ACB	AFR	female	11.360020270078145
HG02013	7300	3075	-0.00695451	-50.7679	HG02013	ACB	AFR	male	8.932747075508198
HG02014	7300	3054	-0.00739004	-53.9473	HG02014	ACB	AFR	male	6.711501818962796
HG02016	7300	3280	-0.00818296	-59.7356	HG02016	KHV	EAS	female	2.6675834952345
HG02017	7300	3274	-0.00829747	-60.5715	HG02017	KHV	EAS	male	2.0835931480160608
HG02019	7300	3301	-0.00795823	-58.0951	HG02019	KHV	EAS	female	3.813696863594166
HG02020	7300	3276	-0.00819295	-59.8085	HG02020	KHV	EAS	male	2.616652885936466
HG02023	7300	3213	-0.00796523	-58.1462	HG02023	KHV	EAS	male	3.7779965325224336
HG02025	7300	3233	-0.00828758	-60.4993	HG02025	KHV	EAS	female	2.134034711682974
HG02026	7300	3271	-0.00813545	-59.3888	HG02026	KHV	EAS	male	2.9098706736234834
HG02028	7300	3254	-0.00826927	-60.3657	HG02028	KHV	EAS	female	2.2273725635652375
HG02029	7300	3233	-0.00820538	-59.8993	HG02029	KHV	EAS	male	2.5532166812140944
HG02031	7300	3231	-0.00845362	-61.7114	HG02031	KHV	EAS	female	1.2872172695685247
HG02032	7300	3295	-0.00797801	-58.2395	HG02032	KHV	EAS	male	3.7128137362603453
HG02035	7300	3190	-0.00854755	-62.3971	HG02035	KHV	EAS	male	0.808162142056041
HG02040	7300	3246	-0.00807263	-58.9302	HG02040	KHV	EAS	male	3.2302654256684384
HG02047	7300	3301	-0.00810358	-59.1561	HG02047	KHV	EAS	male	3.07244341413997
HG02048	7300	3238	-0.00853948	-62.3382	HG02048	KHV	EAS	female	0.8493118387316801
HG02049	7300	3245	-0.0085213	-62.2055	HG02049	KHV	EAS	female	0.9420209176596459
HG02050	7300	3267	-0.00815342	-59.52	HG02050	KHV	EAS	male	2.8182095496193456
HG02051	7300	3074	-0.00752242	-54.9137	HG02051	ACB	AFR	male	6.03633939337134
HG02052	7300	3069	-0.00530562	-38.731	HG02052	ACB	AFR	female	17.342166157256745
HG02053	7300	3107	-0.00727588	-53.1139	HG02053	ACB	AFR	male	7.29374557464152
HG02054	7300	3083	-0.00748727	-54.6571	HG02054	ACB	AFR	female	6.215609549007481
HG02057	7300	3252	-0.00835858	-61.0176	HG02057	KHV	EAS	female	1.7719313536696728
HG02058	7300	3255	-0.00835929	-61.0228	HG02058	KHV	EAS	male	1.7682984432670734
HG02060	7300	3251	-0.00811171	-59.2155	HG02060	KHV	EAS	female	3.030944399156392
HG02061	7300	3206	-0.00819101	-59.7944	HG02061	KHV	EAS	male	2.626503662220447
HG02064	7300	3283	-0.008352	-60.9696	HG02064	KHV	EAS	male	1.8054659112321636
HG02067	7300	3246	-0.00855473	-62.4495	HG02067	KHV	EAS	male	0.7715535833836575
HG02069	7300	3250	-0.00851725	-62.1759	HG02069	KHV	EAS	female	0.9627005614898492
HG02070	7300	3224	-0.00825736	-60.2787	HG02070	KHV	EAS	male	2.288153949147247
HG02072	7300	3245	-0.00841208	-61.4082	HG02072	KHV	EAS	female	1.499043891504915
HG02073	7300	3235	-0.00830452	-60.623	HG02073	KHV	EAS	male	2.0476133622979753
HG02075	7300	3237	-0.00810149	-59.1409	HG02075	KHV	EAS	female	3.0830626907014254
HG02076	7300	3227	-0.00817336	-59.6655	HG02076	KHV	EAS	male	2.7165579220080502
HG02078	7300	3253	-0.00844045	-61.6153	HG02078	KHV	EAS	female	1.3543562483550922
HG02079	7300	3276	-0.00850089	-62.0565	HG02079	KHV	EAS	male	1.0461177734265412
HG02081	7300	3230	-0.00858671	-62.683	HG02081	KHV	EAS	female	0.6084219335744641
HG02082	7300	3216	-0.00820322	-59.8835	HG02082	KHV	EAS	male	2.5642551397450792
HG02084	7300	3215	-0.00802977	-58.6173	HG02084	KHV	EAS	female	3.4488688227789166
HG02085	7300	3227	-0.00840403	-61.3494	HG02085	KHV	EAS	male	1.5401237245189632
HG02086	7300	3272	-0.00839926	-61.3146	HG02086	KHV	EAS	female	1.564436278751771
HG02087	7300	3215	-0.00811134	-59.2128	HG02087	KHV	EAS	female	3.0328307180192797
HG02088	7300	3195	-0.00833492	-60.8449	HG02088	KHV	EAS	male	1.892585897233046
HG02089	7300	3262	-0.00869452	-63.47	HG02089	PEL	AMR	female	0.0585949168728132
HG02090	7300	3177	-0.00766211	-55.9334	HG02090	PEL	AMR	male	5.323939636153202
HG02095	7300	3125	-0.00707738	-51.6649	HG02095	ACB	AFR	female	8.306070031059171
HG02102	7300	3286	-0.00802755	-58.6011	HG02102	PEL	AMR	female	3.4601867359562553
HG02104	7300	3280	-0.00839538	-61.2863	HG02104	PEL	AMR	male	1.584207694981323
HG02105	7300	3249	-0.00833516	-60.8467	HG02105	PEL	AMR	female	1.8913283513244556
HG02107	7300	3034	-0.0059113	-43.1525	HG02107	ACB	AFR	male	14.253144360120338
HG02108	7300	3124	-0.00647507	-47.268	HG02108	ACB	AFR	female	11.377905367444804
HG02111	7300	3058	-0.00748674	-54.6532	HG02111	ACB	AFR	female	6.218334231809434
HG02113	7300	3174	-0.00829097	-60.5241	HG02113	KHV	EAS	female	2.1167085236090215
HG02116	7300	3147	-0.00844564	-61.6532	HG02116	KHV	EAS	male	1.3278779206130429
HG02121	7300	3190	-0.00812195	-59.2902	HG02121	KHV	EAS	female	2.9787562439497672
HG02122	7300	3213	-0.0083854	-61.2134	HG02122	KHV	EAS	male	1.6351383042793521
HG02127	7300	3206	-0.00819519	-59.8249	HG02127	KHV	EAS	female	2.605195245435951
HG02128	7300	3263	-0.00839022	-61.2486	HG02128	KHV	EAS	male	1.6105462954001908
HG02130	7300	3272	-0.0083771	-61.1528	HG02130	KHV	EAS	female	1.6774756832019957
HG02131	7300	3219	-0.00818266	-59.7334	HG02131	KHV	EAS	male	2.669120495789444
HG02133	7300	3221	-0.00838033	-61.1764	HG02133	KHV	EAS	female	1.6609878590671037
HG02134	7300	3296	-0.00824134	-60.1618	HG02134	KHV	EAS	male	2.3698245695442277
HG02136	7300	3187	-0.00844541	-61.6515	HG02136	KHV	EAS	female	1.3290656028600474
HG02137	7300	3234	-0.00869238	-63.4544	HG02137	KHV	EAS	male	0.06949364808062172
HG02138	7300	3192	-0.00790067	-57.6749	HG02138	KHV	EAS	male	4.107263969589128
HG02139	7300	3260	-0.00818063	-59.7186	HG02139	KHV	EAS	female	2.679460317704546
HG02140	7300	3223	-0.00835471	-60.9894	HG02140	KHV	EAS	female	1.7916329062376342
HG02141	7300	3239	-0.00818158	-59.7255	HG02141	KHV	EAS	male	2.674639725054942
HG02142	7300	3218	-0.0082291	-60.0724	HG02142	KHV	EAS	female	2.4322826830043627
HG02143	7300	3148	-0.00698925	-51.0215	HG02143	ACB	AFR	male	8.755572829719707
HG02144	7300	3078	-0.00662686	-48.3761	HG02144	ACB	AFR	female	10.603746133382414
HG02146	7300	3224	-0.00836715	-61.0802	HG02146	PEL	AMR	male	1.7281967015152622
HG02147	7300	3240	-0.00844237	-61.6293	HG02147	PEL	AMR	female	1.3445753357326975
HG02150	7300	3258	-0.00827153	-60.3822	HG02150	PEL	AMR	male	2.215845059403131
HG02151	7300	3220	-0.00814466	-59.456	HG02151	CDX	EAS	female	2.8629222930359983
HG02152	7300	3251	-0.00842688	-61.5162	HG02152	CDX	EAS	female	1.4235911369893155
HG02153	7300	3208	-0.00836468	-61.0622	HG02153	CDX	EAS	female	1.740772160601196
HG02154	7300	3236	-0.00834216	-60.8978	HG02154	CDX	EAS	female	1.855628020252723
HG02155	7300	3259	-0.00808164	-58.996	HG02155	CDX	EAS	female	3.1842951363431906
HG02156	7300	3179	-0.0083846	-61.2076	HG02156	CDX	EAS	female	1.6391903966514867
HG02164	7300	3233	-0.00826168	-60.3103	HG02164	CDX	EAS	female	2.2660770320852763
HG02165	7300	3217	-0.00824858	-60.2146	HG02165	CDX	EAS	female	2.3329365562254907
HG02166	7300	3255	-0.00845529	-61.7236	HG02166	CDX	EAS	female	1.2786939028547253
HG02178	7300	3220	-0.00843948	-61.6082	HG02178	CDX	EAS	female	1.359316568327878
HG02179	7300	3190	-0.00833458	-60.8424	HG02179	CDX	EAS	female	1.8943324887727624
HG02180	7300	3255	-0.00823671	-60.128	HG02180	CDX	EAS	female	2.3934384871611467
HG02181	7300	3241	-0.0080813	-58.9935	HG02181	CDX	EAS	female	3.1860417278829067
HG02182	7300	3230	-0.00824319	-60.1753	HG02182	CDX	EAS	female	2.360392975229777
HG02184	7300	3234	-0.00788855	-57.5864	HG02184	CDX	EAS	female	4.16909331009497
HG02185	7300	3238	-0.00793608	-57.9334	HG02185	CDX	EAS	female	3.926666404382805
HG02186	7300	3245	-0.00812893	-59.3412	HG02186	CDX	EAS	female	2.943125776539621
HG02187	7300	3229	-0.00828867	-60.5073	HG02187	CDX	EAS	female	2.1284456187558907
HG02188	7300	3256	-0.008199	-59.8527	HG02188	CDX	EAS	female	2.585773147514343
HG02190	7300	3240	-0.00809758	-59.1123	HG02190	CDX	EAS	female	3.103043697915745
HG02215	7300	3280	-0.0085747	-62.5953	HG02215	GBR	EUR	female	0.6696923647875946
HG02219	7300	3276	-0.00863038	-63.0018	HG02219	IBS	EUR	male	0.38569658043026045
HG02220	7300	3266	-0.00883781	-64.516	HG02220	IBS	EUR	female	-0.6721789833431093
HG02221	7300	3246	-0.00864704	-63.1234	HG02221	IBS	EUR	male	0.3007423679386247
HG02223	7300	3281	-0.00874766	-63.8579	HG02223	IBS	EUR	female	-0.21240622642905677
HG02224	7300	3246	-0.00872255	-63.6746	HG02224	IBS	EUR	male	-0.08434613473729795
HG02230	7300	3169	-0.00875321	-63.8984	HG02230	IBS	EUR	female	-0.24070100937240838
HG02231	7300	3219	-0.00885241	-64.6226	HG02231	IBS	EUR	male	-0.7466536465964717
HG02232	7300	3313	-0.00841793	-61.4509	HG02232	IBS	EUR	female	1.4692121080066194
HG02233	7300	3314	-0.0087126	-63.602	HG02233	IBS	EUR	male	-0.03362511642403158
HG02235	7300	3244	-0.00886051	-64.6817	HG02235	IBS	EUR	female	-0.7879430705952875
HG02236	7300	3238	-0.00863695	-63.0497	HG02236	IBS	EUR	male	0.3522318865293605
HG02238	7300	3194	-0.00860901	-62.8458	HG02238	IBS	EUR	male	0.4946838925083556
HG02239	7300	3234	-0.00879873	-64.2307	HG02239	IBS	EUR	female	-0.4728579568310575
HG02250	7300	3249	-0.00842574	-61.5079	HG02250	CDX	EAS	male	1.4293898209011615
HG02252	7300	3304	-0.00809404	-59.0865	HG02252	PEL	AMR	female	3.1210685226055808
HG02253	7300	3286	-0.00875012	-63.8759	HG02253	PEL	AMR	male	-0.22498168551499081
HG02255	7300	3066	-0.00671738	-49.0369	HG02255	ACB	AFR	male	10.142087057605474
HG02256	7300	3129	-0.00715868	-52.2584	HG02256	ACB	AFR	female	7.891429199531307
HG02259	7300	3237	-0.00848218	-61.9199	HG02259	PEL	AMR	male	1.1415515351564602
HG02260	7300	3185	-0.00848475	-61.9387	HG02260	PEL	AMR	female	1.1284171667778193
HG02262	7300	3220	-0.00835177	-60.9679	HG02262	PEL	AMR	male	1.8066535934791683
HG02265	7300	3255	-0.00832285	-60.7568	HG02265	PEL	AMR	male	1.954135783092535
HG02266	7300	3247	-0.00861159	-62.8646	HG02266	PEL	AMR	female	0.48154952412970975
HG02271	7300	3243	-0.00844788	-61.6695	HG02271	PEL	AMR	male	1.3164901437741134
HG02272	7300	3266	-0.00823462	-60.1127	HG02272	PEL	AMR	female	2.404127627384193
HG02274	7300	3220	-0.00812588	-59.3189	HG02274	PEL	AMR	male	2.9587053730738617
HG02275	7300	3226	-0.00821004	-59.9333	HG02275	PEL	AMR	female	2.5294630362739934
HG02277	7300	3297	-0.00826237	-60.3153	HG02277	PEL	AMR	male	2.262583849005849
HG02278	7300	3297	-0.00844534	-61.651	HG02278	PEL	AMR	female	1.3294149211679867
HG02281	7300	3054	-0.00581618	-42.4581	HG02281	ACB	AFR	male	14.73827762619102
HG02282	7300	3100	-0.00713434	-52.0807	HG02282	ACB	AFR	female	8.015576926174107
HG02283	7300	3069	-0.00666212	-48.6335	HG02283	ACB	AFR	male	10.423917068453566
HG02284	7300	3111	-0.00491612	-35.8877	HG02284	ACB	AFR	male	19.32859964720313
HG02285	7300	3245	-0.00831845	-60.7247	HG02285	PEL	AMR	male	1.9765620184624497
HG02286	7300	3275	-0.00808451	-59.0169	HG02286	PEL	AMR	female	3.1696936310711914
HG02291	7300	3221	-0.00789105	-57.6047	HG02291	PEL	AMR	male	4.156308260024268
HG02292	7300	3254	-0.00837393	-61.1297	HG02292	PEL	AMR	female	1.6936141890289433
HG02298	7300	3271	-0.00853248	-62.2871	HG02298	PEL	AMR	female	0.8850121698034125
HG02299	7300	3188	-0.00841334	-61.4174	HG02299	PEL	AMR	male	1.4926164346387711
HG02301	7300	3191	-0.00827541	-60.4105	HG02301	PEL	AMR	female	2.196073643173579
HG02304	7300	3195	-0.00822655	-60.0538	HG02304	PEL	AMR	male	2.445277324059827
HG02307	7300	3153	-0.00709455	-51.7902	HG02307	ACB	AFR	male	8.218530863088759
HG02308	7300	3154	-0.00745867	-54.4483	HG02308	ACB	AFR	female	6.361484874404309
HG02309	7300	3087	-0.00636003	-46.4282	HG02309	ACB	AFR	female	11.964620397465197
HG02312	7300	3263	-0.00859468	-62.7412	HG02312	PEL	AMR	female	0.5677612825299458
HG02314	7300	3057	-0.00670725	-48.9629	HG02314	ACB	AFR	male	10.193786167180981
HG02315	7300	3100	-0.00737037	-53.8037	HG02315	ACB	AFR	female	6.81182603700391
HG02317	7300	3123	-0.00650925	-47.5175	HG02317	ACB	AFR	male	11.203595531781447
HG02318	7300	3090	-0.00738462	-53.9077	HG02318	ACB	AFR	female	6.73916782895185
HG02322	7300	3122	-0.00691929	-50.5108	HG02322	ACB	AFR	female	9.112366549452279
HG02323	7300	3055	-0.00624618	-45.5971	HG02323	ACB	AFR	male	12.545257288927385
HG02325	7300	3062	-0.00682592	-49.8292	HG02325	ACB	AFR	female	9.588557266839633
HG02330	7300	3093	-0.00704545	-51.4318	HG02330	ACB	AFR	male	8.468922226222011
HG02332	7300	3095	-0.00646445	-47.1905	HG02332	ACB	AFR	male	11.432049705175906
HG02334	7300	3140	-0.00719433	-52.5186	HG02334	ACB	AFR	male	7.70964395207798
HG02337	7300	3130	-0.00716963	-52.3383	HG02337	ACB	AFR	female	7.835608133922083
HG02339	7300	3065	-0.00697432	-50.9125	HG02339	ACB	AFR	female	8.831724220851196
HG02343	7300	3100	-0.00779695	-56.9177	HG02343	ACB	AFR	male	4.636271615137399
HG02345	7300	3175	-0.00851055	-62.127	HG02345	PEL	AMR	female	0.9968638920066327
HG02348	7300	3209	-0.00833445	-60.8415	HG02348	PEL	AMR	female	1.894961261727055
HG02351	7300	3233	-0.00832163	-60.7479	HG02351	CDX	EAS	male	1.9603536489739113
HG02353	7300	3251	-0.00808145	-58.9946	HG02353	CDX	EAS	male	3.1852732276054323
HG02355	7300	3265	-0.00845675	-61.7343	HG02355	CDX	EAS	male	1.2712184910647537
HG02356	7300	3268	-0.00810716	-59.1823	HG02356	CDX	EAS	male	3.0541391348037807
HG02360	7300	3245	-0.00830278	-60.6103	HG02360	CDX	EAS	male	2.056486047319714
HG02364	7300	3220	-0.00820073	-59.8653	HG02364	CDX	EAS	male	2.57697032615419
HG02367	7300	3200	-0.00843859	-61.6017	HG02367	CDX	EAS	male	1.3638577063311286
HG02371	7300	3235	-0.00815527	-59.5335	HG02371	CDX	EAS	male	2.8087779553049
HG02373	7300	3213	-0.00819544	-59.8267	HG02373	CDX	EAS	male	2.6039376995273558
HG02374	7300	3222	-0.00805716	-58.8173	HG02374	CDX	EAS	male	3.309141499601875
HG02375	7300	3185	-0.00830103	-60.5975	HG02375	CDX	EAS	male	2.0654285960030485
HG02379	7300	3235	-0.00770788	-56.2675	HG02379	CDX	EAS	male	5.090525142785959
HG02380	7300	3219	-0.00835886	-61.0197	HG02380	CDX	EAS	male	1.770464216776315
HG02382	7300	3165	-0.00832244	-60.7538	HG02382	CDX	EAS	male	1.9562316929401906
HG02383	7300	3252	-0.00852359	-62.2222	HG02383	CDX	EAS	male	0.9303536861743629
HG02384	7300	3244	-0.00822523	-60.0442	HG02384	CDX	EAS	male	2.451984235572329
HG02385	7300	3226	-0.00833636	-60.8554	HG02385	CDX	EAS	male	1.8852502127662512
HG02386	7300	3204	-0.00827218	-60.3869	HG02386	CDX	EAS	male	2.212561467308471
HG02389	7300	3233	-0.00824325	-60.1757	HG02389	CDX	EAS	male	2.3601135205834236
HG02390	7300	3251	-0.00837578	-61.1432	HG02390	CDX	EAS	male	1.6841825947144928
HG02391	7300	3171	-0.00826337	-60.3226	HG02391	CDX	EAS	male	2.257483801709886
HG02392	7300	3235	-0.00830941	-60.6587	HG02392	CDX	EAS	male	2.02267203511087
HG02394	7300	3222	-0.00839545	-61.2868	HG02394	CDX	EAS	male	1.583858376673379
HG02395	7300	3220	-0.00845192	-61.699	HG02395	CDX	EAS	male	1.295880363605501
HG02396	7300	3224	-0.00822455	-60.0392	HG02396	CDX	EAS	male	2.455477418651752
HG02397	7300	3245	-0.00837052	-61.1048	HG02397	CDX	EAS	male	1.7110102407644865
HG02398	7300	3230	-0.00832796	-60.7941	HG02398	CDX	EAS	male	1.9280766373200158
HG02399	7300	3180	-0.00839481	-61.2821	HG02399	CDX	EAS	male	1.587141968768039
HG02401	7300	3237	-0.0083114	-60.6732	HG02401	CDX	EAS	male	2.0125418041805356
HG02402	7300	3266	-0.00847608	-61.8754	HG02402	CDX	EAS	male	1.172640864563351
HG02406	7300	3249	-0.00822693	-60.0566	HG02406	CDX	EAS	male	2.443321141535348
HG02407	7300	3207	-0.00828997	-60.5168	HG02407	CDX	EAS	male	2.121808570904979
HG02408	7300	3249	-0.00823786	-60.1364	HG02408	CDX	EAS	male	2.38756993958771
HG02409	7300	3211	-0.00813456	-59.3823	HG02409	CDX	EAS	male	2.914411811626739
HG02410	7300	3222	-0.00843336	-61.5635	HG02410	CDX	EAS	male	1.3905456250579455
HG02419	7300	3088	-0.00621296	-45.3546	HG02419	ACB	AFR	female	12.714676668279544
HG02420	7300	3144	-0.00624015	-45.5531	HG02420	ACB	AFR	male	12.57599730002633
HG02425	7300	3245	-0.00868548	-63.404	HG02425	PEL	AMR	female	0.10470493352123311
HG02427	7300	3025	-0.00763385	-55.7271	HG02427	ACB	AFR	female	5.468068370010318
HG02429	7300	3112	-0.00551951	-40.2924	HG02429	ACB	AFR	male	16.251314945213597
HG02433	7300	3112	-0.00701827	-51.2334	HG02433	ACB	AFR	male	8.607531730813633
HG02439	7300	3112	-0.00728149	-53.1549	HG02439	ACB	AFR	male	7.265101473390229
HG02442	7300	3126	-0.00591347	-43.1683	HG02442	ACB	AFR	male	14.242105901589353
HG02445	7300	3086	-0.00660733	-48.2335	HG02445	ACB	AFR	male	10.703371714807645
HG02449	7300	3111	-0.00595695	-43.4857	HG02449	ACB	AFR	male	14.020358639707391
HG02450	7300	3107	-0.00725912	-52.9916	HG02450	ACB	AFR	female	7.379188832764281
HG02455	7300	3141	-0.00590396	-43.0989	HG02455	ACB	AFR	male	14.290591282731786
HG02461	7300	3065	-0.00571667	-41.7317	HG02461	GWD	AFR	male	15.245767263970032
HG02462	7300	3071	-0.00639114	-46.6553	HG02462	GWD	AFR	female	11.805960021997667
HG02464	7300	3087	-0.00715558	-52.2357	HG02464	GWD	AFR	male	7.9072882507119004
HG02465	7300	3101	-0.00696119	-50.8167	HG02465	GWD	AFR	female	8.898653608653001
HG02470	7300	3109	-0.00761492	-55.5889	HG02470	ACB	AFR	male	5.5646199503256515
HG02471	7300	3085	-0.0053777	-39.2572	HG02471	ACB	AFR	female	16.974543569977957
HG02476	7300	3096	-0.00621316	-45.3561	HG02476	ACB	AFR	female	12.713628713355718
HG02477	7300	3162	-0.00746145	-54.4686	HG02477	ACB	AFR	female	6.34730255110184
HG02479	7300	3110	-0.0053031	-38.7126	HG02479	ACB	AFR	female	17.355021070989032
HG02481	7300	3066	-0.00713137	-52.059	HG02481	ACB	AFR	male	8.030737340738819
HG02484	7300	3079	-0.00634951	-46.3514	HG02484	ACB	AFR	male	12.01827568956518
HG02485	7300	3128	-0.00731748	-53.4176	HG02485	ACB	AFR	female	7.0815696343971855
HG02489	7300	3102	-0.00702	-51.246	HG02489	ACB	AFR	male	8.598728909453481
HG02490	7300	3209	-0.00855615	-62.4599	HG02490	PJL	SAS	male	0.7642877625784534
HG02491	7300	3252	-0.00849312	-61.9998	HG02491	PJL	SAS	female	1.0857304695472314
HG02493	7300	3177	-0.00886532	-64.7168	HG02493	PJL	SAS	male	-0.8124652158128579
HG02494	7300	3213	-0.00886199	-64.6925	HG02494	PJL	SAS	female	-0.79548834604684
HG02496	7300	3059	-0.00683734	-49.9126	HG02496	ACB	AFR	male	9.530290973074809
HG02497	7300	3097	-0.00558453	-40.7671	HG02497	ACB	AFR	female	15.919672143652894
HG02501	7300	3100	-0.00792371	-57.8431	HG02501	ACB	AFR	male	3.9897532907972377
HG02502	7300	3137	-0.00787556	-57.4916	HG02502	ACB	AFR	female	4.2353240612808865
HG02505	7300	3061	-0.00678884	-49.5585	HG02505	ACB	AFR	female	9.777678198759755
HG02508	7300	3100	-0.00713396	-52.0779	HG02508	ACB	AFR	female	8.017533108698586
HG02511	7300	3090	-0.00676068	-49.353	HG02511	ACB	AFR	female	9.921248023324162
HG02512	7300	3309	-0.00803938	-58.6875	HG02512	KHV	EAS	male	3.399824532343776
HG02513	7300	3265	-0.0083864	-61.2207	HG02513	KHV	EAS	female	1.6300382569833896
HG02521	7300	3240	-0.00855147	-62.4257	HG02521	KHV	EAS	male	0.7881811348417261
HG02522	7300	3244	-0.0085169	-62.1734	HG02522	KHV	EAS	female	0.9644471530295606
HG02536	7300	3026	-0.00797644	-58.228	HG02536	ACB	AFR	male	3.720848057343024
HG02537	7300	3015	-0.0064373	-46.9923	HG02537	ACB	AFR	female	11.570519482444354
HG02541	7300	3064	-0.00710482	-51.8652	HG02541	ACB	AFR	male	8.166133116897367
HG02545	7300	3109	-0.00565822	-41.305	HG02545	ACB	AFR	male	15.543875507968245
HG02546	7300	3084	-0.00701122	-51.1819	HG02546	ACB	AFR	female	8.643511516531724
HG02549	7300	3052	-0.00539085	-39.3532	HG02549	ACB	AFR	female	16.907474454852974
HG02554	7300	3115	-0.00699779	-51.0839	HG02554	ACB	AFR	male	8.711977904888474
HG02555	7300	3116	-0.00768379	-56.0917	HG02555	ACB	AFR	female	5.213345459858573
HG02557	7300	3032	-0.00711312	-51.9258	HG02557	ACB	AFR	male	8.123795737974723
HG02558	7300	3097	-0.00699868	-51.0904	HG02558	ACB	AFR	female	8.707436766885218
HG02561	7300	3073	-0.00545322	-39.8085	HG02561	GWD	AFR	male	16.589385203640443
HG02562	7300	3053	-0.0066361	-48.4435	HG02562	GWD	AFR	female	10.556658025471753
HG02568	7300	3075	-0.00757121	-55.2698	HG02568	GWD	AFR	female	5.7875548944546225
HG02570	7300	3087	-0.0069264	-50.5627	HG02570	GWD	AFR	male	9.07610730908784
HG02571	7300	3058	-0.0073574	-53.709	HG02571	GWD	AFR	female	6.877986924528236
HG02573	7300	3102	-0.00761412	-55.5831	HG02573	GWD	AFR	male	5.568672042697786
HG02574	7300	3066	-0.00744493	-54.348	HG02574	GWD	AFR	female	6.431558126977597
HG02577	7300	3170	-0.00791985	-57.8149	HG02577	ACB	AFR	female	4.009454843365199
HG02580	7300	3118	-0.00648829	-47.3645	HG02580	ACB	AFR	female	11.310486934011882
HG02582	7300	3073	-0.00719951	-52.5564	HG02582	GWD	AFR	male	7.68323548799752
HG02583	7300	3093	-0.00705163	-51.4769	HG02583	GWD	AFR	female	8.43741371484559
HG02585	7300	3077	-0.00734278	-53.6023	HG02585	GWD	AFR	male	6.952531451443189
HG02586	7300	3122	-0.00539721	-39.3996	HG02586	GWD	AFR	female	16.875057715875904
HG02588	7300	3066	-0.00667134	-48.7008	HG02588	GWD	AFR	male	10.37689882420449
HG02589	7300	3107	-0.00741752	-54.1479	HG02589	GWD	AFR	female	6.571355313816224
HG02594	7300	3078	-0.00782314	-57.1089	HG02594	GWD	AFR	male	4.502692294180152
HG02595	7300	3046	-0.00718286	-52.4349	HG02595	GWD	AFR	female	7.76811983682757
HG02597	7300	3289	-0.0083614	-61.0382	HG02597	PJL	SAS	male	1.7575394393824366
HG02600	7300	3222	-0.0085601	-62.4887	HG02600	PJL	SAS	male	0.744167028040957
HG02601	7300	3238	-0.00848048	-61.9075	HG02601	PJL	SAS	female	1.1502146291934363
HG02603	7300	3216	-0.0082491	-60.2184	HG02603	PJL	SAS	male	2.330281737085123
HG02604	7300	3253	-0.00854512	-62.3794	HG02604	PJL	SAS	female	0.8205280101572124
HG02610	7300	3044	-0.00647451	-47.2639	HG02610	GWD	AFR	male	11.380769777569933
HG02611	7300	3032	-0.00585533	-42.7439	HG02611	GWD	AFR	female	14.538607281371034
HG02613	7300	3047	-0.00723288	-52.8	HG02613	GWD	AFR	male	7.513047608367886
HG02614	7300	3032	-0.00729859	-53.2797	HG02614	GWD	AFR	female	7.177911623727756
HG02620	7300	3103	-0.00422116	-30.8145	HG02620	GWD	AFR	male	22.872922926911922
HG02621	7300	3066	-0.0063149	-46.0988	HG02621	GWD	AFR	female	12.19475129873778
HG02623	7300	3075	-0.00671764	-49.0388	HG02623	GWD	AFR	male	10.140759648035292
HG02624	7300	3112	-0.00735841	-53.7164	HG02624	GWD	AFR	female	6.872817013570688
HG02628	7300	3056	-0.00686685	-50.128	HG02628	GWD	AFR	male	9.379804646013135
HG02629	7300	3082	-0.00762441	-55.6582	HG02629	GWD	AFR	female	5.516204432844808
HG02634	7300	3093	-0.00638777	-46.6307	HG02634	GWD	AFR	male	11.823146482748443
HG02635	7300	3051	-0.00707519	-51.6489	HG02635	GWD	AFR	female	8.317248216913338
HG02642	7300	3138	-0.00695462	-50.7687	HG02642	GWD	AFR	male	8.932188166215486
HG02643	7300	3070	-0.00620481	-45.2951	HG02643	GWD	AFR	female	12.756245546924713
HG02645	7300	3093	-0.00698003	-50.9542	HG02645	GWD	AFR	male	8.802591073968784
HG02646	7300	3072	-0.00715189	-52.2088	HG02646	GWD	AFR	female	7.926081575679216
HG02648	7300	3310	-0.00831336	-60.6875	HG02648	PJL	SAS	male	2.002551300573378
HG02649	7300	3212	-0.00843005	-61.5394	HG02649	PJL	SAS	female	1.4073827675007768
HG02651	7300	3259	-0.00841048	-61.3965	HG02651	PJL	SAS	male	1.50721793991077
HG02652	7300	3260	-0.00843915	-61.6058	HG02652	PJL	SAS	female	1.3609932962059985
HG02654	7300	3219	-0.0087569	-63.9254	HG02654	PJL	SAS	male	-0.2595641980013095
HG02655	7300	3196	-0.00862855	-62.9884	HG02655	PJL	SAS	female	0.3950583110831251
HG02657	7300	3258	-0.00840627	-61.3658	HG02657	PJL	SAS	male	1.5286660840184476
HG02658	7300	3318	-0.00822945	-60.075	HG02658	PJL	SAS	female	2.4304662278030604
HG02660	7300	3245	-0.00874911	-63.8685	HG02660	PJL	SAS	male	-0.2198117745574375
HG02661	7300	3242	-0.00856681	-62.5377	HG02661	PJL	SAS	female	0.7099338338625826
HG02666	7300	3104	-0.00738632	-53.9201	HG02666	GWD	AFR	male	6.7305047349148746
HG02667	7300	3067	-0.00785255	-57.3236	HG02667	GWD	AFR	female	4.352695012749599
HG02675	7300	3077	-0.00488538	-35.6633	HG02675	GWD	AFR	male	19.48537370380777
HG02676	7300	3072	-0.00716449	-52.3008	HG02676	GWD	AFR	female	7.861807007017774
HG02678	7300	3107	-0.00715097	-52.2021	HG02678	GWD	AFR	male	7.930762441005643
HG02679	7300	3062	-0.00648686	-47.3541	HG02679	GWD	AFR	female	11.317752754817086
HG02681	7300	3267	-0.00833514	-60.8465	HG02681	PJL	SAS	male	1.8914680786476323
HG02682	7300	3202	-0.00853863	-62.332	HG02682	PJL	SAS	female	0.8536433857501682
HG02684	7300	3291	-0.00858074	-62.6394	HG02684	PJL	SAS	male	0.6388824900270572
HG02685	7300	3190	-0.00847179	-61.8441	HG02685	PJL	SAS	female	1.194508190640559
HG02687	7300	3214	-0.00853021	-62.2705	HG02687	PJL	SAS	male	0.8966095376271095
HG02688	7300	3266	-0.0083007	-60.5951	HG02688	PJL	SAS	female	2.067105323881169
HG02690	7300	3343	-0.00858718	-62.6864	HG02690	PJL	SAS	male	0.606046569080455
HG02691	7300	3320	-0.00828936	-60.5123	HG02691	PJL	SAS	female	2.124952435676463
HG02694	7300	3282	-0.00826938	-60.3665	HG02694	PJL	SAS	female	2.2268136542725254
HG02696	7300	3229	-0.00823944	-60.1479	HG02696	PJL	SAS	male	2.3795356185050314
HG02697	7300	3230	-0.00865986	-63.217	HG02697	PJL	SAS	female	0.23534998069176857
HG02699	7300	3277	-0.00862764	-62.9818	HG02699	PJL	SAS	male	0.39966931274796663
HG02700	7300	3285	-0.0085551	-62.4522	HG02700	PJL	SAS	female	0.7696672645207694
HG02702	7300	3048	-0.00741932	-54.161	HG02702	GWD	AFR	male	6.562203174148127
HG02703	7300	3115	-0.00745397	-54.414	HG02703	GWD	AFR	female	6.385448110329172
HG02715	7300	3094	-0.00725229	-52.9417	HG02715	GWD	AFR	male	7.414050799896954
HG02716	7300	3022	-0.00573284	-41.8497	HG02716	GWD	AFR	female	15.163328143295578
HG02721	7300	3121	-0.00730966	-53.3605	HG02721	GWD	AFR	male	7.121461785164229
HG02722	7300	3111	-0.00695529	-50.7736	HG02722	GWD	AFR	female	8.92876484679765
HG02724	7300	3216	-0.0082196	-60.0031	HG02724	PJL	SAS	male	2.480698200485206
HG02725	7300	3261	-0.00843156	-61.5504	HG02725	PJL	SAS	female	1.3996977647260378
HG02727	7300	3228	-0.00844647	-61.6592	HG02727	PJL	SAS	male	1.3236861009177314
HG02728	7300	3222	-0.00851914	-62.1897	HG02728	PJL	SAS	female	0.9530593761906311
HG02731	7300	3270	-0.00811836	-59.264	HG02731	PJL	SAS	female	2.9970605232859566
HG02733	7300	3185	-0.00858167	-62.6462	HG02733	PJL	SAS	male	0.634131761039039
HG02734	7300	3250	-0.00826919	-60.3651	HG02734	PJL	SAS	female	2.2277917455347676
HG02736	7300	3180	-0.0083074	-60.644	HG02736	PJL	SAS	male	2.0329419933643855
HG02737	7300	3164	-0.0085099	-62.1223	HG02737	PJL	SAS	female	1.000147484101293
HG02756	7300	3039	-0.00648052	-47.3078	HG02756	GWD	AFR	male	11.350099630132572
HG02757	7300	3041	-0.00759758	-55.4623	HG02757	GWD	AFR	female	5.653067345896719
HG02759	7300	3120	-0.00662773	-48.3824	HG02759	GWD	AFR	male	10.599344722702341
HG02760	7300	3083	-0.00642145	-46.8766	HG02760	GWD	AFR	female	11.65135173890227
HG02763	7300	3073	-0.00661925	-48.3205	HG02763	GWD	AFR	female	10.64259032922563
HG02768	7300	3059	-0.00789907	-57.6632	HG02768	GWD	AFR	male	4.1154380179949825
HG02769	7300	3104	-0.00727786	-53.1284	HG02769	GWD	AFR	female	7.283615343711185
HG02771	7300	3066	-0.00699032	-51.0293	HG02771	GWD	AFR	male	8.750123464115806
HG02772	7300	3090	-0.00717574	-52.3829	HG02772	GWD	AFR	female	7.804448940853601
HG02774	7300	3220	-0.00836975	-61.0992	HG02774	PJL	SAS	male	1.7149226058134395
HG02775	7300	3223	-0.00819367	-59.8138	HG02775	PJL	SAS	female	2.612950111872276
HG02778	7300	3210	-0.00840005	-61.3204	HG02778	PJL	SAS	female	1.5603841863796362
HG02780	7300	3221	-0.00816114	-59.5763	HG02780	PJL	SAS	male	2.778876308145009
HG02783	7300	3238	-0.00834227	-60.8986	HG02783	PJL	SAS	male	1.8550691109600115
HG02784	7300	3196	-0.007962	-58.1226	HG02784	PJL	SAS	female	3.7944843566573256
HG02786	7300	3262	-0.00855338	-62.4397	HG02786	PJL	SAS	male	0.7784002222193314
HG02787	7300	3183	-0.0085491	-62.4084	HG02787	PJL	SAS	female	0.8002675482965392
HG02789	7300	3230	-0.00863534	-63.038	HG02789	PJL	SAS	male	0.3604059349352206
HG02790	7300	3161	-0.00837218	-61.1169	HG02790	PJL	SAS	female	1.702556737712273
HG02792	7300	3272	-0.00841441	-61.4252	HG02792	PJL	SAS	male	1.4871670690348693
HG02793	7300	3188	-0.00836247	-61.046	HG02793	PJL	SAS	female	1.7520900737785348
HG02798	7300	3099	-0.00735837	-53.7161	HG02798	GWD	AFR	male	6.873026604555455
HG02799	7300	3073	-0.00723905	-52.8451	HG02799	GWD	AFR	female	7.48153909699146
HG02804	7300	3036	-0.00737253	-53.8195	HG02804	GWD	AFR	male	6.800787578472925
HG02805	7300	3080	-0.00717527	-52.3795	HG02805	GWD	AFR	female	7.80682430534761
HG02807	7300	3067	-0.00737611	-53.8456	HG02807	GWD	AFR	male	6.7825531627983215
HG02808	7300	3068	-0.00777745	-56.7754	HG02808	GWD	AFR	female	4.7356876055778665
HG02810	7300	3116	-0.00753297	-54.9907	HG02810	GWD	AFR	male	5.982544373948181
HG02811	7300	3078	-0.0065561	-47.8595	HG02811	GWD	AFR	female	10.96466180914871
HG02813	7300	3078	-0.00740097	-54.0271	HG02813	GWD	AFR	male	6.655750617015158
HG02814	7300	3065	-0.00626496	-45.7342	HG02814	GWD	AFR	female	12.449474208889521
HG02816	7300	3134	-0.00725922	-52.9923	HG02816	GWD	AFR	male	7.37869978713316
HG02817	7300	3038	-0.00596816	-43.5676	HG02817	GWD	AFR	female	13.963140300866394
HG02819	7300	3081	-0.00722822	-52.766	HG02819	GWD	AFR	male	7.536801253307982
HG02820	7300	3075	-0.00650397	-47.479	HG02820	GWD	AFR	female	11.230493041493027
HG02836	7300	3093	-0.00755163	-55.1269	HG02836	GWD	AFR	male	5.887390066864615
HG02837	7300	3054	-0.00712667	-52.0247	HG02837	GWD	AFR	female	8.054700576663677
HG02839	7300	3034	-0.00651905	-47.5891	HG02839	GWD	AFR	male	11.153573150084066
HG02840	7300	3072	-0.0071773	-52.3943	HG02840	GWD	AFR	female	7.796484483432509
HG02851	7300	3060	-0.00589082	-43.003	HG02851	GWD	AFR	male	14.357590534195177
HG02852	7300	3111	-0.00701378	-51.2006	HG02852	GWD	AFR	female	8.63044701181467
HG02854	7300	3047	-0.00704877	-51.456	HG02854	GWD	AFR	male	8.45201522011759
HG02855	7300	3076	-0.00704085	-51.3982	HG02855	GWD	AFR	female	8.492396416515755
HG02860	7300	3087	-0.00680295	-49.6615	HG02860	GWD	AFR	male	9.705718627323582
HG02861	7300	3014	-0.00671796	-49.0411	HG02861	GWD	AFR	female	10.139152783818759
HG02870	7300	3073	-0.00705108	-51.4729	HG02870	GWD	AFR	female	8.44020826130913
HG02878	7300	3099	-0.00627007	-45.7715	HG02878	GWD	AFR	male	12.423415063117002
HG02879	7300	3063	-0.00597715	-43.6332	HG02879	GWD	AFR	female	13.917309738864324
HG02881	7300	3075	-0.00734403	-53.6114	HG02881	GWD	AFR	male	6.946173858238631
HG02882	7300	3079	-0.00706675	-51.5873	HG02882	GWD	AFR	female	8.360284232451866
HG02884	7300	3052	-0.00742507	-54.203	HG02884	GWD	AFR	male	6.532860436280948
HG02885	7300	3110	-0.00732173	-53.4486	HG02885	GWD	AFR	female	7.059911899304745
HG02887	7300	3088	-0.00663786	-48.4564	HG02887	GWD	AFR	male	10.547645613126832
HG02888	7300	3094	-0.00691884	-50.5075	HG02888	GWD	AFR	female	9.114672050284701
HG02890	7300	3097	-0.00713438	-52.081	HG02890	GWD	AFR	male	8.01536733518934
HG02891	7300	3066	-0.00720595	-52.6034	HG02891	GWD	AFR	female	7.650399567050914
HG02895	7300	3095	-0.0069317	-50.6014	HG02895	GWD	AFR	male	9.049070072053084
HG02896	7300	3083	-0.00675342	-49.3	HG02896	GWD	AFR	female	9.958275763966082
HG02922	7300	3081	-0.00547905	-39.9971	HG02922	ESN	AFR	female	16.457622337884494
HG02923	7300	3050	-0.00721878	-52.6971	HG02923	ESN	AFR	male	7.584937316142471
HG02938	7300	3069	-0.00661156	-48.2644	HG02938	ESN	AFR	male	10.68178384337679
HG02941	7300	3112	-0.00675886	-49.3397	HG02941	ESN	AFR	male	9.930539890315437
HG02943	7300	3098	-0.0061449	-44.8578	HG02943	ESN	AFR	female	13.061759339051312
HG02944	7300	3121	-0.00572049	-41.7596	HG02944	ESN	AFR	male	15.226275302386833
HG02946	7300	3081	-0.00655537	-47.8542	HG02946	ESN	AFR	female	10.968364583212901
HG02947	7300	3085	-0.0061557	-44.9366	HG02947	ESN	AFR	male	13.006706773719557
HG02952	7300	3158	-0.00682756	-49.8412	HG02952	ESN	AFR	female	9.58017362744901
HG02953	7300	3056	-0.00758459	-55.3675	HG02953	ESN	AFR	male	5.719298097082636
HG02968	7300	3086	-0.00687245	-50.1689	HG02968	ESN	AFR	male	9.35123040842343
HG02970	7300	3083	-0.00555322	-40.5385	HG02970	ESN	AFR	female	16.07938047404425
HG02971	7300	3065	-0.00683777	-49.9157	HG02971	ESN	AFR	male	9.528125199565562
HG02973	7300	3104	-0.00704297	-51.4137	HG02973	ESN	AFR	male	8.481567548969537
HG02974	7300	3073	-0.00525015	-38.3261	HG02974	ESN	AFR	female	17.625044123028665
HG02976	7300	3046	-0.00691385	-50.4711	HG02976	ESN	AFR	female	9.140102423102924
HG02977	7300	3046	-0.00651532	-47.5618	HG02977	ESN	AFR	male	11.172645929697733
HG02979	7300	3115	-0.00631386	-46.0912	HG02979	ESN	AFR	female	12.200060937018506
HG02981	7300	3035	-0.00674973	-49.273	HG02981	ESN	AFR	male	9.977138952594977
HG02982	7300	3087	-0.00683395	-49.8878	HG02982	GWD	AFR	male	9.54761716114876
HG02983	7300	3063	-0.00757101	-55.2684	HG02983	GWD	AFR	female	5.788532985716859
HG03006	7300	3184	-0.00851503	-62.1597	HG03006	BEB	SAS	male	0.9740184746671878
HG03007	7300	3253	-0.00842527	-61.5045	HG03007	BEB	SAS	female	1.4317651853951705
HG03009	7300	3173	-0.00859248	-62.7251	HG03009	BEB	SAS	male	0.5790093320456987
HG03012	7300	3239	-0.00828637	-60.4905	HG03012	BEB	SAS	male	2.1401827139027643
HG03015	7300	3242	-0.0082919	-60.5309	HG03015	PJL	SAS	male	2.1119577946209986
HG03016	7300	3206	-0.00814122	-59.4309	HG03016	PJL	SAS	female	2.880458072094718
HG03018	7300	3254	-0.00838501	-61.2106	HG03018	PJL	SAS	male	1.637094486803831
HG03019	7300	3254	-0.00838316	-61.1971	HG03019	PJL	SAS	female	1.6465260811182816
HG03021	7300	3189	-0.00805449	-58.7978	HG03021	PJL	SAS	male	3.322764913611637
HG03022	7300	3150	-0.00838726	-61.227	HG03022	PJL	SAS	female	1.6256368463033157
HG03024	7300	3066	-0.00608073	-44.3893	HG03024	GWD	AFR	male	13.389070593593527
HG03025	7300	3103	-0.00767615	-56.0359	HG03025	GWD	AFR	female	5.25232938302497
HG03027	7300	2989	-0.00674586	-49.2448	HG03027	GWD	AFR	male	9.996840505162945
HG03028	7300	3084	-0.00715004	-52.1953	HG03028	GWD	AFR	female	7.935513169993661
HG03039	7300	3034	-0.00706851	-51.6001	HG03039	GWD	AFR	male	8.351341683768535
HG03040	7300	3041	-0.00649934	-47.4452	HG03040	GWD	AFR	female	11.254106959109947
HG03045	7300	3068	-0.00713337	-52.0736	HG03045	GWD	AFR	male	8.020537246146892
HG03046	7300	3062	-0.0059574	-43.489	HG03046	GWD	AFR	female	14.018053138874972
HG03048	7300	3092	-0.00768841	-56.1254	HG03048	GWD	AFR	male	5.1898014059032445
HG03049	7300	3083	-0.00733242	-53.5267	HG03049	GWD	AFR	female	7.005348379604111
HG03052	7300	3057	-0.00760853	-55.5423	HG03052	MSL	AFR	female	5.5971764166259055
HG03054	7300	3014	-0.00736521	-53.766	HG03054	MSL	AFR	male	6.838164637422783
HG03055	7300	3088	-0.00610727	-44.5831	HG03055	MSL	AFR	female	13.253674817434973
HG03057	7300	3068	-0.0069663	-50.854	HG03057	MSL	AFR	male	8.872594462880482
HG03058	7300	3060	-0.00708884	-51.7485	HG03058	MSL	AFR	female	8.24766400997117
HG03060	7300	3131	-0.00740193	-54.0341	HG03060	MSL	AFR	male	6.650860160703958
HG03061	7300	3085	-0.00676744	-49.4023	HG03061	MSL	AFR	female	9.886805238161026
HG03063	7300	3061	-0.00757799	-55.3193	HG03063	MSL	AFR	male	5.752972381968304
HG03064	7300	3035	-0.00636662	-46.4763	HG03064	MSL	AFR	female	11.931015976241115
HG03066	7300	3096	-0.00771236	-56.3002	HG03066	MSL	AFR	male	5.067679725446514
HG03069	7300	3089	-0.00741142	-54.1034	HG03069	MSL	AFR	male	6.602444643223115
HG03072	7300	3072	-0.00693656	-50.6369	HG03072	MSL	AFR	male	9.02426847218916
HG03073	7300	3051	-0.00780838	-57.0012	HG03073	MSL	AFR	female	4.577935457710988
HG03074	7300	3027	-0.00739425	-53.978	HG03074	MSL	AFR	male	6.690053674855118
HG03077	7300	3082	-0.00663544	-48.4387	HG03077	MSL	AFR	male	10.560011481228004
HG03078	7300	3106	-0.00725799	-52.9833	HG03078	MSL	AFR	male	7.384987516676127
HG03079	7300	3067	-0.00672375	-49.0834	HG03079	MSL	AFR	female	10.109600454966817
HG03081	7300	3077	-0.00685071	-50.0102	HG03081	MSL	AFR	male	9.462104039364414
HG03082	7300	3044	-0.00747441	-54.5632	HG03082	MSL	AFR	female	6.2812115272391
HG03084	7300	3043	-0.00719484	-52.5223	HG03084	MSL	AFR	male	7.707058996599203
HG03085	7300	3058	-0.00756436	-55.2198	HG03085	MSL	AFR	female	5.82248672524888
HG03086	7300	3072	-0.00677645	-49.4681	HG03086	MSL	AFR	female	9.840834948835779
HG03088	7300	3089	-0.00728259	-53.1629	HG03088	MSL	AFR	female	7.259512380463145
HG03091	7300	3074	-0.00650682	-47.4998	HG03091	MSL	AFR	female	11.215961399882614
HG03095	7300	3087	-0.00713333	-52.0733	HG03095	MSL	AFR	female	8.020746837131655
HG03096	7300	3067	-0.00650662	-47.4983	HG03096	MSL	AFR	male	11.217009354806443
HG03097	7300	3087	-0.00713926	-52.1166	HG03097	MSL	AFR	female	7.99049587166383
HG03099	7300	3098	-0.00688079	-50.2298	HG03099	ESN	AFR	female	9.308683438516024
HG03100	7300	3108	-0.0067374	-49.183	HG03100	ESN	AFR	male	10.040016248024648
HG03103	7300	3055	-0.00712868	-52.0394	HG03103	ESN	AFR	male	8.044430618410166
HG03105	7300	3083	-0.00566492	-41.3539	HG03105	ESN	AFR	female	15.509712177451457
HG03108	7300	3081	-0.00659993	-48.1795	HG03108	ESN	AFR	female	10.741098092065448
HG03109	7300	3093	-0.00741156	-54.1044	HG03109	ESN	AFR	male	6.6017460066072315
HG03111	7300	3044	-0.00697641	-50.9278	HG03111	ESN	AFR	female	8.821035080628155
HG03112	7300	3093	-0.00676147	-49.3587	HG03112	ESN	AFR	male	9.91726579461362
HG03114	7300	3019	-0.0062179	-45.3907	HG03114	ESN	AFR	female	12.689455886446085
HG03115	7300	3050	-0.00664312	-48.4948	HG03115	ESN	AFR	male	10.520817967076843
HG03117	7300	3057	-0.00690392	-50.3986	HG03117	ESN	AFR	female	9.190753577754599
HG03118	7300	3102	-0.00615968	-44.9657	HG03118	ESN	AFR	male	12.986376448197298
HG03120	7300	3097	-0.00600393	-43.8287	HG03120	ESN	AFR	male	13.78072628045877
HG03121	7300	3047	-0.00760032	-55.4823	HG03121	ESN	AFR	female	5.639094613579013
HG03123	7300	3064	-0.00653907	-47.7352	HG03123	ESN	AFR	female	11.051502340503239
HG03124	7300	3042	-0.00635218	-46.3709	HG03124	ESN	AFR	male	12.004652275555417
HG03126	7300	3033	-0.00736073	-53.7333	HG03126	ESN	AFR	female	6.861010054762228
HG03127	7300	3086	-0.00733059	-53.5133	HG03127	ESN	AFR	male	7.014710110256971
HG03129	7300	3031	-0.00743373	-54.2662	HG03129	ESN	AFR	female	6.488706602157007
HG03130	7300	3075	-0.00730515	-53.3276	HG03130	ESN	AFR	male	7.144446929826855
HG03132	7300	3160	-0.00416037	-30.3707	HG03132	ESN	AFR	female	23.182977857041774
HG03133	7300	3110	-0.00687699	-50.202	HG03133	ESN	AFR	male	9.328105536437631
HG03135	7300	3087	-0.00682868	-49.8494	HG03135	ESN	AFR	female	9.57444480719875
HG03136	7300	3072	-0.00547784	-39.9882	HG03136	ESN	AFR	male	16.463840203765876
HG03139	7300	3069	-0.00685345	-50.0302	HG03139	ESN	AFR	male	9.448131307046706
HG03157	7300	3106	-0.0061447	-44.8563	HG03157	ESN	AFR	male	13.06280729397514
HG03159	7300	3060	-0.00582915	-42.5528	HG03159	ESN	AFR	female	14.672116738666695
HG03160	7300	3100	-0.00703234	-51.3361	HG03160	ESN	AFR	male	8.535781750362226
HG03162	7300	3094	-0.00752233	-54.913	HG03162	ESN	AFR	female	6.036828439002461
HG03163	7300	3068	-0.00636596	-46.4715	HG03163	ESN	AFR	male	11.934369431997366
HG03166	7300	3061	-0.00750636	-54.7964	HG03166	ESN	AFR	male	6.118289468414674
HG03168	7300	3070	-0.0074567	-54.4339	HG03168	ESN	AFR	female	6.371545241673057
HG03169	7300	3084	-0.00785779	-57.3619	HG03169	ESN	AFR	male	4.3259372303611965
HG03172	7300	3040	-0.00712919	-52.0431	HG03172	ESN	AFR	male	8.041845662931388
HG03175	7300	3051	-0.00665059	-48.5493	HG03175	ESN	AFR	male	10.482742271511096
HG03189	7300	3061	-0.00632944	-46.2049	HG03189	ESN	AFR	female	12.120625953792358
HG03190	7300	3033	-0.00757459	-55.2945	HG03190	ESN	AFR	male	5.7702985700422555
HG03193	7300	3089	-0.00703063	-51.3236	HG03193	ESN	AFR	male	8.544514708060792
HG03195	7300	3087	-0.00708519	-51.7219	HG03195	ESN	AFR	female	8.266247743953718
HG03196	7300	3036	-0.00507427	-37.0422	HG03196	ESN	AFR	male	18.52202367416367
HG03198	7300	3113	-0.00642129	-46.8754	HG03198	ESN	AFR	female	11.652190102841333
HG03199	7300	3086	-0.00707526	-51.6494	HG03199	ESN	AFR	male	8.316898898605393
HG03202	7300	3084	-0.00565978	-41.3164	HG03202	ESN	AFR	male	15.535911050547153
HG03209	7300	3067	-0.00706	-51.538	HG03209	MSL	AFR	male	8.394727017615008
HG03212	7300	3058	-0.00723386	-52.8072	HG03212	MSL	AFR	female	7.508017424733509
HG03224	7300	3043	-0.00644993	-47.0845	HG03224	MSL	AFR	male	11.506105186459738
HG03225	7300	3051	-0.00666456	-48.6513	HG03225	MSL	AFR	male	10.411481336690809
HG03228	7300	3184	-0.00798937	-58.3224	HG03228	PJL	SAS	male	3.6548967608034606
HG03229	7300	3195	-0.00829019	-60.5184	HG03229	PJL	SAS	female	2.1206907523195655
HG03234	7300	3254	-0.00849274	-61.997	HG03234	PJL	SAS	male	1.0876866520717103
HG03235	7300	3124	-0.00828251	-60.4623	HG03235	PJL	SAS	female	2.1598842664707254
HG03237	7300	3232	-0.00824316	-60.1751	HG03237	PJL	SAS	male	2.3605327025529537
HG03238	7300	3183	-0.00838095	-61.1809	HG03238	PJL	SAS	female	1.6578439942956202
HG03240	7300	3116	-0.00618989	-45.1862	HG03240	GWD	AFR	male	12.83232707439461
HG03241	7300	3066	-0.00618019	-45.1154	HG03241	GWD	AFR	female	12.881790546799282
HG03246	7300	3083	-0.00715547	-52.2349	HG03246	GWD	AFR	male	7.907847160004607
HG03247	7300	3080	-0.00624667	-45.6007	HG03247	GWD	AFR	female	12.542742197110194
HG03258	7300	3084	-0.00648811	-47.3632	HG03258	GWD	AFR	male	11.311395161612534
HG03259	7300	3095	-0.00638715	-46.6262	HG03259	GWD	AFR	female	11.826290347519926
HG03265	7300	3051	-0.00690984	-50.4418	HG03265	ESN	AFR	male	9.16057247594836
HG03267	7300	3083	-0.00613549	-44.7891	HG03267	ESN	AFR	female	13.109755674562624
HG03268	7300	3083	-0.00703185	-51.3325	HG03268	ESN	AFR	male	8.538296842179411
HG03270	7300	3048	-0.00587416	-42.8814	HG03270	ESN	AFR	female	14.442544746686817
HG03271	7300	3070	-0.00758319	-55.3573	HG03271	ESN	AFR	male	5.726424190564663
HG03279	7300	3070	-0.00777908	-56.7873	HG03279	ESN	AFR	female	4.72737382984883
HG03280	7300	3129	-0.00624915	-45.6188	HG03280	ESN	AFR	male	12.530096874362673
HG03291	7300	3118	-0.00735144	-53.6655	HG03291	ESN	AFR	female	6.9083776173192435
HG03294	7300	3034	-0.00627722	-45.8237	HG03294	ESN	AFR	female	12.386946231767794
HG03295	7300	3101	-0.00539581	-39.3894	HG03295	ESN	AFR	male	16.88218380935793
HG03297	7300	3071	-0.00692352	-50.5417	HG03297	ESN	AFR	female	9.09077867802143
HG03298	7300	3092	-0.00619264	-45.2063	HG03298	ESN	AFR	male	12.81828447841532
HG03300	7300	3064	-0.00557642	-40.7079	HG03300	ESN	AFR	female	15.961031431313295
HG03301	7300	3040	-0.00669686	-48.8871	HG03301	ESN	AFR	male	10.24674282266508
HG03303	7300	3103	-0.00576549	-42.0881	HG03303	ESN	AFR	female	14.996773174068547
HG03304	7300	3025	-0.00534062	-38.9865	HG03304	ESN	AFR	male	17.16366450189808
HG03311	7300	3061	-0.00655427	-47.8462	HG03311	ESN	AFR	male	10.97395367613998
HG03313	7300	3067	-0.00667162	-48.7028	HG03313	ESN	AFR	male	10.375501550972718
HG03342	7300	3104	-0.00433732	-31.6624	HG03342	ESN	AFR	female	22.28054894030286
HG03343	7300	3066	-0.00653536	-47.7081	HG03343	ESN	AFR	male	11.070435392793726
HG03351	7300	3057	-0.00746473	-54.4925	HG03351	ESN	AFR	female	6.330605135982185
HG03352	7300	3074	-0.00459344	-33.5321	HG03352	ESN	AFR	male	20.974308059582306
HG03354	7300	3056	-0.00714729	-52.1752	HG03354	ESN	AFR	female	7.949555765972958
HG03363	7300	3144	-0.00337922	-24.6683	HG03363	ESN	AFR	female	27.166883295465535
HG03366	7300	3103	-0.00548462	-40.0377	HG03366	ESN	AFR	female	16.429257691279556
HG03367	7300	3094	-0.00718336	-52.4385	HG03367	ESN	AFR	male	7.765604745010385
HG03369	7300	3092	-0.00644234	-47.0291	HG03369	ESN	AFR	female	11.544809654979778
HG03370	7300	3107	-0.00727138	-53.0811	HG03370	ESN	AFR	male	7.316660855642555
HG03372	7300	3047	-0.00653622	-47.7144	HG03372	ESN	AFR	female	11.066033982113654
HG03376	7300	3050	-0.0075281	-54.9551	HG03376	MSL	AFR	male	6.007415837473691
HG03378	7300	3062	-0.00652623	-47.6415	HG03378	MSL	AFR	female	11.116964591411682
HG03380	7300	3052	-0.0064741	-47.2609	HG03380	MSL	AFR	female	11.382865687417588
HG03382	7300	3095	-0.0072847	-53.1783	HG03382	MSL	AFR	male	7.248753376578513
HG03385	7300	3053	-0.00686345	-50.1032	HG03385	MSL	AFR	male	9.397130834087088
HG03388	7300	3105	-0.00640951	-46.7894	HG03388	MSL	AFR	male	11.712272851807459
HG03391	7300	3031	-0.00731495	-53.3991	HG03391	MSL	AFR	male	7.0944944117910635
HG03394	7300	3070	-0.0067123	-48.9998	HG03394	MSL	AFR	male	10.168006476054817
HG03397	7300	3059	-0.00724774	-52.9085	HG03397	MSL	AFR	male	7.437245535544342
HG03401	7300	3072	-0.00649508	-47.4141	HG03401	MSL	AFR	female	11.275834557863979
HG03410	7300	3090	-0.00733001	-53.5091	HG03410	MSL	AFR	female	7.017644384043692
HG03419	7300	3074	-0.00736882	-53.7924	HG03419	MSL	AFR	female	6.819720630763412
HG03428	7300	3084	-0.00664919	-48.5391	HG03428	MSL	AFR	female	10.489868364993129
HG03432	7300	3038	-0.0065221	-47.6113	HG03432	MSL	AFR	male	11.138063417211415
HG03433	7300	3072	-0.00698212	-50.9695	HG03433	MSL	AFR	male	8.791901933745743
HG03436	7300	3057	-0.00648092	-47.3107	HG03436	MSL	AFR	male	11.348073583946508
HG03437	7300	3081	-0.00655266	-47.8344	HG03437	MSL	AFR	female	10.982197588207425
HG03439	7300	3061	-0.00706992	-51.6104	HG03439	MSL	AFR	male	8.344145726624918
HG03442	7300	3052	-0.00614692	-44.8725	HG03442	MSL	AFR	male	13.051489380797797
HG03445	7300	3085	-0.0071929	-52.5082	HG03445	MSL	AFR	male	7.7169097728831835
HG03446	7300	3042	-0.00545518	-39.8228	HG03446	MSL	AFR	female	16.579394700033287
HG03449	7300	3030	-0.00664063	-48.4766	HG03449	MSL	AFR	female	10.533533153485955
HG03451	7300	3110	-0.00544292	-39.7333	HG03451	MSL	AFR	male	16.641922677155012
HG03452	7300	3037	-0.00560259	-40.8989	HG03452	MSL	AFR	female	15.827591837679226
HG03455	7300	3076	-0.00502793	-36.7039	HG03455	MSL	AFR	female	18.758372441317636
HG03457	7300	3068	-0.00679622	-49.6124	HG03457	MSL	AFR	male	9.740021685163542
HG03458	7300	3075	-0.0067616	-49.3597	HG03458	MSL	AFR	female	9.916567157997736
HG03460	7300	3083	-0.0062834	-45.8688	HG03460	MSL	AFR	male	12.355437720391373
HG03461	7300	3084	-0.00702081	-51.2519	HG03461	MSL	AFR	female	8.594606953419762
HG03464	7300	3074	-0.00664405	-48.5016	HG03464	MSL	AFR	female	10.51606723808882
HG03469	7300	3063	-0.0067007	-48.9151	HG03469	MSL	AFR	male	10.227180997420291
HG03470	7300	3058	-0.00689801	-50.3555	HG03470	MSL	AFR	female	9.220864815899253
HG03472	7300	3035	-0.00698277	-50.9742	HG03472	MSL	AFR	male	8.788618341651077
HG03473	7300	3021	-0.00633819	-46.2688	HG03473	MSL	AFR	female	12.075983074037296
HG03476	7300	3121	-0.00586175	-42.7908	HG03476	MSL	AFR	female	14.505841224086018
HG03478	7300	3063	-0.00632408	-46.1658	HG03478	MSL	AFR	male	12.147942645473472
HG03479	7300	3081	-0.00557464	-40.6949	HG03479	MSL	AFR	female	15.970113707319806
HG03484	7300	3094	-0.0070483	-51.4526	HG03484	MSL	AFR	male	8.454390584611604
HG03485	7300	3087	-0.005593	-40.8289	HG03485	MSL	AFR	female	15.87649640079119
HG03488	7300	3273	-0.00795295	-58.0565	HG03488	PJL	SAS	female	3.8406642369673363
HG03490	7300	3204	-0.0083389	-60.874	HG03490	PJL	SAS	male	1.872255571710787
HG03491	7300	3283	-0.00867384	-63.319	HG03491	PJL	SAS	female	0.1640890458714756
HG03499	7300	3091	-0.00737145	-53.8116	HG03499	ESN	AFR	female	6.806306807738418
HG03511	7300	3083	-0.00702808	-51.305	HG03511	ESN	AFR	female	8.557509349116257
HG03514	7300	3051	-0.00741675	-54.1423	HG03514	ESN	AFR	female	6.575267678865182
HG03515	7300	3076	-0.00741701	-54.1442	HG03515	ESN	AFR	male	6.573940269295001
HG03517	7300	3037	-0.00654353	-47.7678	HG03517	ESN	AFR	female	11.02872678682538
HG03518	7300	3037	-0.00725084	-52.9311	HG03518	ESN	AFR	male	7.421456348025334
HG03520	7300	3086	-0.00623821	-45.5389	HG03520	ESN	AFR	female	12.585917939971903
HG03521	7300	3074	-0.0071489	-52.187	HG03521	ESN	AFR	male	7.941311853905512
HG03538	7300	3077	-0.00632067	-46.1409	HG03538	GWD	AFR	male	12.16533869720901
HG03539	7300	3046	-0.00682003	-49.7862	HG03539	GWD	AFR	female	9.618598641322695
HG03547	7300	3075	-0.00749121	-54.6858	HG03547	MSL	AFR	male	6.195558678131576
HG03548	7300	3031	-0.0066263	-48.372	HG03548	MSL	AFR	female	10.606610543507545
HG03556	7300	3042	-0.00719111	-52.4951	HG03556	MSL	AFR	male	7.72606191255128
HG03557	7300	3099	-0.00659478	-48.1419	HG03557	MSL	AFR	female	10.767366828822729
HG03558	7300	3115	-0.00737527	-53.8395	HG03558	MSL	AFR	female	6.786814846155219
HG03559	7300	3042	-0.00749822	-54.737	HG03559	MSL	AFR	male	6.159788483398253
HG03563	7300	3105	-0.00547945	-40.0	HG03563	MSL	AFR	female	16.45559629169843
HG03565	7300	3108	-0.00712636	-52.0224	HG03565	MSL	AFR	male	8.056307440880216
HG03567	7300	3057	-0.00721412	-52.6631	HG03567	MSL	AFR	female	7.6086909610825675
HG03571	7300	3099	-0.00703396	-51.3479	HG03571	MSL	AFR	male	8.52753783829478
HG03572	7300	3045	-0.00756407	-55.2177	HG03572	MSL	AFR	female	5.823953862142238
HG03575	7300	3097	-0.007869	-57.4437	HG03575	MSL	AFR	female	4.268788755181786
HG03577	7300	3056	-0.00588621	-42.9693	HG03577	MSL	AFR	male	14.38113458815051
HG03578	7300	3098	-0.00665092	-48.5517	HG03578	MSL	AFR	female	10.481065543632976
HG03583	7300	3052	-0.00780105	-56.9477	HG03583	MSL	AFR	female	4.615312516660847
HG03585	7300	3225	-0.00836836	-61.089	HG03585	BEB	SAS	male	1.7220486992954718
HG03589	7300	3270	-0.00803879	-58.6832	HG03589	BEB	SAS	female	3.4028286697920826
HG03593	7300	3229	-0.008106	-59.1738	HG03593	BEB	SAS	male	3.0600775460388037
HG03594	7300	3221	-0.00826304	-60.3202	HG03594	BEB	SAS	male	2.2591605295880117
HG03595	7300	3273	-0.00840105	-61.3277	HG03595	BEB	SAS	female	1.5552841390836738
HG03598	7300	3212	-0.00859397	-62.736	HG03598	BEB	SAS	female	0.5713941929325503
HG03600	7300	3254	-0.00844404	-61.6415	HG03600	BEB	SAS	male	1.3360519690188981
HG03603	7300	3254	-0.00857248	-62.5791	HG03603	BEB	SAS	male	0.6810102779649383
HG03604	7300	3233	-0.00839021	-61.2485	HG03604	BEB	SAS	female	1.6106161590617816
HG03607	7300	3195	-0.00819655	-59.8348	HG03607	BEB	SAS	female	2.598278742938686
HG03611	7300	3233	-0.0083199	-60.7353	HG03611	BEB	SAS	female	1.969156470334064
HG03615	7300	3179	-0.00803086	-58.6253	HG03615	BEB	SAS	male	3.443279729851833
HG03616	7300	3302	-0.00847268	-61.8506	HG03616	BEB	SAS	female	1.1899670526373034
HG03619	7300	3263	-0.00871959	-63.653	HG03619	PJL	SAS	female	-0.06925558383417807
HG03624	7300	3252	-0.00867677	-63.3404	HG03624	PJL	SAS	male	0.14913822229153245
HG03625	7300	3230	-0.00854495	-62.3781	HG03625	PJL	SAS	female	0.8214362377578586
HG03629	7300	3214	-0.00858889	-62.6989	HG03629	PJL	SAS	male	0.5973136113818879
HG03631	7300	3209	-0.00852297	-62.2177	HG03631	PJL	SAS	female	0.9334975509458464
HG03634	7300	3274	-0.00861021	-62.8545	HG03634	PJL	SAS	female	0.48860575395015116
HG03636	7300	3261	-0.0084551	-61.7222	HG03636	PJL	SAS	male	1.2796719941169623
HG03640	7300	3248	-0.00803741	-58.6731	HG03640	PJL	SAS	female	3.409884899612524
HG03642	7300	3182	-0.00844859	-61.6747	HG03642	STU	SAS	female	1.312857233371509
HG03643	7300	3283	-0.00820274	-59.88	HG03643	STU	SAS	female	2.5667003679006744
HG03644	7300	3232	-0.00848436	-61.9358	HG03644	STU	SAS	male	1.1304432129638842
HG03645	7300	3177	-0.00794668	-58.0108	HG03645	STU	SAS	female	3.8725919303132876
HG03646	7300	3219	-0.008174	-59.6702	HG03646	STU	SAS	male	2.71327432991339
HG03649	7300	3244	-0.00866397	-63.247	HG03649	PJL	SAS	male	0.21439088221521183
HG03652	7300	3283	-0.00855936	-62.4833	HG03652	PJL	SAS	male	0.7479396657667382
HG03653	7300	3241	-0.00849349	-62.0025	HG03653	PJL	SAS	female	1.0838441506843433
HG03660	7300	3256	-0.00833182	-60.8223	HG03660	PJL	SAS	male	1.9083750847520544
HG03663	7300	3149	-0.00831307	-60.6854	HG03663	PJL	SAS	male	2.004018437466736
HG03667	7300	3238	-0.00811281	-59.2235	HG03667	PJL	SAS	male	3.0253553062293084
HG03668	7300	3245	-0.00863137	-63.009	HG03668	PJL	SAS	female	0.3806663967958888
HG03672	7300	3200	-0.00836738	-61.0819	HG03672	STU	SAS	male	1.7270090192682575
HG03673	7300	3240	-0.00837107	-61.1088	HG03673	STU	SAS	female	1.7082156943009423
HG03679	7300	3198	-0.00832693	-60.7866	HG03679	STU	SAS	male	1.933316411939155
HG03680	7300	3172	-0.00835904	-61.021	HG03680	STU	SAS	male	1.7695559891756638
HG03681	7300	3238	-0.00801551	-58.5132	HG03681	STU	SAS	male	3.5215968944925677
HG03684	7300	3195	-0.00818608	-59.7584	HG03684	STU	SAS	female	2.6516545803923153
HG03685	7300	3246	-0.00833203	-60.8238	HG03685	STU	SAS	male	1.9073271298282266
HG03686	7300	3201	-0.00842234	-61.4831	HG03686	STU	SAS	male	1.4467160089751137
HG03687	7300	3261	-0.00835723	-61.0078	HG03687	STU	SAS	male	1.7787779925053468
HG03689	7300	3247	-0.00848038	-61.9068	HG03689	STU	SAS	female	1.1507036748245574
HG03690	7300	3220	-0.00824977	-60.2233	HG03690	STU	SAS	female	2.326858417667286
HG03691	7300	3249	-0.00858936	-62.7023	HG03691	STU	SAS	male	0.5949382468878788
HG03692	7300	3227	-0.0083433	-60.9061	HG03692	STU	SAS	female	1.8498293363408722
HG03693	7300	3275	-0.00828881	-60.5083	HG03693	STU	SAS	male	2.127746982140007
HG03694	7300	3262	-0.00821204	-59.9479	HG03694	STU	SAS	male	2.519262941682073
HG03695	7300	3122	-0.00825077	-60.2306	HG03695	STU	SAS	male	2.321758370371324
HG03696	7300	3247	-0.00835123	-60.964	HG03696	STU	SAS	male	1.8093782762811217
HG03697	7300	3244	-0.00782271	-57.1058	HG03697	STU	SAS	male	4.504858067689393
HG03698	7300	3219	-0.00823871	-60.1426	HG03698	STU	SAS	female	2.383238392569222
HG03702	7300	3214	-0.00816664	-59.6165	HG03702	PJL	SAS	male	2.7507911161864245
HG03703	7300	3239	-0.00836015	-61.0291	HG03703	PJL	SAS	female	1.7638970325869945
HG03705	7300	3236	-0.00843204	-61.5539	HG03705	PJL	SAS	male	1.3972525365704427
HG03706	7300	3233	-0.00865133	-63.1547	HG03706	PJL	SAS	female	0.2788750418614168
HG03708	7300	3239	-0.00834184	-60.8954	HG03708	PJL	SAS	male	1.8573047481308438
HG03709	7300	3235	-0.00842097	-61.4731	HG03709	PJL	SAS	female	1.4537023751339644
HG03711	7300	3224	-0.00850636	-62.0964	HG03711	STU	SAS	male	1.0182421724527195
HG03713	7300	3237	-0.00850844	-62.1116	HG03713	ITU	SAS	male	1.0076228958912645
HG03714	7300	3219	-0.00850068	-62.055	HG03714	ITU	SAS	female	1.047165728350369
HG03716	7300	3305	-0.0081713	-59.6505	HG03716	ITU	SAS	male	2.727037471246329
HG03717	7300	3271	-0.00866467	-63.2521	HG03717	ITU	SAS	female	0.21082783547419817
HG03718	7300	3243	-0.00813301	-59.371	HG03718	ITU	SAS	male	2.922306405386241
HG03720	7300	3251	-0.00795125	-58.0441	HG03720	ITU	SAS	male	3.8493273310043126
HG03722	7300	3240	-0.00822359	-60.0322	HG03722	ITU	SAS	female	2.4603678749629467
HG03727	7300	3205	-0.00862732	-62.9794	HG03727	ITU	SAS	male	0.40134604062609214
HG03729	7300	3222	-0.00810081	-59.1359	HG03729	ITU	SAS	male	3.086555873780853
HG03730	7300	3241	-0.0083631	-61.0506	HG03730	ITU	SAS	female	1.7488763453454605
HG03731	7300	3268	-0.00833108	-60.8169	HG03731	ITU	SAS	female	1.9121477224778356
HG03733	7300	3216	-0.00802764	-58.6018	HG03733	STU	SAS	female	3.4596976903251395
HG03736	7300	3204	-0.00854237	-62.3593	HG03736	STU	SAS	female	0.8345706061365045
HG03738	7300	3222	-0.00849244	-61.9948	HG03738	STU	SAS	male	1.0892236526266592
HG03740	7300	3236	-0.00860086	-62.7863	HG03740	STU	SAS	male	0.5362527711535249
HG03741	7300	3240	-0.00856588	-62.5309	HG03741	STU	SAS	female	0.7146845628506008
HG03742	7300	3219	-0.00833449	-60.8418	HG03742	ITU	SAS	male	1.8947516707422924
HG03743	7300	3164	-0.00838182	-61.1873	HG03743	STU	SAS	male	1.6533727199539554
HG03744	7300	3176	-0.00864319	-63.0953	HG03744	STU	SAS	male	0.3203740568449952
HG03745	7300	3213	-0.00880615	-64.2849	HG03745	STU	SAS	male	-0.5107240614120314
HG03746	7300	3197	-0.008457	-61.7361	HG03746	STU	SAS	male	1.2699609451561584
HG03750	7300	3298	-0.00843511	-61.5763	HG03750	STU	SAS	male	1.381603076374611
HG03752	7300	3233	-0.00828449	-60.4768	HG03752	STU	SAS	female	2.1497540355403917
HG03753	7300	3238	-0.0080406	-58.6964	HG03753	STU	SAS	male	3.3936066664623996
HG03754	7300	3354	-0.00858563	-62.6751	HG03754	STU	SAS	female	0.6139411628399566
HG03755	7300	3190	-0.0087961	-64.2115	HG03755	STU	SAS	male	-0.45944413380606314
HG03756	7300	3206	-0.00834626	-60.9277	HG03756	STU	SAS	female	1.8347387854377524
HG03757	7300	3248	-0.00847416	-61.8614	HG03757	STU	SAS	female	1.182421777185741
HG03760	7300	3244	-0.00836096	-61.035	HG03760	STU	SAS	female	1.759775076553274
HG03762	7300	3190	-0.00846178	-61.771	HG03762	PJL	SAS	female	1.2455785272617648
HG03765	7300	3186	-0.00820458	-59.8934	HG03765	PJL	SAS	female	2.5573386372478146
HG03767	7300	3247	-0.00848977	-61.9753	HG03767	PJL	SAS	male	1.1028470666364212
HG03770	7300	3200	-0.00833947	-60.8781	HG03770	ITU	SAS	female	1.8693911615856569
HG03771	7300	3214	-0.00845751	-61.7398	HG03771	ITU	SAS	male	1.2673759896773817
HG03772	7300	3233	-0.00828303	-60.4661	HG03772	ITU	SAS	female	2.157229447330363
HG03773	7300	3181	-0.00822889	-60.0709	HG03773	ITU	SAS	male	2.4333306379281905
HG03774	7300	3225	-0.00763196	-55.7133	HG03774	ITU	SAS	female	5.477709555309536
HG03775	7300	3244	-0.00833566	-60.8503	HG03775	ITU	SAS	male	1.8888132595072697
HG03777	7300	3244	-0.00833453	-60.8421	HG03777	ITU	SAS	male	1.894542079757525
HG03778	7300	3213	-0.00831773	-60.7194	HG03778	ITU	SAS	male	1.9802647925266401
HG03779	7300	3232	-0.00795345	-58.0602	HG03779	ITU	SAS	male	3.8380792814885596
HG03780	7300	3229	-0.00831626	-60.7087	HG03780	ITU	SAS	female	1.9877402043166117
HG03781	7300	3221	-0.00810905	-59.1961	HG03781	ITU	SAS	female	3.0444979495045628
HG03782	7300	3281	-0.00843603	-61.583	HG03782	ITU	SAS	female	1.3769222110481838
HG03784	7300	3202	-0.0081094	-59.1986	HG03784	ITU	SAS	female	3.0427513579648515
HG03785	7300	3220	-0.00814058	-59.4262	HG03785	ITU	SAS	male	2.8837416641893783
HG03786	7300	3286	-0.00833601	-60.8529	HG03786	ITU	SAS	male	1.8869968043059675
HG03787	7300	3215	-0.00847301	-61.853	HG03787	ITU	SAS	female	1.1882903247591778
HG03788	7300	3195	-0.00819284	-59.8077	HG03788	ITU	SAS	male	2.6172117952291782
HG03789	7300	3200	-0.00846038	-61.7608	HG03789	ITU	SAS	female	1.252704620743792
HG03790	7300	3252	-0.00837885	-61.1656	HG03790	ITU	SAS	male	1.6685331345186662
HG03792	7300	3212	-0.00813333	-59.3733	HG03792	ITU	SAS	male	2.9206995411697063
HG03793	7300	3238	-0.0084301	-61.5397	HG03793	BEB	SAS	female	1.4071731765160094
HG03796	7300	3232	-0.00847496	-61.8672	HG03796	BEB	SAS	female	1.1783696848136114
HG03800	7300	3275	-0.00817241	-59.6586	HG03800	BEB	SAS	male	2.7213785146576592
HG03802	7300	3224	-0.00844511	-61.6493	HG03802	BEB	SAS	female	1.3306026034149963
HG03803	7300	3242	-0.00881781	-64.37	HG03803	BEB	SAS	male	-0.5701780374238697
HG03805	7300	3186	-0.0082956	-60.5579	HG03805	BEB	SAS	female	2.0930946059921025
HG03808	7300	3275	-0.00815874	-59.5588	HG03808	BEB	SAS	female	2.7911024489230036
HG03809	7300	3198	-0.00804073	-58.6973	HG03809	BEB	SAS	male	3.392977893508102
HG03812	7300	3253	-0.00832404	-60.7655	HG03812	BEB	SAS	male	1.9480576445343305
HG03814	7300	3220	-0.00847674	-61.8802	HG03814	BEB	SAS	female	1.1692874088071001
HG03815	7300	3255	-0.00836263	-61.0472	HG03815	BEB	SAS	male	1.7512517098394744
HG03817	7300	3230	-0.00826975	-60.3692	HG03817	BEB	SAS	female	2.2249273354096375
HG03821	7300	3211	-0.00872332	-63.6802	HG03821	BEB	SAS	male	-0.08825849978625587
HG03823	7300	3252	-0.00856868	-62.5514	HG03823	BEB	SAS	female	0.7003625122249554
HG03824	7300	3171	-0.00841959	-61.463	HG03824	BEB	SAS	male	1.4607586049544057
HG03826	7300	3236	-0.00837082	-61.107	HG03826	BEB	SAS	female	1.7094732402095376
HG03829	7300	3223	-0.00787988	-57.5231	HG03829	BEB	SAS	female	4.213317007880502
HG03830	7300	3278	-0.00825597	-60.2686	HG03830	BEB	SAS	male	2.2952101789676886
HG03832	7300	3228	-0.00851145	-62.1336	HG03832	BEB	SAS	female	0.9922528903417912
HG03833	7300	3220	-0.00827074	-60.3764	HG03833	BEB	SAS	male	2.2198971517752657
HG03836	7300	3254	-0.00855378	-62.4426	HG03836	STU	SAS	female	0.7763741760332665
HG03837	7300	3227	-0.00830214	-60.6056	HG03837	STU	SAS	male	2.059769639414374
HG03838	7300	3166	-0.00842753	-61.521	HG03838	STU	SAS	female	1.4202376812330644
HG03844	7300	3276	-0.00857973	-62.632	HG03844	STU	SAS	male	0.6440524009846105
HG03846	7300	3237	-0.00859325	-62.7307	HG03846	STU	SAS	male	0.5750969669967407
HG03848	7300	3221	-0.00866121	-63.2268	HG03848	STU	SAS	male	0.2285033418560947
HG03849	7300	3187	-0.00862066	-62.9308	HG03849	STU	SAS	female	0.4352997801581131
HG03850	7300	3214	-0.00824973	-60.223	HG03850	STU	SAS	male	2.327068008652054
HG03851	7300	3253	-0.00867253	-63.3095	HG03851	STU	SAS	male	0.1707260937223869
HG03854	7300	3201	-0.00853107	-62.2768	HG03854	STU	SAS	male	0.8922081269470307
HG03856	7300	3268	-0.0080294	-58.6146	HG03856	STU	SAS	male	3.450755141641805
HG03857	7300	3251	-0.00814456	-59.4553	HG03857	STU	SAS	female	2.8634113386671194
HG03858	7300	3191	-0.00825373	-60.2522	HG03858	STU	SAS	female	2.306667819468204
HG03861	7300	3239	-0.00829316	-60.5401	HG03861	ITU	SAS	female	2.1055303377548547
HG03862	7300	3225	-0.00861929	-62.9208	HG03862	ITU	SAS	female	0.4422861463169637
HG03863	7300	3272	-0.00843712	-61.591	HG03863	ITU	SAS	female	1.3713331181211004
HG03864	7300	3168	-0.00816458	-59.6014	HG03864	ITU	SAS	male	2.761340529086294
HG03866	7300	3218	-0.00861336	-62.8775	HG03866	ITU	SAS	male	0.4725371117847943
HG03867	7300	3233	-0.0084879	-61.9617	HG03867	ITU	SAS	male	1.1123485246124576
HG03868	7300	3209	-0.00831596	-60.7065	HG03868	ITU	SAS	female	1.9892772048715606
HG03869	7300	3223	-0.00843405	-61.5686	HG03869	ITU	SAS	male	1.386982578316927
HG03870	7300	3214	-0.00821211	-59.9484	HG03870	ITU	SAS	male	2.518913623374129
HG03871	7300	3206	-0.00828444	-60.4764	HG03871	ITU	SAS	male	2.150033490186745
HG03872	7300	3239	-0.00829633	-60.5632	HG03872	ITU	SAS	male	2.089391831927907
HG03873	7300	3226	-0.00804449	-58.7248	HG03873	ITU	SAS	female	3.3737653865712565
HG03874	7300	3209	-0.00799427	-58.3582	HG03874	ITU	SAS	female	3.6298855699547743
HG03875	7300	3259	-0.00872696	-63.7068	HG03875	ITU	SAS	male	-0.10684223376880352
HG03882	7300	3242	-0.00838133	-61.1837	HG03882	ITU	SAS	female	1.6558878117711413
HG03884	7300	3231	-0.00864482	-63.1072	HG03884	STU	SAS	female	0.31206028111596334
HG03885	7300	3264	-0.00823156	-60.0904	HG03885	STU	SAS	male	2.4197072239184285
HG03886	7300	3234	-0.00826997	-60.3708	HG03886	STU	SAS	female	2.2238095168242187
HG03887	7300	3181	-0.00859158	-62.7185	HG03887	STU	SAS	male	0.5836203337105401
HG03888	7300	3273	-0.00832052	-60.7398	HG03888	STU	SAS	female	1.9660126055625806
HG03890	7300	3214	-0.00837849	-61.163	HG03890	STU	SAS	male	1.6703495897199685
HG03894	7300	3248	-0.00870142	-63.5204	HG03894	STU	SAS	female	0.023383631432196853
HG03895	7300	3208	-0.00846834	-61.8189	HG03895	STU	SAS	female	1.2121138333608648
HG03896	7300	3266	-0.00837442	-61.1333	HG03896	STU	SAS	male	1.6910990972117577
HG03897	7300	3201	-0.00848899	-61.9696	HG03897	STU	SAS	female	1.106829295346965
HG03898	7300	3213	-0.00812342	-59.301	HG03898	STU	SAS	female	2.971210968498205
HG03899	7300	3217	-0.00809382	-59.0849	HG03899	STU	SAS	male	3.1221863411909996
HG03900	7300	3201	-0.00867707	-63.3426	HG03900	STU	SAS	male	0.1476012217365886
HG03902	7300	3256	-0.00766522	-55.9561	HG03902	BEB	SAS	male	5.3080805849726085
HG03905	7300	3226	-0.00837971	-61.1719	HG03905	BEB	SAS	male	1.6641317238385873
HG03907	7300	3223	-0.00833825	-60.8692	HG03907	BEB	SAS	female	1.875609027467038
HG03908	7300	3252	-0.0080301	-58.6197	HG03908	BEB	SAS	male	3.447192094900791
HG03910	7300	3222	-0.00817749	-59.6957	HG03910	BEB	SAS	female	2.695459096208317
HG03911	7300	3211	-0.00830463	-60.6238	HG03911	BEB	SAS	male	2.0470544530052632
HG03913	7300	3180	-0.00830312	-60.6128	HG03913	BEB	SAS	female	2.0547394557800027
HG03914	7300	3235	-0.00832936	-60.8043	HG03914	BEB	SAS	male	1.9209505438379886
HG03916	7300	3288	-0.00832315	-60.759	HG03916	BEB	SAS	female	1.9525987825375861
HG03917	7300	3273	-0.00836286	-61.0489	HG03917	BEB	SAS	male	1.750064027592465
HG03919	7300	3193	-0.00833514	-60.8465	HG03919	BEB	SAS	female	1.8914680786476323
HG03920	7300	3239	-0.00818414	-59.7442	HG03920	BEB	SAS	male	2.6615752203378866
HG03922	7300	3200	-0.0085943	-62.7384	HG03922	BEB	SAS	female	0.5697174650544249
HG03925	7300	3224	-0.00852655	-62.2438	HG03925	BEB	SAS	female	0.915263135271243
HG03926	7300	3190	-0.00855408	-62.4448	HG03926	BEB	SAS	male	0.7748371754783178
HG03928	7300	3245	-0.0078247	-57.1203	HG03928	BEB	SAS	female	4.4947278367590595
HG03931	7300	3220	-0.00814982	-59.4937	HG03931	BEB	SAS	female	2.836583692617131
HG03934	7300	3300	-0.00833678	-60.8585	HG03934	BEB	SAS	female	1.8830844392570096
HG03937	7300	3207	-0.00824114	-60.1603	HG03937	BEB	SAS	female	2.3708725244680555
HG03940	7300	3206	-0.00791956	-57.8128	HG03940	BEB	SAS	female	4.010921980258558
HG03941	7300	3227	-0.00833822	-60.869	HG03941	BEB	SAS	male	1.8757487547902147
HG03943	7300	3191	-0.00829115	-60.5254	HG03943	STU	SAS	male	2.1158002960083704
HG03944	7300	3222	-0.0085474	-62.396	HG03944	STU	SAS	female	0.8089306423335154
HG03945	7300	3207	-0.008423	-61.4879	HG03945	STU	SAS	female	1.4433625532188628
HG03947	7300	3235	-0.008197	-59.8381	HG03947	STU	SAS	female	2.5959732421062682
HG03949	7300	3202	-0.00837759	-61.1564	HG03949	STU	SAS	female	1.67496059138481
HG03950	7300	3246	-0.00847144	-61.8415	HG03950	STU	SAS	male	1.1963246458418564
HG03951	7300	3234	-0.00840578	-61.3622	HG03951	STU	SAS	female	1.5311811758356335
HG03953	7300	3161	-0.00845208	-61.7002	HG03953	STU	SAS	male	1.2950419996664357
HG03955	7300	3279	-0.00869374	-63.4643	HG03955	STU	SAS	female	0.062577145583357
HG03960	7300	3201	-0.00802692	-58.5965	HG03960	ITU	SAS	male	3.4634004643893297
HG03963	7300	3200	-0.00845671	-61.734	HG03963	ITU	SAS	male	1.2714280820495163
HG03965	7300	3241	-0.00827019	-60.3724	HG03965	ITU	SAS	male	2.222691698238805
HG03967	7300	3278	-0.00849618	-62.0221	HG03967	ITU	SAS	male	1.0701508730129905
HG03968	7300	3205	-0.00776707	-56.6996	HG03968	ITU	SAS	female	4.788644261061965
HG03969	7300	3271	-0.00823864	-60.1421	HG03969	ITU	SAS	male	2.383587710877166
HG03971	7300	3176	-0.00842616	-61.511	HG03971	ITU	SAS	male	1.4272240473919149
HG03973	7300	3200	-0.00847332	-61.8552	HG03973	ITU	SAS	female	1.186753324204229
HG03974	7300	3214	-0.00840945	-61.389	HG03974	ITU	SAS	male	1.5124577145299092
HG03976	7300	3262	-0.0083964	-61.2937	HG03976	ITU	SAS	male	1.5790377840237697
HG03977	7300	3177	-0.00843401	-61.5683	HG03977	ITU	SAS	female	1.3871921693016946
HG03978	7300	3258	-0.00870847	-63.5718	HG03978	ITU	SAS	male	-0.012526290624303067
HG03985	7300	3223	-0.00811589	-59.246	HG03985	STU	SAS	male	3.009635982371891
HG03986	7300	3244	-0.00824993	-60.2245	HG03986	STU	SAS	female	2.326020053728226
HG03989	7300	3296	-0.00833129	-60.8184	HG03989	STU	SAS	female	1.9110997675540078
HG03990	7300	3190	-0.00860466	-62.814	HG03990	STU	SAS	male	0.5169005368935028
HG03991	7300	3183	-0.00821203	-59.9478	HG03991	STU	SAS	male	2.519332805343659
HG03995	7300	3211	-0.00854126	-62.3512	HG03995	STU	SAS	female	0.8402295627251738
HG03998	7300	3215	-0.00795574	-58.0769	HG03998	STU	SAS	male	3.826412050003277
HG03999	7300	3199	-0.00807573	-58.9528	HG03999	STU	SAS	male	3.2144762381494303
HG04001	7300	3256	-0.00799353	-58.3528	HG04001	ITU	SAS	female	3.6336582076805506
HG04002	7300	3241	-0.00841014	-61.394	HG04002	ITU	SAS	male	1.5089645314504863
HG04003	7300	3251	-0.00799227	-58.3436	HG04003	STU	SAS	male	3.640085664546694
HG04006	7300	3228	-0.00813904	-59.415	HG04006	STU	SAS	male	2.8915663942872945
HG04014	7300	3198	-0.00833252	-60.8274	HG04014	ITU	SAS	female	1.9048120380110407
HG04015	7300	3285	-0.00831699	-60.714	HG04015	ITU	SAS	male	1.9840374302524213
HG04017	7300	3210	-0.00770405	-56.2396	HG04017	ITU	SAS	male	5.110017104369152
HG04018	7300	3228	-0.00848668	-61.9528	HG04018	ITU	SAS	female	1.1185663904938337
HG04019	7300	3243	-0.00827047	-60.3744	HG04019	ITU	SAS	male	2.221294425007033
HG04020	7300	3232	-0.00820089	-59.8665	HG04020	ITU	SAS	male	2.576131962215125
HG04022	7300	3257	-0.00824832	-60.2127	HG04022	ITU	SAS	male	2.334263965795672
HG04023	7300	3211	-0.00851799	-62.1813	HG04023	ITU	SAS	male	0.958927923764068
HG04025	7300	3224	-0.00839951	-61.3164	HG04025	ITU	SAS	female	1.5631787328431754
HG04026	7300	3262	-0.00825752	-60.2799	HG04026	ITU	SAS	female	2.287315585208187
HG04029	7300	3250	-0.00873977	-63.8003	HG04029	STU	SAS	female	-0.17216475735406878
HG04033	7300	3220	-0.00851881	-62.1873	HG04033	STU	SAS	male	0.9547361040687566
HG04035	7300	3180	-0.00836263	-61.0472	HG04035	STU	SAS	female	1.7512517098394744
HG04038	7300	3217	-0.00842966	-61.5365	HG04038	STU	SAS	female	1.4094088136868468
HG04039	7300	3281	-0.00814544	-59.4617	HG04039	STU	SAS	male	2.8589400643254548
HG04042	7300	3225	-0.00860152	-62.7911	HG04042	STU	SAS	female	0.5328993153972738
HG04047	7300	3239	-0.00850993	-62.1225	HG04047	STU	SAS	female	1.0000077567781163
HG04054	7300	3259	-0.00819601	-59.8309	HG04054	ITU	SAS	female	2.6010034257406396
HG04056	7300	3217	-0.00861589	-62.896	HG04056	ITU	SAS	male	0.459612334390916
HG04059	7300	3281	-0.00860049	-62.7836	HG04059	ITU	SAS	female	0.538139090016413
HG04060	7300	3258	-0.008463	-61.7799	HG04060	ITU	SAS	male	1.2393606613803885
HG04061	7300	3266	-0.00837777	-61.1577	HG04061	ITU	SAS	male	1.674052363784159
HG04062	7300	3230	-0.00809923	-59.1244	HG04062	ITU	SAS	female	3.0945901948635313
HG04063	7300	3209	-0.00857784	-62.6182	HG04063	ITU	SAS	female	0.6536935862838237
HG04070	7300	3245	-0.00836062	-61.0325	HG04070	ITU	SAS	female	1.7615216680929853
HG04075	7300	3200	-0.00854596	-62.3855	HG04075	STU	SAS	female	0.8162663268003103
HG04076	7300	3217	-0.00851938	-62.1915	HG04076	ITU	SAS	female	0.9518018302820407
HG04080	7300	3200	-0.00852912	-62.2626	HG04080	ITU	SAS	male	0.9021287668926021
HG04090	7300	3281	-0.00839636	-61.2934	HG04090	ITU	SAS	female	1.5792473750085374
HG04093	7300	3234	-0.00829588	-60.5599	HG04093	ITU	SAS	male	2.0916973327603303
HG04094	7300	3213	-0.00847538	-61.8703	HG04094	ITU	SAS	male	1.1762039113043647
HG04096	7300	3196	-0.00847062	-61.8355	HG04096	ITU	SAS	male	1.2005164655371676
HG04098	7300	3172	-0.00858784	-62.6912	HG04098	ITU	SAS	male	0.6026931133242038
HG04099	7300	3263	-0.00835338	-60.9797	HG04099	STU	SAS	female	1.7984096814117223
HG04100	7300	3190	-0.00841837	-61.4541	HG04100	STU	SAS	male	1.4669764708357869
HG04106	7300	3185	-0.00847273	-61.8509	HG04106	STU	SAS	female	1.189757461652536
HG04107	7300	3225	-0.00818177	-59.7269	HG04107	STU	SAS	male	2.6736616337926997
HG04118	7300	3195	-0.00826399	-60.3271	HG04118	ITU	SAS	female	2.2543399369384027
HG04131	7300	3234	-0.00815696	-59.5458	HG04131	BEB	SAS	male	2.80018472492951
HG04134	7300	3235	-0.00859385	-62.7351	HG04134	BEB	SAS	male	0.5720229658868431
HG04140	7300	3185	-0.00879116	-64.1755	HG04140	BEB	SAS	male	-0.43429321563419504
HG04141	7300	3263	-0.00818262	-59.7331	HG04141	BEB	SAS	female	2.669330086774212
HG04144	7300	3250	-0.00845155	-61.6963	HG04144	BEB	SAS	female	1.297766682468389
HG04146	7300	3205	-0.00815282	-59.5156	HG04146	BEB	SAS	male	2.8212835507292433
HG04152	7300	3218	-0.00823889	-60.1439	HG04152	BEB	SAS	male	2.382330164968571
HG04153	7300	3238	-0.008281	-60.4513	HG04153	BEB	SAS	female	2.1675692692454596
HG04155	7300	3184	-0.00829863	-60.58	HG04155	BEB	SAS	male	2.0776547367810383
HG04156	7300	3217	-0.00831556	-60.7036	HG04156	BEB	SAS	female	1.9913032510576254
HG04158	7300	3236	-0.00833758	-60.8643	HG04158	BEB	SAS	male	1.8790323468848749
HG04159	7300	3271	-0.00859042	-62.7101	HG04159	BEB	SAS	female	0.589488881283977
HG04161	7300	3210	-0.00848125	-61.9131	HG04161	BEB	SAS	male	1.1463022641444784
HG04162	7300	3271	-0.00831715	-60.7152	HG04162	BEB	SAS	female	1.983199066313356
HG04164	7300	3279	-0.0082867	-60.4929	HG04164	BEB	SAS	male	2.1385059860246387
HG04171	7300	3217	-0.00822892	-60.0711	HG04171	BEB	SAS	female	2.433190910605014
HG04173	7300	3236	-0.00828904	-60.51	HG04173	BEB	SAS	male	2.1265592998930023
HG04176	7300	3186	-0.0086474	-63.126	HG04176	BEB	SAS	male	0.29892591273732244
HG04177	7300	3267	-0.00849247	-61.995	HG04177	BEB	SAS	female	1.0890839253034825
HG04180	7300	3234	-0.00809242	-59.0747	HG04180	BEB	SAS	female	3.129312434673027
HG04182	7300	3261	-0.00810832	-59.1907	HG04182	BEB	SAS	male	3.048270587230344
HG04183	7300	3231	-0.00818516	-59.7517	HG04183	BEB	SAS	female	2.6563354457187476
HG04185	7300	3170	-0.00812612	-59.3207	HG04185	BEB	SAS	male	2.957447827165266
HG04186	7300	3275	-0.00814566	-59.4633	HG04186	BEB	SAS	female	2.857822245740041
HG04188	7300	3287	-0.00793134	-57.8988	HG04188	BEB	SAS	male	3.950839231292431
HG04189	7300	3222	-0.00822627	-60.0518	HG04189	BEB	SAS	female	2.446674597291599
HG04194	7300	3308	-0.0083776	-61.1565	HG04194	BEB	SAS	male	1.674890727723219
HG04195	7300	3221	-0.00846888	-61.8228	HG04195	BEB	SAS	female	1.2093891505589114
HG04198	7300	3250	-0.00842604	-61.5101	HG04198	ITU	SAS	male	1.4278528203462126
HG04200	7300	3175	-0.00877321	-64.0444	HG04200	ITU	SAS	female	-0.342701955291643
HG04202	7300	3213	-0.00820878	-59.9241	HG04202	ITU	SAS	female	2.535890493140137
HG04206	7300	3227	-0.00838567	-61.2154	HG04206	ITU	SAS	male	1.63374103104758
HG04209	7300	3270	-0.00840775	-61.3766	HG04209	ITU	SAS	female	1.5211208085668853
HG04210	7300	3207	-0.00834204	-60.8969	HG04210	STU	SAS	male	1.856256793207016
HG04211	7300	3243	-0.00834601	-60.9259	HG04211	ITU	SAS	male	1.8359963313463477
HG04212	7300	3257	-0.00833905	-60.8751	HG04212	ITU	SAS	female	1.8714870714333125
HG04214	7300	3247	-0.00794064	-57.9667	HG04214	ITU	SAS	female	3.903401805073825
HG04216	7300	3225	-0.0084141	-61.4229	HG04216	ITU	SAS	female	1.488773933251404
HG04219	7300	3201	-0.00822026	-60.0079	HG04219	ITU	SAS	male	2.47734474472896
HG04222	7300	3267	-0.00852559	-62.2368	HG04222	ITU	SAS	male	0.9201535915824379
HG04225	7300	3245	-0.00843779	-61.5959	HG04225	ITU	SAS	male	1.3679097987032633
HG04227	7300	3265	-0.00834695	-60.9327	HG04227	STU	SAS	female	1.8312456023583294
HG04229	7300	3265	-0.00862801	-62.9845	HG04229	STU	SAS	male	0.3977829938850785
HG04235	7300	3259	-0.00766785	-55.9753	HG04235	ITU	SAS	male	5.294666761947614
HG04238	7300	3213	-0.00834212	-60.8975	HG04238	ITU	SAS	male	1.855837611237486
HG04239	7300	3247	-0.00838937	-61.2424	HG04239	ITU	SAS	male	1.614877842418679
NA06984	7300	3294	-0.00875993	-63.9475	NA06984	CEU	EUR	male	-0.27500406721236864
NA06985	7300	3295	-0.00850337	-62.0746	NA06985	CEU	EUR	female	1.0334724506790212
NA06986	7300	3344	-0.00876556	-63.9886	NA06986	CEU	EUR	male	-0.3037180321252504
NA06989	7300	3238	-0.00895782	-65.3921	NA06989	CEU	EUR	female	-1.2842545225201278
NA06994	7300	3212	-0.00875233	-63.892	NA06994	CEU	EUR	male	-0.2362297350307436
NA07000	7300	3261	-0.00929478	-67.8519	NA07000	CEU	EUR	female	-3.0027608702745407
NA07037	7300	3349	-0.00875885	-63.9396	NA07037	CEU	EUR	female	-0.26948483794687605
NA07048	7300	3310	-0.00891116	-65.0515	NA07048	CEU	EUR	male	-1.0462988911496325
NA07051	7300	3260	-0.00871616	-63.628	NA07051	CEU	EUR	male	-0.05178966843704909
NA07056	7300	3248	-0.00874816	-63.8616	NA07056	CEU	EUR	female	-0.21499118190783342
NA07347	7300	3286	-0.00869944	-63.5059	NA07347	CEU	EUR	male	0.03351386236253593
NA07357	7300	3277	-0.00834945	-60.951	NA07357	CEU	EUR	male	1.8184605522876278
NA10847	7300	3269	-0.00858093	-62.6408	NA10847	CEU	EUR	female	0.6379043987648202
NA10851	7300	3337	-0.00883027	-64.461	NA10851	CEU	EUR	male	-0.6337539694694186
NA11829	7300	3235	-0.00822121	-60.0148	NA11829	CEU	EUR	male	2.472524152079351
NA11830	7300	3305	-0.00867234	-63.3081	NA11830	CEU	EUR	female	0.1717041849846239
NA11831	7300	3256	-0.00918236	-67.0312	NA11831	CEU	EUR	male	-2.4293897996175566
NA11832	7300	3251	-0.00868597	-63.4076	NA11832	CEU	EUR	female	0.10218984170404728
NA11840	7300	3249	-0.00895381	-65.3628	NA11840	CEU	EUR	female	-1.263784469674687
NA11843	7300	3292	-0.00819634	-59.8333	NA11843	CEU	EUR	male	2.599326697862514
NA11881	7300	3285	-0.00885081	-64.6109	NA11881	CEU	EUR	male	-0.7384795981906116
NA11892	7300	3309	-0.00847889	-61.8959	NA11892	CEU	EUR	female	1.1583188139377056
NA11893	7300	3236	-0.00860475	-62.8147	NA11893	CEU	EUR	male	0.5164114912623818
NA11894	7300	3254	-0.00874882	-63.8664	NA11894	CEU	EUR	female	-0.21834463766407952
NA11918	7300	3263	-0.00850789	-62.1076	NA11918	CEU	EUR	female	1.0104174423548087
NA11919	7300	3222	-0.00846182	-61.7713	NA11919	CEU	EUR	male	1.2453689362770022
NA11920	7300	3256	-0.00878627	-64.1398	NA11920	CEU	EUR	female	-0.40935188844708953
NA11930	7300	3254	-0.00897752	-65.5359	NA11930	CEU	EUR	male	-1.3847184678844184
NA11931	7300	3246	-0.00899521	-65.665	NA11931	CEU	EUR	female	-1.4749124549952033
NA11932	7300	3295	-0.00832271	-60.7558	NA11932	CEU	EUR	male	1.9548344197084186
NA11933	7300	3213	-0.00883979	-64.5305	NA11933	CEU	EUR	female	-0.6823092142734434
NA11992	7300	3309	-0.00888926	-64.8916	NA11992	CEU	EUR	male	-0.934586896269584
NA11994	7300	3298	-0.00904923	-66.0594	NA11994	CEU	EUR	male	-1.7504547363003191
NA11995	7300	3326	-0.00882897	-64.4515	NA11995	CEU	EUR	female	-0.6271169216185073
NA12003	7300	3290	-0.00872079	-63.6618	NA12003	CEU	EUR	male	-0.07540358605396838
NA12004	7300	3289	-0.0089303	-65.1912	NA12004	CEU	EUR	female	-1.1438984263887884
NA12005	7300	3263	-0.0086634	-63.2428	NA12005	CEU	EUR	male	0.21732515600192778
NA12006	7300	3257	-0.00848899	-61.9696	NA12006	CEU	EUR	female	1.106829295346965
NA12043	7300	3290	-0.00849796	-62.0351	NA12043	CEU	EUR	male	1.0610685970064844
NA12044	7300	3236	-0.00862684	-62.9759	NA12044	CEU	EUR	female	0.40379126878168714
NA12045	7300	3246	-0.00884182	-64.5453	NA12045	CEU	EUR	male	-0.6926490361885401
NA12046	7300	3191	-0.00889223	-64.9133	NA12046	CEU	EUR	female	-0.9497473108342998
NA12058	7300	3323	-0.00852673	-62.2451	NA12058	CEU	EUR	female	0.9143549076705919
NA12144	7300	3223	-0.00891203	-65.0578	NA12144	CEU	EUR	male	-1.0507003018297065
NA12154	7300	3310	-0.0087904	-64.1699	NA12154	CEU	EUR	male	-0.4303808505852371
NA12155	7300	3284	-0.00869799	-63.4953	NA12155	CEU	EUR	male	0.04091941049091667
NA12156	7300	3280	-0.00895351	-65.3606	NA12156	CEU	EUR	female	-1.262247469119748
NA12234	7300	3280	-0.0087669	-63.9984	NA12234	CEU	EUR	female	-0.31056467096092427
NA12249	7300	3277	-0.00857304	-62.5832	NA12249	CEU	EUR	female	0.6781458678398081
NA12272	7300	3228	-0.00850905	-62.1161	NA12272	CEU	EUR	male	1.004479031119781
NA12273	7300	3240	-0.00854633	-62.3882	NA12273	CEU	EUR	female	0.8143800079374222
NA12275	7300	3310	-0.0087841	-64.1239	NA12275	CEU	EUR	female	-0.3982435662545234
NA12282	7300	3248	-0.00876419	-63.9786	NA12282	CEU	EUR	male	-0.2967316659663998
NA12283	7300	3270	-0.00880896	-64.3054	NA12283	CEU	EUR	female	-0.5250461120376868
NA12286	7300	3290	-0.0087591	-63.9414	NA12286	CEU	EUR	male	-0.27074238385547145
NA12287	7300	3304	-0.00843648	-61.5863	NA12287	CEU	EUR	female	1.3746167102157605
NA12340	7300	3281	-0.00892332	-65.1402	NA12340	CEU	EUR	male	-1.1082679589786417
NA12341	7300	3307	-0.00895988	-65.4071	NA12341	CEU	EUR	female	-1.2947340717584062
NA12342	7300	3296	-0.00868292	-63.3853	NA12342	CEU	EUR	male	0.11776943823828814
NA12347	7300	3330	-0.00888603	-64.868	NA12347	CEU	EUR	male	-0.9180990721346921
NA12348	7300	3277	-0.00863648	-63.0463	NA12348	CEU	EUR	female	0.3546072510233696
NA12383	7300	3256	-0.00909126	-66.3662	NA12383	CEU	EUR	female	-1.9647964500539048
NA12399	7300	3271	-0.00841911	-61.4595	NA12399	CEU	EUR	male	1.4632038331100057
NA12400	7300	3274	-0.00861623	-62.8985	NA12400	CEU	EUR	female	0.45786574285120457
NA12413	7300	3252	-0.00896781	-65.465	NA12413	CEU	EUR	male	-1.3351851318181616
NA12414	7300	3299	-0.00885856	-64.6675	NA12414	CEU	EUR	female	-0.778022430649716
NA12489	7300	3231	-0.00889727	-64.9501	NA12489	CEU	EUR	female	-0.9754571382988747
NA12546	7300	3229	-0.00840689	-61.3703	NA12546	CEU	EUR	male	1.5255222192469642
NA12716	7300	3282	-0.00833437	-60.8409	NA12716	CEU	EUR	male	1.8953804436965902
NA12717	7300	3298	-0.00872097	-63.6631	NA12717	CEU	EUR	female	-0.0763118136546195
NA12718	7300	3246	-0.00880434	-64.2717	NA12718	CEU	EUR	female	-0.5015020580823484
NA12748	7300	3287	-0.00843793	-61.5969	NA12748	CEU	EUR	male	1.3672111620873797
NA12749	7300	3215	-0.00850118	-62.0586	NA12749	CEU	EUR	female	1.0446506365331831
NA12750	7300	3249	-0.00918893	-67.0792	NA12750	CEU	EUR	male	-2.4629243571800474
NA12751	7300	3222	-0.00891725	-65.0959	NA12751	CEU	EUR	female	-1.0773183568949325
NA12760	7300	3226	-0.00841477	-61.4278	NA12760	CEU	EUR	male	1.485350613833567
NA12761	7300	3273	-0.00847504	-61.8678	NA12761	CEU	EUR	female	1.1779505028440762
NA12762	7300	3310	-0.00864712	-63.124	NA12762	CEU	EUR	male	0.3003231859690896
NA12763	7300	3281	-0.00859968	-62.7777	NA12763	CEU	EUR	female	0.5422610460501335
NA12775	7300	3277	-0.00854773	-62.3984	NA12775	CEU	EUR	male	0.8072539144553899
NA12776	7300	3293	-0.0088374	-64.513	NA12776	CEU	EUR	female	-0.6700830734954536
NA12777	7300	3312	-0.00876708	-63.9997	NA12777	CEU	EUR	male	-0.3114728985615754
NA12778	7300	3308	-0.00859444	-62.7394	NA12778	CEU	EUR	female	0.5690188284385364
NA12812	7300	3267	-0.00864997	-63.1448	NA12812	CEU	EUR	male	0.28579154435868154
NA12813	7300	3250	-0.00917721	-66.9936	NA12813	CEU	EUR	female	-2.403121062860275
NA12814	7300	3295	-0.00866141	-63.2283	NA12814	CEU	EUR	male	0.22745538693226686
NA12815	7300	3324	-0.00898359	-65.5802	NA12815	CEU	EUR	female	-1.4156680699681377
NA12827	7300	3264	-0.00865148	-63.1558	NA12827	CEU	EUR	male	0.2781065415839424
NA12828	7300	3224	-0.00834662	-60.9303	NA12828	CEU	EUR	female	1.8329223302364501
NA12829	7300	3269	-0.00902641	-65.8928	NA12829	CEU	EUR	male	-1.6340618760938432
NA12830	7300	3280	-0.00884584	-64.5746	NA12830	CEU	EUR	female	-0.7131190890339809
NA12842	7300	3245	-0.00862588	-62.9689	NA12842	CEU	EUR	male	0.408681725092887
NA12843	7300	3232	-0.00892159	-65.1276	NA12843	CEU	EUR	female	-1.0994651376184938
NA12872	7300	3222	-0.0088773	-64.8043	NA12872	CEU	EUR	male	-0.8735959197028068
NA12873	7300	3258	-0.0088356	-64.4999	NA12873	CEU	EUR	female	-0.6609309338273516
NA12874	7300	3233	-0.00868333	-63.3883	NA12874	CEU	EUR	male	0.11567352839063247
NA12878	7300	3230	-0.00884063	-64.5366	NA12878	CEU	EUR	female	-0.6865708976303456
NA12889	7300	3258	-0.00886397	-64.707	NA12889	CEU	EUR	male	-0.8056185769771741
NA12890	7300	3296	-0.00880073	-64.2453	NA12890	CEU	EUR	female	-0.48305805142298247
NA18486	7300	3067	-0.00670908	-48.9763	NA18486	YRI	AFR	male	10.184424436528117
NA18488	7300	3072	-0.00712463	-52.0098	NA18488	YRI	AFR	female	8.065110262240369
NA18489	7300	3114	-0.00629896	-45.9824	NA18489	YRI	AFR	female	12.276072600826817
NA18498	7300	3026	-0.00668547	-48.8039	NA18498	YRI	AFR	male	10.304869389106727
NA18499	7300	3029	-0.00622433	-45.4376	NA18499	YRI	AFR	female	12.656689829161069
NA18501	7300	3083	-0.00572821	-41.8159	NA18501	YRI	AFR	male	15.186942060912497
NA18502	7300	3055	-0.00673656	-49.1769	NA18502	YRI	AFR	female	10.044277931381545
NA18504	7300	3050	-0.00727668	-53.1198	NA18504	YRI	AFR	male	7.2896236186077985
NA18505	7300	3075	-0.00685477	-50.0398	NA18505	YRI	AFR	female	9.44142439553421
NA18507	7300	3035	-0.00612304	-44.6982	NA18507	YRI	AFR	male	13.173261742946588
NA18508	7300	3094	-0.00560326	-40.9038	NA18508	YRI	AFR	female	15.824168518261388
NA18510	7300	3069	-0.00737079	-53.8068	NA18510	YRI	AFR	male	6.809660263494664
NA18511	7300	3052	-0.00734871	-53.6456	NA18511	YRI	AFR	female	6.922280485975358
NA18516	7300	3109	-0.00740574	-54.0619	NA18516	YRI	AFR	male	6.63143806278235
NA18517	7300	3057	-0.00695993	-50.8075	NA18517	YRI	AFR	female	8.905081065519145
NA18519	7300	3085	-0.00623879	-45.5432	NA18519	YRI	AFR	male	12.582913802523596
NA18520	7300	3082	-0.00642897	-46.9315	NA18520	YRI	AFR	female	11.612996588690173
NA18522	7300	3064	-0.00707947	-51.6801	NA18522	YRI	AFR	male	8.295450754497717
NA18523	7300	3113	-0.00632634	-46.1823	NA18523	YRI	AFR	female	12.136415141311366
NA18525	7300	3241	-0.00867936	-63.3593	NA18525	CHB	EAS	female	0.13593399025130565
NA18526	7300	3215	-0.00827321	-60.3944	NA18526	CHB	EAS	female	2.2073216926893315
NA18528	7300	3234	-0.00820518	-59.8978	NA18528	CHB	EAS	female	2.554264636137922
NA18530	7300	3268	-0.00851558	-62.1637	NA18530	CHB	EAS	male	0.9712239282036486
NA18531	7300	3232	-0.00858714	-62.6861	NA18531	CHB	EAS	female	0.6062561600652175
NA18532	7300	3264	-0.00830686	-60.6401	NA18532	CHB	EAS	female	2.035666676166339
NA18533	7300	3248	-0.00843233	-61.556	NA18533	CHB	EAS	female	1.3957853996770848
NA18534	7300	3235	-0.00824971	-60.2229	NA18534	CHB	EAS	male	2.3271378723136396
NA18535	7300	3220	-0.00841141	-61.4033	NA18535	CHB	EAS	female	1.5024672109227517
NA18536	7300	3261	-0.00840078	-61.3257	NA18536	CHB	EAS	male	1.556681412315446
NA18537	7300	3280	-0.00862011	-62.9268	NA18537	CHB	EAS	female	0.4380943266216524
NA18538	7300	3260	-0.00828401	-60.4733	NA18538	CHB	EAS	female	2.1521992636959864
NA18539	7300	3157	-0.00853556	-62.3096	NA18539	CHB	EAS	female	0.8692928459459949
NA18541	7300	3224	-0.00835211	-60.9704	NA18541	CHB	EAS	female	1.8049070019394569
NA18542	7300	3210	-0.00832023	-60.7377	NA18542	CHB	EAS	female	1.9674797424559436
NA18543	7300	3226	-0.00816252	-59.5864	NA18543	CHB	EAS	male	2.771820078324572
NA18544	7300	3251	-0.00847459	-61.8645	NA18544	CHB	EAS	male	1.1802560036764995
NA18545	7300	3198	-0.00834389	-60.9104	NA18545	CHB	EAS	female	1.8468251988925655
NA18546	7300	3239	-0.00825493	-60.261	NA18546	CHB	EAS	male	2.3005198172484134
NA18547	7300	3227	-0.00854919	-62.4091	NA18547	CHB	EAS	female	0.7997785026654183
NA18548	7300	3287	-0.00819933	-59.8551	NA18548	CHB	EAS	male	2.5840964196362175
NA18549	7300	3239	-0.00823403	-60.1084	NA18549	CHB	EAS	male	2.407131764832495
NA18550	7300	3291	-0.00828292	-60.4653	NA18550	CHB	EAS	female	2.15778835662307
NA18552	7300	3253	-0.00798667	-58.3027	NA18552	CHB	EAS	female	3.6686599021363993
NA18553	7300	3227	-0.00824089	-60.1585	NA18553	CHB	EAS	female	2.3721300703766506
NA18555	7300	3210	-0.00830807	-60.6489	NA18555	CHB	EAS	female	2.0295186739465487
NA18557	7300	3254	-0.00839544	-61.2867	NA18557	CHB	EAS	male	1.5839282403349648
NA18558	7300	3230	-0.00867718	-63.3434	NA18558	CHB	EAS	male	0.14704231244387678
NA18559	7300	3261	-0.00831515	-60.7006	NA18559	CHB	EAS	male	1.993399160905281
NA18560	7300	3220	-0.00842351	-61.4916	NA18560	CHB	EAS	female	1.440777597740091
NA18561	7300	3226	-0.0083713	-61.1105	NA18561	CHB	EAS	male	1.7070280120539378
NA18562	7300	3276	-0.00833707	-60.8606	NA18562	CHB	EAS	male	1.8816173023636515
NA18563	7300	3232	-0.00818584	-59.7566	NA18563	CHB	EAS	male	2.6529121263009108
NA18564	7300	3236	-0.00827115	-60.3794	NA18564	CHB	EAS	female	2.21780124192761
NA18565	7300	3212	-0.00819252	-59.8054	NA18565	CHB	EAS	female	2.618818659445713
NA18566	7300	3291	-0.00846068	-61.763	NA18566	CHB	EAS	female	1.2511676201888482
NA18567	7300	3203	-0.00837258	-61.1198	NA18567	CHB	EAS	female	1.7005306915262082
NA18570	7300	3243	-0.00836567	-61.0694	NA18570	CHB	EAS	female	1.7357419769668196
NA18571	7300	3277	-0.00844325	-61.6357	NA18571	CHB	EAS	female	1.3401040613910327
NA18572	7300	3246	-0.00832477	-60.7708	NA18572	CHB	EAS	male	1.94435487047014
NA18573	7300	3292	-0.00833145	-60.8196	NA18573	CHB	EAS	female	1.9102614036149426
NA18574	7300	3224	-0.00823851	-60.1411	NA18574	CHB	EAS	female	2.38428634749305
NA18577	7300	3280	-0.00828397	-60.473	NA18577	CHB	EAS	female	2.152408854680754
NA18579	7300	3258	-0.00835512	-60.9924	NA18579	CHB	EAS	female	1.7895369963899785
NA18582	7300	3201	-0.00860137	-62.79	NA18582	CHB	EAS	female	0.5336678156747482
NA18591	7300	3221	-0.00849155	-61.9883	NA18591	CHB	EAS	female	1.09376479062991
NA18592	7300	3191	-0.00860047	-62.7834	NA18592	CHB	EAS	female	0.5382788173395897
NA18593	7300	3249	-0.00827864	-60.4341	NA18593	CHB	EAS	female	2.179585819038687
NA18595	7300	3204	-0.00840315	-61.343	NA18595	CHB	EAS	female	1.5445949988606278
NA18596	7300	3238	-0.00819485	-59.8224	NA18596	CHB	EAS	female	2.6069418369756625
NA18597	7300	3224	-0.00827434	-60.4027	NA18597	CHB	EAS	female	2.201523008777481
NA18599	7300	3189	-0.00805422	-58.7958	NA18599	CHB	EAS	female	3.324162186843409
NA18602	7300	3250	-0.00835662	-61.0033	NA18602	CHB	EAS	female	1.7819218572768303
NA18603	7300	3201	-0.00814993	-59.4945	NA18603	CHB	EAS	male	2.8360247833244188
NA18605	7300	3228	-0.00797732	-58.2344	NA18605	CHB	EAS	male	3.7163767830013588
NA18606	7300	3212	-0.00805025	-58.7668	NA18606	CHB	EAS	male	3.344422648704077
NA18608	7300	3285	-0.00833827	-60.8694	NA18608	CHB	EAS	male	1.8754693001438614
NA18609	7300	3213	-0.00832388	-60.7643	NA18609	CHB	EAS	male	1.9488960084733957
NA18610	7300	3251	-0.00822562	-60.047	NA18610	CHB	EAS	female	2.45002805304785
NA18611	7300	3261	-0.00842375	-61.4934	NA18611	CHB	EAS	male	1.4395200518314957
NA18612	7300	3247	-0.00840238	-61.3374	NA18612	CHB	EAS	male	1.5485073639095859
NA18613	7300	3185	-0.00836653	-61.0757	NA18613	CHB	EAS	male	1.7313405662867456
NA18614	7300	3259	-0.00818423	-59.7449	NA18614	CHB	EAS	female	2.6610861747067656
NA18615	7300	3290	-0.00848525	-61.9423	NA18615	CHB	EAS	female	1.1259020749606286
NA18616	7300	3198	-0.00852218	-62.2119	NA18616	CHB	EAS	female	0.9375496433179811
NA18617	7300	3203	-0.00838659	-61.2221	NA18617	CHB	EAS	female	1.6290601657211525
NA18618	7300	3261	-0.00817805	-59.6998	NA18618	CHB	EAS	female	2.692594686083187
NA18619	7300	3242	-0.0084626	-61.777	NA18619	CHB	EAS	female	1.2413867075664533
NA18620	7300	3248	-0.00803759	-58.6744	NA18620	CHB	EAS	male	3.408976672011873
NA18621	7300	3236	-0.00843768	-61.5951	NA18621	CHB	EAS	male	1.36846870799597
NA18622	7300	3221	-0.00811695	-59.2537	NA18622	CHB	EAS	male	3.0042564804295746
NA18623	7300	3253	-0.00810112	-59.1382	NA18623	CHB	EAS	male	3.084949009564318
NA18624	7300	3224	-0.00803423	-58.6499	NA18624	CHB	EAS	male	3.4260932691010577
NA18625	7300	3229	-0.00853299	-62.2908	NA18625	CHB	EAS	female	0.8824272143246408
NA18626	7300	3240	-0.00826544	-60.3377	NA18626	CHB	EAS	female	2.246934388810022
NA18627	7300	3180	-0.00802866	-58.6092	NA18627	CHB	EAS	female	3.454527779367586
NA18628	7300	3212	-0.00826285	-60.3188	NA18628	CHB	EAS	female	2.260138620850249
NA18629	7300	3235	-0.00823737	-60.1328	NA18629	CHB	EAS	male	2.3900850314048956
NA18630	7300	3223	-0.00813804	-59.4077	NA18630	CHB	EAS	female	2.896666441583257
NA18631	7300	3254	-0.00824084	-60.1581	NA18631	CHB	EAS	female	2.3724095250230044
NA18632	7300	3216	-0.00838068	-61.179	NA18632	CHB	EAS	male	1.6591714038658014
NA18633	7300	3202	-0.00835695	-61.0057	NA18633	CHB	EAS	male	1.7802451293987098
NA18634	7300	3245	-0.00814779	-59.4789	NA18634	CHB	EAS	female	2.8469235145322274
NA18635	7300	3224	-0.00854605	-62.3862	NA18635	CHB	EAS	male	0.8157772811691892
NA18636	7300	3213	-0.00819585	-59.8297	NA18636	CHB	EAS	male	2.6018417896797
NA18637	7300	3286	-0.0082929	-60.5382	NA18637	CHB	EAS	male	2.106857747325036
NA18638	7300	3279	-0.00855989	-62.4872	NA18638	CHB	EAS	male	0.7452149829647848
NA18639	7300	3276	-0.00811938	-59.2715	NA18639	CHB	EAS	male	2.9918207486668176
NA18640	7300	3228	-0.00812556	-59.3166	NA18640	CHB	EAS	female	2.9603122372903963
NA18641	7300	3258	-0.00824455	-60.1852	NA18641	CHB	EAS	female	2.3534764727325124
NA18642	7300	3188	-0.00818253	-59.7325	NA18642	CHB	EAS	female	2.669749268743742
NA18643	7300	3241	-0.00821771	-59.9893	NA18643	CHB	EAS	male	2.490339385784424
NA18644	7300	3222	-0.00848868	-61.9674	NA18644	CHB	EAS	female	1.1083662959019136
NA18645	7300	3210	-0.00819681	-59.8367	NA18645	CHB	EAS	male	2.596951333368505
NA18646	7300	3216	-0.0084763	-61.877	NA18646	CHB	EAS	female	1.1715230459779324
NA18647	7300	3262	-0.00823884	-60.1435	NA18647	CHB	EAS	male	2.3826096196149242
NA18648	7300	3236	-0.00834788	-60.9395	NA18648	CHB	EAS	male	1.8264948733703064
NA18740	7300	3186	-0.00819111	-59.7951	NA18740	CHB	EAS	male	2.626014616589331
NA18745	7300	3270	-0.0085863	-62.68	NA18745	CHB	EAS	male	0.6105178434221197
NA18747	7300	3239	-0.00841173	-61.4056	NA18747	CHB	EAS	male	1.5008603467062172
NA18748	7300	3303	-0.00837427	-61.1322	NA18748	CHB	EAS	male	1.691867597489232
NA18749	7300	3210	-0.00812815	-59.3355	NA18749	CHB	EAS	male	2.947108005250165
NA18757	7300	3264	-0.0083561	-60.9995	NA18757	CHB	EAS	male	1.7845766764171977
NA18853	7300	3016	-0.0073893	-53.9419	NA18853	YRI	AFR	male	6.715274456688578
NA18856	7300	3091	-0.00575968	-42.0457	NA18856	YRI	AFR	male	15.026395366582081
NA18858	7300	3116	-0.00665915	-48.6118	NA18858	YRI	AFR	female	10.439077483018272
NA18861	7300	3091	-0.00660422	-48.2108	NA18861	YRI	AFR	female	10.71923076598824
NA18864	7300	3061	-0.006055	-44.2015	NA18864	YRI	AFR	female	13.520274550056763
NA18865	7300	3024	-0.00743015	-54.2401	NA18865	YRI	AFR	male	6.50694101783161
NA18867	7300	3049	-0.00699952	-51.0965	NA18867	YRI	AFR	female	8.70317508352832
NA18868	7300	3048	-0.00664848	-48.5339	NA18868	YRI	AFR	male	10.49350127539573
NA18870	7300	3071	-0.00524882	-38.3164	NA18870	YRI	AFR	female	17.631820898202747
NA18871	7300	3085	-0.00717759	-52.3964	NA18871	YRI	AFR	male	7.79501734653915
NA18873	7300	3052	-0.00678401	-49.5233	NA18873	YRI	AFR	female	9.802270207638916
NA18874	7300	3051	-0.00674444	-49.2344	NA18874	YRI	AFR	male	10.004106325968149
NA18876	7300	3082	-0.00650062	-47.4545	NA18876	YRI	AFR	female	11.247609638582212
NA18877	7300	3043	-0.00557096	-40.668	NA18877	YRI	AFR	male	15.988907032287116
NA18878	7300	3049	-0.00763808	-55.758	NA18878	YRI	AFR	female	5.446480498579464
NA18879	7300	3121	-0.00665016	-48.5462	NA18879	YRI	AFR	male	10.484908045020344
NA18881	7300	3096	-0.00680562	-49.681	NA18881	YRI	AFR	female	9.69209521331382
NA18907	7300	3022	-0.00613975	-44.8202	NA18907	YRI	AFR	female	13.088028075808595
NA18908	7300	3055	-0.00696219	-50.824	NA18908	YRI	AFR	male	8.893553561357038
NA18909	7300	3073	-0.00683182	-49.8723	NA18909	YRI	AFR	female	9.558446028694979
NA18910	7300	3063	-0.00763203	-55.7138	NA18910	YRI	AFR	male	5.477360237001593
NA18912	7300	3099	-0.00637329	-46.525	NA18912	YRI	AFR	female	11.896992373047508
NA18915	7300	3059	-0.0051064	-37.2767	NA18915	YRI	AFR	male	18.35819338773859
NA18916	7300	3068	-0.00685627	-50.0508	NA18916	YRI	AFR	female	9.43373939275947
NA18917	7300	3004	-0.00615336	-44.9195	NA18917	YRI	AFR	male	13.018653459851194
NA18923	7300	3063	-0.00741723	-54.1458	NA18923	YRI	AFR	male	6.572822450709582
NA18924	7300	3073	-0.00650244	-47.4678	NA18924	YRI	AFR	female	11.238317771590943
NA18933	7300	3063	-0.00626959	-45.768	NA18933	YRI	AFR	female	12.4258602912726
NA18934	7300	3013	-0.0068657	-50.1196	NA18934	YRI	AFR	male	9.385673193586571
NA18939	7300	3187	-0.00814284	-59.4427	NA18939	JPT	EAS	female	2.8722141600272724
NA18940	7300	3226	-0.0082463	-60.198	NA18940	JPT	EAS	male	2.3445339240491827
NA18941	7300	3223	-0.00865511	-63.1823	NA18941	JPT	EAS	female	0.2595926712629856
NA18942	7300	3243	-0.0081436	-59.4483	NA18942	JPT	EAS	female	2.8683017949783145
NA18943	7300	3235	-0.00802315	-58.569	NA18943	JPT	EAS	male	3.48261297132617
NA18944	7300	3243	-0.00825327	-60.2489	NA18944	JPT	EAS	male	2.308973320300627
NA18945	7300	3247	-0.00827534	-60.41	NA18945	JPT	EAS	male	2.1964229614815234
NA18946	7300	3269	-0.00832885	-60.8006	NA18946	JPT	EAS	female	1.9235354993167602
NA18947	7300	3244	-0.00852673	-62.2451	NA18947	JPT	EAS	female	0.9143549076705919
NA18948	7300	3244	-0.00830968	-60.6607	NA18948	JPT	EAS	male	2.0212747618791025
NA18949	7300	3270	-0.00823404	-60.1085	NA18949	JPT	EAS	female	2.4070619011709087
NA18950	7300	3224	-0.00855214	-62.4306	NA18950	JPT	EAS	female	0.7847578154238892
NA18951	7300	3249	-0.00830393	-60.6187	NA18951	JPT	EAS	female	2.050617499746282
NA18952	7300	3181	-0.00830959	-60.66	NA18952	JPT	EAS	male	2.0217638075102236
NA18953	7300	3223	-0.00836084	-61.0341	NA18953	JPT	EAS	male	1.7604038495075667
NA18954	7300	3198	-0.00817551	-59.6812	NA18954	JPT	EAS	female	2.705589327138656
NA18956	7300	3266	-0.00837226	-61.1175	NA18956	JPT	EAS	female	1.702137555742743
NA18957	7300	3248	-0.00862633	-62.9722	NA18957	JPT	EAS	female	0.40637622426046377
NA18959	7300	3237	-0.00835552	-60.9953	NA18959	JPT	EAS	male	1.7875109502039137
NA18960	7300	3216	-0.00777262	-56.7401	NA18960	JPT	EAS	male	4.760349478118613
NA18961	7300	3239	-0.00827949	-60.4403	NA18961	JPT	EAS	male	2.175254272020199
NA18962	7300	3257	-0.00836884	-61.0925	NA18962	JPT	EAS	male	1.7196034711398718
NA18963	7300	3147	-0.00828205	-60.459	NA18963	JPT	EAS	female	2.162189767303144
NA18964	7300	3200	-0.00844932	-61.68	NA18964	JPT	EAS	female	1.3091544593073186
NA18965	7300	3224	-0.00835251	-60.9733	NA18965	JPT	EAS	male	1.8028809557533871
NA18966	7300	3245	-0.00826593	-60.3413	NA18966	JPT	EAS	male	2.2444192969928363
NA18967	7300	3211	-0.00819004	-59.7873	NA18967	JPT	EAS	male	2.6314639821932326
NA18968	7300	3244	-0.00823195	-60.0932	NA18968	JPT	EAS	female	2.4177510413939496
NA18969	7300	3230	-0.00845532	-61.7238	NA18969	JPT	EAS	female	1.2785541755315486
NA18970	7300	3234	-0.00832123	-60.745	NA18970	JPT	EAS	male	1.962379695159981
NA18971	7300	3224	-0.00833992	-60.8814	NA18971	JPT	EAS	male	1.8670856607532387
NA18972	7300	3210	-0.00828645	-60.4911	NA18972	JPT	EAS	female	2.1397635319332293
NA18973	7300	3227	-0.00861695	-62.9037	NA18973	JPT	EAS	female	0.4542328324486001
NA18974	7300	3215	-0.00830368	-60.6169	NA18974	JPT	EAS	male	2.051875045654872
NA18975	7300	3209	-0.00835821	-61.0149	NA18975	JPT	EAS	female	1.773817672532566
NA18976	7300	3226	-0.00853696	-62.3198	NA18976	JPT	EAS	female	0.8621667524639676
NA18977	7300	3261	-0.00821053	-59.9369	NA18977	JPT	EAS	male	2.5269479444568073
NA18978	7300	3226	-0.00827081	-60.3769	NA18978	JPT	EAS	female	2.2195478334673213
NA18979	7300	3274	-0.00830347	-60.6153	NA18979	JPT	EAS	female	2.052992864240291
NA18980	7300	3255	-0.00832638	-60.7826	NA18980	JPT	EAS	female	1.9361109584026943
NA18981	7300	3218	-0.0083301	-60.8097	NA18981	JPT	EAS	female	1.9171779061122072
NA18982	7300	3247	-0.00845938	-61.7535	NA18982	JPT	EAS	male	1.2578046680397545
NA18983	7300	3242	-0.00850584	-62.0926	NA18983	JPT	EAS	male	1.0208969915930872
NA18984	7300	3196	-0.00831649	-60.7104	NA18984	JPT	EAS	male	1.9865525220696072
NA18985	7300	3252	-0.0082219	-60.0199	NA18985	JPT	EAS	male	2.468961105338337
NA18986	7300	3255	-0.00816667	-59.6167	NA18986	JPT	EAS	male	2.750651388863248
NA18987	7300	3251	-0.0083691	-61.0944	NA18987	JPT	EAS	female	1.7182760615696906
NA18988	7300	3217	-0.0085817	-62.6464	NA18988	JPT	EAS	male	0.6339920337158622
NA18989	7300	3259	-0.00863038	-63.0018	NA18989	JPT	EAS	male	0.38569658043026045
NA18990	7300	3181	-0.00829579	-60.5593	NA18990	JPT	EAS	male	2.0921165147298604
NA18991	7300	3247	-0.00837329	-61.125	NA18991	JPT	EAS	female	1.6968977811236037
NA18992	7300	3244	-0.00850149	-62.0609	NA18992	JPT	EAS	female	1.0430437723166484
NA18993	7300	3187	-0.00857775	-62.6176	NA18993	JPT	EAS	female	0.6541127682533537
NA18994	7300	3258	-0.00825722	-60.2777	NA18994	JPT	EAS	male	2.2888525857631308
NA18995	7300	3286	-0.00843356	-61.565	NA18995	JPT	EAS	male	1.3894976701341177
NA18997	7300	3232	-0.00817581	-59.6834	NA18997	JPT	EAS	female	2.704052326583707
NA18998	7300	3245	-0.00849345	-62.0022	NA18998	JPT	EAS	female	1.0840537416691058
NA18999	7300	3257	-0.00829395	-60.5458	NA18999	JPT	EAS	female	2.101548109044311
NA19000	7300	3239	-0.00812177	-59.2889	NA19000	JPT	EAS	male	2.9796644715504184
NA19001	7300	3257	-0.00819341	-59.8119	NA19001	JPT	EAS	female	2.614277521442457
NA19002	7300	3227	-0.00838408	-61.2038	NA19002	JPT	EAS	female	1.6418452157918493
NA19003	7300	3208	-0.00825936	-60.2933	NA19003	JPT	EAS	female	2.277953854555322
NA19004	7300	3199	-0.0084304	-61.5419	NA19004	JPT	EAS	male	1.4056361759610654
NA19005	7300	3224	-0.00846634	-61.8043	NA19005	JPT	EAS	male	1.2223139279527897
NA19006	7300	3242	-0.00842562	-61.507	NA19006	JPT	EAS	male	1.4300185938554593
NA19007	7300	3205	-0.00827186	-60.3846	NA19007	JPT	EAS	male	2.2141683315250056
NA19009	7300	3243	-0.00832507	-60.773	NA19009	JPT	EAS	male	1.9428178699151915
NA19010	7300	3245	-0.00851155	-62.1343	NA19010	JPT	EAS	female	0.9917638447106703
NA19011	7300	3219	-0.00824148	-60.1628	NA19011	JPT	EAS	female	2.369125932928344
NA19012	7300	3274	-0.00836932	-61.096	NA19012	JPT	EAS	male	1.7171582429842769
NA19017	7300	3115	-0.00750515	-54.7876	NA19017	LWK	AFR	female	6.124437470634464
NA19019	7300	3060	-0.00735016	-53.6562	NA19019	LWK	AFR	female	6.914874937846978
NA19020	7300	3041	-0.00722385	-52.7341	NA19020	LWK	AFR	male	7.55908776135472
NA19023	7300	3105	-0.00710919	-51.8971	NA19023	LWK	AFR	female	8.143846608850628
NA19024	7300	3104	-0.00697415	-50.9113	NA19024	LWK	AFR	female	8.832562584790262
NA19025	7300	3056	-0.00661978	-48.3244	NA19025	LWK	AFR	male	10.639865646423681
NA19026	7300	3065	-0.0072816	-53.1557	NA19026	LWK	AFR	male	7.264542564097517
NA19027	7300	3069	-0.00746158	-54.4695	NA19027	LWK	AFR	male	6.346673778147547
NA19028	7300	3098	-0.00749211	-54.6924	NA19028	LWK	AFR	male	6.190947676466735
NA19030	7300	3086	-0.0060703	-44.3132	NA19030	LWK	AFR	female	13.442236840062389
NA19031	7300	3097	-0.00647407	-47.2607	NA19031	LWK	AFR	male	11.383005414740765
NA19035	7300	3057	-0.00718911	-52.4805	NA19035	LWK	AFR	male	7.736262007143205
NA19036	7300	3049	-0.00725621	-52.9703	NA19036	LWK	AFR	female	7.394069792682633
NA19037	7300	3076	-0.0065941	-48.1369	NA19037	LWK	AFR	female	10.770860011902156
NA19038	7300	3092	-0.0072156	-52.6739	NA19038	LWK	AFR	female	7.601145685631005
NA19041	7300	3089	-0.00601159	-43.8846	NA19041	LWK	AFR	male	13.741672493630787
NA19042	7300	3071	-0.00656923	-47.9554	NA19042	LWK	AFR	female	10.89766255768532
NA19043	7300	3017	-0.00705923	-51.5324	NA19043	LWK	AFR	male	8.39863938266396
NA19054	7300	3236	-0.00814827	-59.4824	NA19054	JPT	EAS	female	2.8444782863766322
NA19055	7300	3166	-0.00827999	-60.4439	NA19055	JPT	EAS	male	2.172739180203013
NA19056	7300	3198	-0.0084184	-61.4543	NA19056	JPT	EAS	male	1.4668367435126053
NA19057	7300	3231	-0.0083621	-61.0433	NA19057	JPT	EAS	female	1.753976392641423
NA19058	7300	3282	-0.00832266	-60.7554	NA19058	JPT	EAS	male	1.955113874354772
NA19059	7300	3259	-0.0082701	-60.3717	NA19059	JPT	EAS	female	2.223180743869926
NA19060	7300	3248	-0.00847981	-61.9026	NA19060	JPT	EAS	male	1.1536379486112733
NA19062	7300	3220	-0.00837748	-61.1556	NA19062	JPT	EAS	male	1.6755195006775168
NA19063	7300	3207	-0.00816718	-59.6204	NA19063	JPT	EAS	male	2.7480664333844764
NA19064	7300	3248	-0.00847503	-61.8677	NA19064	JPT	EAS	female	1.178020366505667
NA19065	7300	3202	-0.00830575	-60.632	NA19065	JPT	EAS	female	2.041325632755008
NA19066	7300	3278	-0.00827815	-60.4305	NA19066	JPT	EAS	male	2.1821009108558727
NA19067	7300	3261	-0.00828547	-60.4839	NA19067	JPT	EAS	male	2.1447937155676056
NA19068	7300	3250	-0.0084259	-61.5091	NA19068	JPT	EAS	male	1.4285514569621012
NA19070	7300	3232	-0.0085293	-62.2639	NA19070	JPT	EAS	male	0.901220539291951
NA19072	7300	3230	-0.0084304	-61.5419	NA19072	JPT	EAS	male	1.4056361759610654
NA19074	7300	3235	-0.00853655	-62.3168	NA19074	JPT	EAS	female	0.8642626623116233
NA19075	7300	3246	-0.00820856	-59.9225	NA19075	JPT	EAS	male	2.5370083117255557
NA19076	7300	3238	-0.00825078	-60.2307	NA19076	JPT	EAS	male	2.3216885067097377
NA19077	7300	3238	-0.00854374	-62.3693	NA19077	JPT	EAS	female	0.827584239977649
NA19078	7300	3225	-0.00871332	-63.6072	NA19078	JPT	EAS	female	-0.03725802682663607
NA19079	7300	3253	-0.00831768	-60.7191	NA19079	JPT	EAS	male	1.9804743835114076
NA19080	7300	3193	-0.00814793	-59.4799	NA19080	JPT	EAS	female	2.846224877916344
NA19081	7300	3213	-0.00816159	-59.5796	NA19081	JPT	EAS	female	2.7765708073125905
NA19082	7300	3255	-0.00819673	-59.8361	NA19082	JPT	EAS	male	2.597370515338035
NA19083	7300	3291	-0.00854174	-62.3547	NA19083	JPT	EAS	male	0.8377843345695739
NA19084	7300	3277	-0.0084503	-61.6872	NA19084	JPT	EAS	female	1.304124275672947
NA19085	7300	3265	-0.00814538	-59.4613	NA19085	JPT	EAS	male	2.859219518971808
NA19086	7300	3247	-0.00850608	-62.0944	NA19086	JPT	EAS	male	1.0196394456844917
NA19087	7300	3236	-0.00836044	-61.0312	NA19087	JPT	EAS	female	1.7624298956936364
NA19088	7300	3253	-0.00843392	-61.5676	NA19088	JPT	EAS	male	1.3876812149328155
NA19089	7300	3185	-0.00838841	-61.2354	NA19089	JPT	EAS	male	1.6197682987298787
NA19090	7300	3270	-0.00843219	-61.555	NA19090	JPT	EAS	female	1.3964840362929685
NA19091	7300	3220	-0.00823908	-60.1453	NA19091	JPT	EAS	male	2.3813520737063336
NA19092	7300	3069	-0.00576534	-42.087	NA19092	YRI	AFR	male	14.997541674346017
NA19093	7300	3083	-0.00637542	-46.5406	NA19093	YRI	AFR	female	11.886093641839699
NA19095	7300	3066	-0.00626434	-45.7297	NA19095	YRI	AFR	female	12.452618073661004
NA19096	7300	3136	-0.00663115	-48.4074	NA19096	YRI	AFR	male	10.581878807305207
NA19098	7300	3054	-0.00631397	-46.092	NA19098	YRI	AFR	male	12.1995020277258
NA19099	7300	3056	-0.00680978	-49.7114	NA19099	YRI	AFR	female	9.67085666019091
NA19102	7300	3042	-0.00679466	-49.601	NA19102	YRI	AFR	female	9.747986142584635
NA19107	7300	3090	-0.00529823	-38.6771	NA19107	YRI	AFR	male	17.379822670852956
NA19108	7300	3135	-0.00683716	-49.9113	NA19108	YRI	AFR	female	9.53119920067546
NA19113	7300	3124	-0.00588184	-42.9374	NA19113	YRI	AFR	male	14.403421096197249
NA19114	7300	3073	-0.00732508	-53.4731	NA19114	YRI	AFR	female	7.042795302215555
NA19116	7300	3077	-0.00701081	-51.1789	NA19116	YRI	AFR	female	8.64560742637938
NA19117	7300	3103	-0.00661522	-48.2911	NA19117	YRI	AFR	male	10.663130245732656
NA19118	7300	3056	-0.00612304	-44.6982	NA19118	YRI	AFR	female	13.173261742946588
NA19119	7300	3035	-0.00601877	-43.937	NA19119	YRI	AFR	male	13.705063934958403
NA19121	7300	3102	-0.00637362	-46.5274	NA19121	YRI	AFR	male	11.895315645169383
NA19129	7300	3135	-0.0063309	-46.2156	NA19129	YRI	AFR	female	12.113150542002385
NA19130	7300	3070	-0.00708789	-51.7416	NA19130	YRI	AFR	male	8.252484602620779
NA19131	7300	3085	-0.00749826	-54.7373	NA19131	YRI	AFR	female	6.1595788924134895
NA19137	7300	3083	-0.00719959	-52.557	NA19137	YRI	AFR	female	7.682816306027986
NA19138	7300	3055	-0.00637021	-46.5025	NA19138	YRI	AFR	male	11.912711696904925
NA19141	7300	3042	-0.00481889	-35.1779	NA19141	YRI	AFR	male	19.824491917158447
NA19143	7300	3071	-0.00617788	-45.0985	NA19143	YRI	AFR	female	12.893597505607742
NA19144	7300	3081	-0.006716	-49.0268	NA19144	YRI	AFR	male	10.149143287425915
NA19146	7300	3098	-0.00696016	-50.8092	NA19146	YRI	AFR	male	8.90389338327214
NA19147	7300	3058	-0.00724525	-52.8903	NA19147	YRI	AFR	female	7.449960721953448
NA19149	7300	3102	-0.00728903	-53.2099	NA19149	YRI	AFR	female	7.2266764595165425
NA19152	7300	3130	-0.00699667	-51.0757	NA19152	YRI	AFR	female	8.717706725138735
NA19153	7300	3023	-0.00726526	-53.0364	NA19153	YRI	AFR	male	7.347889912372622
NA19159	7300	3079	-0.00584608	-42.6764	NA19159	YRI	AFR	female	14.585765252943283
NA19160	7300	3075	-0.00595607	-43.4793	NA19160	YRI	AFR	male	14.024829914049056
NA19171	7300	3052	-0.00789774	-57.6535	NA19171	YRI	AFR	male	4.1222147931690705
NA19172	7300	3068	-0.00682359	-49.8122	NA19172	YRI	AFR	female	9.600434089309683
NA19175	7300	3089	-0.00777748	-56.7756	NA19175	YRI	AFR	male	4.73554787825469
NA19184	7300	3093	-0.0064874	-47.358	NA19184	YRI	AFR	male	11.315028072015139
NA19185	7300	3028	-0.00682275	-49.8061	NA19185	YRI	AFR	female	9.604695772666581
NA19189	7300	3116	-0.00638578	-46.6162	NA19189	YRI	AFR	male	11.833276713678776
NA19190	7300	3089	-0.00782259	-57.1049	NA19190	YRI	AFR	female	4.505486840643691
NA19197	7300	3075	-0.00708551	-51.7242	NA19197	YRI	AFR	female	8.264640879737179
NA19198	7300	3099	-0.00633212	-46.2245	NA19198	YRI	AFR	male	12.10693267612101
NA19200	7300	3050	-0.00629644	-45.964	NA19200	YRI	AFR	male	12.288927514559104
NA19201	7300	3075	-0.00598226	-43.6705	NA19201	YRI	AFR	female	13.891250593091808
NA19204	7300	3030	-0.00609993	-44.5295	NA19204	YRI	AFR	female	13.291121740046421
NA19206	7300	3115	-0.00723012	-52.7799	NA19206	YRI	AFR	female	7.527090204347178
NA19207	7300	3064	-0.00582575	-42.528	NA19207	YRI	AFR	male	14.689442926740647
NA19209	7300	3056	-0.00522012	-38.1069	NA19209	YRI	AFR	female	17.778185269230697
NA19210	7300	3108	-0.0063673	-46.4813	NA19210	YRI	AFR	male	11.927522793161693
NA19213	7300	3085	-0.00518533	-37.8529	NA19213	YRI	AFR	male	17.95563896966554
NA19214	7300	3112	-0.00697566	-50.9223	NA19214	YRI	AFR	female	8.824877582015523
NA19222	7300	3030	-0.00532025	-38.8378	NA19222	YRI	AFR	female	17.267551766680207
NA19223	7300	3083	-0.0072919	-53.2309	NA19223	YRI	AFR	male	7.212005090582953
NA19225	7300	3041	-0.00550666	-40.1986	NA19225	YRI	AFR	female	16.31684705978363
NA19235	7300	3040	-0.00556555	-40.6285	NA19235	YRI	AFR	female	16.01650317861458
NA19236	7300	3061	-0.00734201	-53.5967	NA19236	YRI	AFR	male	6.956443816492147
NA19238	7300	3100	-0.00546632	-39.9041	NA19238	YRI	AFR	female	16.52259554316182
NA19239	7300	3085	-0.00739308	-53.9695	NA19239	YRI	AFR	male	6.695992086090146
NA19247	7300	3078	-0.00679158	-49.5785	NA19247	YRI	AFR	female	9.763705466442053
NA19248	7300	3047	-0.00556358	-40.6141	NA19248	YRI	AFR	male	16.026563545883327
NA19256	7300	3093	-0.00512363	-37.4025	NA19256	YRI	AFR	male	18.270304901460232
NA19257	7300	3018	-0.00479959	-35.037	NA19257	YRI	AFR	female	19.922929816336673
NA19307	7300	3082	-0.00772568	-56.3975	NA19307	LWK	AFR	male	4.999702382720881
NA19308	7300	3024	-0.00697321	-50.9044	NA19308	LWK	AFR	male	8.837383177439865
NA19309	7300	3084	-0.00683988	-49.9311	NA19309	LWK	AFR	male	9.51736619568093
NA19310	7300	3080	-0.0072546	-52.9586	NA19310	LWK	AFR	female	7.402243841088493
NA19312	7300	3034	-0.00769258	-56.1558	NA19312	LWK	AFR	male	5.168562852780334
NA19314	7300	3038	-0.00691023	-50.4447	NA19314	LWK	AFR	female	9.158546429762294
NA19315	7300	3092	-0.00697562	-50.922	NA19315	LWK	AFR	female	8.82508717300029
NA19316	7300	3050	-0.00733011	-53.5098	NA19316	LWK	AFR	female	7.017155338412571
NA19317	7300	3120	-0.00681973	-49.784	NA19317	LWK	AFR	male	9.620135641877644
NA19318	7300	3064	-0.00697648	-50.9283	NA19318	LWK	AFR	male	8.82068576232021
NA19319	7300	3057	-0.00674566	-49.2433	NA19319	LWK	AFR	male	9.997888460086772
NA19320	7300	3090	-0.00709855	-51.8194	NA19320	LWK	AFR	female	8.19813067390491
NA19321	7300	3079	-0.00645059	-47.0893	NA19321	LWK	AFR	female	11.502751730703489
NA19323	7300	3034	-0.00705022	-51.4666	NA19323	LWK	AFR	female	8.444609671989209
NA19324	7300	3148	-0.00645273	-47.1049	NA19324	LWK	AFR	female	11.491852999495679
NA19327	7300	3035	-0.00540096	-39.427	NA19327	LWK	AFR	female	16.85591507260065
NA19328	7300	3076	-0.00700096	-51.107	NA19328	LWK	AFR	female	8.695839399061526
NA19331	7300	3088	-0.00752907	-54.9622	NA19331	LWK	AFR	male	6.002455517500905
NA19332	7300	3039	-0.00654081	-47.7479	NA19332	LWK	AFR	female	11.042629655481496
NA19334	7300	3128	-0.00717159	-52.3526	NA19334	LWK	AFR	male	7.8256176303149205
NA19338	7300	3058	-0.00687915	-50.2178	NA19338	LWK	AFR	female	9.317067077906646
NA19346	7300	3092	-0.00635752	-46.4099	NA19346	LWK	AFR	male	11.977405447535892
NA19347	7300	3070	-0.00594347	-43.3873	NA19347	LWK	AFR	male	14.089104482710493
NA19350	7300	3024	-0.00682311	-49.8087	NA19350	LWK	AFR	male	9.602879317465279
NA19351	7300	3047	-0.00613651	-44.7965	NA19351	LWK	AFR	female	13.10458576360507
NA19355	7300	3097	-0.00750407	-54.7797	NA19355	LWK	AFR	female	6.129956699899957
NA19360	7300	3096	-0.00567396	-41.4199	NA19360	LWK	AFR	male	15.463602160803037
NA19372	7300	3047	-0.00641958	-46.8629	NA19372	LWK	AFR	male	11.660923060539895
NA19374	7300	3089	-0.00705456	-51.4983	NA19374	LWK	AFR	male	8.422462891265647
NA19375	7300	3077	-0.00781158	-57.0245	NA19375	LWK	AFR	male	4.561657224560859
NA19376	7300	3053	-0.00743145	-54.2496	NA19376	LWK	AFR	male	6.500303969980699
NA19377	7300	3061	-0.00590863	-43.133	NA19377	LWK	AFR	female	14.266767774130098
NA19378	7300	3064	-0.00741821	-54.1529	NA19378	LWK	AFR	female	6.567862130736796
NA19379	7300	3061	-0.00758689	-55.3843	NA19379	LWK	AFR	female	5.707561001935763
NA19380	7300	3062	-0.00759251	-55.4253	NA19380	LWK	AFR	male	5.678916900684471
NA19383	7300	3057	-0.00743211	-54.2544	NA19383	LWK	AFR	male	6.496950514224453
NA19384	7300	3131	-0.00648026	-47.3059	NA19384	LWK	AFR	male	11.351427039702754
NA19385	7300	3084	-0.00549678	-40.1265	NA19385	LWK	AFR	male	16.36721875978895
NA19390	7300	3059	-0.00780175	-56.9528	NA19390	LWK	AFR	female	4.611749469919828
NA19391	7300	3111	-0.00768933	-56.1321	NA19391	LWK	AFR	female	5.185120540576812
NA19393	7300	3126	-0.00673392	-49.1576	NA19393	LWK	AFR	male	10.057761618068131
NA19394	7300	3064	-0.00735612	-53.6997	NA19394	LWK	AFR	male	6.884484245055971
NA19395	7300	3064	-0.00679984	-49.6388	NA19395	LWK	AFR	female	9.721577678504172
NA19397	7300	3106	-0.00669451	-48.8699	NA19397	LWK	AFR	male	10.258759372458304
NA19399	7300	3129	-0.00719827	-52.5474	NA19399	LWK	AFR	female	7.689523217540483
NA19401	7300	3095	-0.00671578	-49.0252	NA19401	LWK	AFR	female	10.150261106011333
NA19403	7300	3078	-0.00720796	-52.6181	NA19403	LWK	AFR	female	7.640129608797403
NA19404	7300	3073	-0.00719471	-52.5214	NA19404	LWK	AFR	female	7.707687769553501
NA19428	7300	3095	-0.00629533	-45.9559	NA19428	LWK	AFR	male	12.294586471147774
NA19429	7300	3110	-0.00692755	-50.5711	NA19429	LWK	AFR	male	9.070238761514403
NA19430	7300	3027	-0.00610903	-44.5959	NA19430	LWK	AFR	male	13.244732268751644
NA19431	7300	3045	-0.00704859	-51.4547	NA19431	LWK	AFR	female	8.45292344771824
NA19434	7300	3097	-0.00651095	-47.5299	NA19434	LWK	AFR	female	11.194932437744471
NA19435	7300	3080	-0.00533712	-38.961	NA19435	LWK	AFR	female	17.18147973560315
NA19436	7300	3059	-0.00632792	-46.1938	NA19436	LWK	AFR	female	12.128380820228683
NA19437	7300	3105	-0.00701788	-51.2305	NA19437	LWK	AFR	female	8.609557776999704
NA19438	7300	3060	-0.00671162	-48.9948	NA19438	LWK	AFR	female	10.171499659134245
NA19439	7300	3086	-0.00689516	-50.3347	NA19439	LWK	AFR	female	9.235396457509665
NA19440	7300	3037	-0.00714344	-52.1471	NA19440	LWK	AFR	female	7.969187454879329
NA19443	7300	3075	-0.00735844	-53.7166	NA19443	LWK	AFR	male	6.8726772862475105
NA19445	7300	3075	-0.0070867	-51.7329	NA19445	LWK	AFR	female	8.258562741178979
NA19446	7300	3046	-0.0063999	-46.7193	NA19446	LWK	AFR	female	11.761247278581015
NA19448	7300	3078	-0.00673412	-49.1591	NA19448	LWK	AFR	male	10.056713663144302
NA19449	7300	3063	-0.00699127	-51.0363	NA19449	LWK	AFR	female	8.745233007804611
NA19451	7300	3076	-0.0069871	-51.0058	NA19451	LWK	AFR	male	8.766541424589107
NA19452	7300	3040	-0.00631819	-46.1228	NA19452	LWK	AFR	male	12.177984019956535
NA19454	7300	3052	-0.00723505	-52.8159	NA19454	LWK	AFR	male	7.50193928617531
NA19455	7300	3075	-0.00629841	-45.9784	NA19455	LWK	AFR	male	12.278867147290356
NA19456	7300	3069	-0.00621177	-45.3459	NA19456	LWK	AFR	female	12.720754806837745
NA19457	7300	3081	-0.00746208	-54.4732	NA19457	LWK	AFR	female	6.344088822668771
NA19461	7300	3063	-0.00728037	-53.1467	NA19461	LWK	AFR	male	7.270830293640484
NA19462	7300	3107	-0.00701338	-51.1977	NA19462	LWK	AFR	female	8.63247305800074
NA19463	7300	3099	-0.0073527	-53.6747	NA19463	LWK	AFR	female	6.9019501604531
NA19466	7300	3063	-0.00577177	-42.1339	NA19466	LWK	AFR	male	14.964775617061004
NA19467	7300	3079	-0.00585236	-42.7222	NA19467	LWK	AFR	female	14.55376769593574
NA19468	7300	3055	-0.00724648	-52.8993	NA19468	LWK	AFR	female	7.443672992410486
NA19471	7300	3005	-0.00762738	-55.6799	NA19471	LWK	AFR	female	5.501044018280098
NA19472	7300	3042	-0.00660334	-48.2044	NA19472	LWK	AFR	female	10.723702040329904
NA19473	7300	3033	-0.00617137	-45.051	NA19473	LWK	AFR	female	12.926782744862289
NA19474	7300	3054	-0.0073313	-53.5185	NA19474	LWK	AFR	female	7.011077199854366
NA19475	7300	3065	-0.0059667	-43.5569	NA19475	LWK	AFR	female	13.970615712656366
NA19625	7300	3127	-0.00814393	-59.4507	NA19625	ASW	AFR	female	2.866625067100194
NA19648	7300	3213	-0.00877029	-64.0231	NA19648	MXL	AMR	female	-0.3278209953732907
NA19649	7300	3258	-0.00840545	-61.3598	NA19649	MXL	AMR	male	1.532857903713759
NA19651	7300	3257	-0.00874114	-63.8103	NA19651	MXL	AMR	female	-0.17915112351291937
NA19652	7300	3227	-0.00846847	-61.8198	NA19652	MXL	AMR	male	1.211485060406567
NA19654	7300	3228	-0.00844205	-61.627	NA19654	MXL	AMR	female	1.346182199949232
NA19655	7300	3260	-0.00862568	-62.9675	NA19655	MXL	AMR	male	0.40965981635512405
NA19657	7300	3290	-0.00817745	-59.6954	NA19657	MXL	AMR	female	2.695668687193084
NA19658	7300	3272	-0.0084356	-61.5799	NA19658	MXL	AMR	male	1.3790879845574253
NA19661	7300	3227	-0.00818762	-59.7696	NA19661	MXL	AMR	male	2.6438298502944044
NA19663	7300	3211	-0.00838052	-61.1778	NA19663	MXL	AMR	female	1.6600097678048666
NA19664	7300	3232	-0.0084794	-61.8996	NA19664	MXL	AMR	male	1.155733858458929
NA19669	7300	3242	-0.00845382	-61.7129	NA19669	MXL	AMR	female	1.2861693146446969
NA19670	7300	3227	-0.00851101	-62.1304	NA19670	MXL	AMR	male	0.9944885275126236
NA19676	7300	3270	-0.00886914	-64.7447	NA19676	MXL	AMR	male	-0.8319571773960468
NA19678	7300	3226	-0.00849445	-62.0095	NA19678	MXL	AMR	female	1.0789536943731435
NA19679	7300	3250	-0.00849477	-62.0118	NA19679	MXL	AMR	male	1.0773468301566087
NA19681	7300	3214	-0.00824795	-60.21	NA19681	MXL	AMR	female	2.3361502846585602
NA19682	7300	3192	-0.00849099	-61.9842	NA19682	MXL	AMR	male	1.09662920075504
NA19684	7300	3255	-0.00852088	-62.2024	NA19684	MXL	AMR	female	0.9441866911688924
NA19700	7300	3077	-0.00705733	-51.5185	NA19700	ASW	AFR	male	8.408350431624765
NA19701	7300	3110	-0.00571285	-41.7038	NA19701	ASW	AFR	female	15.265259225553226
NA19703	7300	3038	-0.00700079	-51.1058	NA19703	ASW	AFR	male	8.696677763000586
NA19704	7300	3138	-0.00560223	-40.8963	NA19704	ASW	AFR	female	15.829408292880528
NA19707	7300	3144	-0.00798114	-58.2623	NA19707	ASW	AFR	female	3.69688482141816
NA19711	7300	3099	-0.00640978	-46.7914	NA19711	ASW	AFR	male	11.710875578575688
NA19712	7300	3074	-0.00705934	-51.5332	NA19712	ASW	AFR	female	8.398080473371254
NA19713	7300	3164	-0.00627678	-45.8205	NA19713	ASW	AFR	female	12.389181868938627
NA19716	7300	3201	-0.00811955	-59.2727	NA19716	MXL	AMR	female	2.990982384727757
NA19717	7300	3245	-0.00820632	-59.9061	NA19717	MXL	AMR	male	2.548465952226071
NA19719	7300	3245	-0.00849366	-62.0037	NA19719	MXL	AMR	female	1.083005786745278
NA19720	7300	3205	-0.00832595	-60.7794	NA19720	MXL	AMR	male	1.9383465955735266
NA19722	7300	3237	-0.00868908	-63.4303	NA19722	MXL	AMR	female	0.08633079052345301
NA19723	7300	3206	-0.00825229	-60.2417	NA19723	MXL	AMR	male	2.3140035039349987
NA19725	7300	3263	-0.00861136	-62.8629	NA19725	MXL	AMR	female	0.4827372063767143
NA19726	7300	3229	-0.00826219	-60.314	NA19726	MXL	AMR	male	2.2634920766065
NA19728	7300	3236	-0.00815441	-59.5272	NA19728	MXL	AMR	female	2.8131793659849738
NA19729	7300	3243	-0.00833038	-60.8118	NA19729	MXL	AMR	male	1.9157107692188493
NA19731	7300	3259	-0.00845926	-61.7526	NA19731	MXL	AMR	female	1.258433440994052
NA19732	7300	3238	-0.00800578	-58.4422	NA19732	MXL	AMR	male	3.571200094220415
NA19734	7300	3240	-0.00831521	-60.701	NA19734	MXL	AMR	female	1.9931197062589276
NA19735	7300	3190	-0.00862429	-62.9573	NA19735	MXL	AMR	male	0.4167859098371563
NA19740	7300	3240	-0.0082549	-60.2608	NA19740	MXL	AMR	female	2.30065954457159
NA19741	7300	3228	-0.00818147	-59.7247	NA19741	MXL	AMR	male	2.6751986343476486
NA19746	7300	3234	-0.00823049	-60.0826	NA19746	MXL	AMR	female	2.4251565895223353
NA19747	7300	3223	-0.00864581	-63.1144	NA19747	MXL	AMR	male	0.3070300974815867
NA19749	7300	3193	-0.008196	-59.8308	NA19749	MXL	AMR	female	2.6010732894022257
NA19750	7300	3229	-0.00803951	-58.6884	NA19750	MXL	AMR	male	3.399195759389478
NA19752	7300	3252	-0.00859421	-62.7377	NA19752	MXL	AMR	female	0.5702065106855458
NA19755	7300	3271	-0.00780849	-57.002	NA19755	MXL	AMR	female	4.577376548418277
NA19756	7300	3262	-0.00827159	-60.3826	NA19756	MXL	AMR	male	2.2155656047567778
NA19758	7300	3241	-0.00860485	-62.8154	NA19758	MXL	AMR	female	0.5159224456312658
NA19759	7300	3207	-0.00835359	-60.9812	NA19759	MXL	AMR	male	1.7973617264878945
NA19761	7300	3247	-0.00790092	-57.6767	NA19761	MXL	AMR	female	4.106006423680537
NA19762	7300	3262	-0.00816621	-59.6133	NA19762	MXL	AMR	male	2.753026753357257
NA19764	7300	3278	-0.00856734	-62.5416	NA19764	MXL	AMR	female	0.7072091510606292
NA19770	7300	3282	-0.00848452	-61.937	NA19770	MXL	AMR	female	1.1296048490248238
NA19771	7300	3190	-0.00838823	-61.2341	NA19771	MXL	AMR	male	1.6206765263305298
NA19773	7300	3244	-0.00833784	-60.8662	NA19773	MXL	AMR	female	1.8777049373146937
NA19774	7300	3280	-0.00846652	-61.8056	NA19774	MXL	AMR	male	1.2214057003521386
NA19776	7300	3249	-0.00810437	-59.1619	NA19776	MXL	AMR	female	3.0683913217678356
NA19777	7300	3276	-0.00840553	-61.3604	NA19777	MXL	AMR	male	1.532438721744229
NA19779	7300	3263	-0.0079196	-57.8131	NA19779	MXL	AMR	female	4.010712389273794
NA19780	7300	3238	-0.00862289	-62.9471	NA19780	MXL	AMR	male	0.4239120033191836
NA19782	7300	3239	-0.00825863	-60.288	NA19782	MXL	AMR	female	2.2816566286195172
NA19783	7300	3264	-0.00842462	-61.4997	NA19783	MXL	AMR	male	1.4351186411514216
NA19785	7300	3267	-0.00794779	-58.0189	NA19785	MXL	AMR	female	3.866932973724618
NA19786	7300	3280	-0.00858237	-62.6513	NA19786	MXL	AMR	male	0.6305687142980253
NA19788	7300	3188	-0.0079013	-57.6795	NA19788	MXL	AMR	female	4.104050241156058
NA19789	7300	3163	-0.00824144	-60.1625	NA19789	MXL	AMR	male	2.3693355239131066
NA19792	7300	3223	-0.00840381	-61.3478	NA19792	MXL	AMR	male	1.5412415431043818
NA19794	7300	3274	-0.00854937	-62.4104	NA19794	MXL	AMR	female	0.7988702750647672
NA19795	7300	3247	-0.00862434	-62.9577	NA19795	MXL	AMR	male	0.41650645519079793
NA19818	7300	3149	-0.00734812	-53.6413	NA19818	ASW	AFR	male	6.925284623423665
NA19819	7300	3149	-0.00785405	-57.3346	NA19819	ASW	AFR	female	4.34501000997486
NA19834	7300	3179	-0.00730641	-53.3368	NA19834	ASW	AFR	male	7.138019472960711
NA19835	7300	3080	-0.00775301	-56.597	NA19835	ASW	AFR	female	4.860324377851783
NA19900	7300	3094	-0.00730175	-53.3028	NA19900	ASW	AFR	male	7.1617731179008075
NA19901	7300	3149	-0.00758405	-55.3636	NA19901	ASW	AFR	female	5.72202277988459
NA19904	7300	3165	-0.00667026	-48.6929	NA19904	ASW	AFR	male	10.382418053469983
NA19908	7300	3104	-0.00683037	-49.8617	NA19908	ASW	AFR	male	9.565851576823365
NA19909	7300	3096	-0.00625458	-45.6584	NA19909	ASW	AFR	female	12.50243086437362
NA19913	7300	3146	-0.0067304	-49.1319	NA19913	ASW	AFR	female	10.075716579096381
NA19914	7300	3087	-0.00694379	-50.6897	NA19914	ASW	AFR	female	8.987380458870417
NA19916	7300	3101	-0.00567141	-41.4013	NA19916	ASW	AFR	male	15.4765968018585
NA19917	7300	3083	-0.00644489	-47.0477	NA19917	ASW	AFR	female	11.531815013924314
NA19920	7300	3090	-0.00694745	-50.7164	NA19920	ASW	AFR	male	8.968726861226283
NA19921	7300	3171	-0.00813347	-59.3743	NA19921	ASW	AFR	female	2.9200009045538224
NA19922	7300	3162	-0.00711888	-51.9678	NA19922	ASW	AFR	male	8.09445300010755
NA19923	7300	3143	-0.00792222	-57.8322	NA19923	ASW	AFR	female	3.997368429910386
NA19982	7300	3147	-0.0074007	-54.0251	NA19982	ASW	AFR	male	6.657147890246925
NA19984	7300	3093	-0.0061123	-44.6198	NA19984	ASW	AFR	male	13.22803485363199
NA20126	7300	3159	-0.00727078	-53.0767	NA20126	ASW	AFR	male	7.319734856752448
NA20127	7300	3128	-0.00597925	-43.6485	NA20127	ASW	AFR	female	13.906620598641283
NA20274	7300	3178	-0.00792075	-57.8215	NA20274	ASW	AFR	female	4.004843841700358
NA20276	7300	3135	-0.0069967	-51.0759	NA20276	ASW	AFR	female	8.717566997815558
NA20278	7300	3130	-0.00822942	-60.0748	NA20278	ASW	AFR	male	2.430605955126237
NA20281	7300	3129	-0.00769719	-56.1895	NA20281	ASW	AFR	male	5.145018798825001
NA20282	7300	3092	-0.00761837	-55.6141	NA20282	ASW	AFR	female	5.5470143076053455
NA20287	7300	3145	-0.00679748	-49.6216	NA20287	ASW	AFR	female	9.733594228297399
NA20289	7300	3111	-0.00790953	-57.7396	NA20289	ASW	AFR	female	4.0620621805413535
NA20291	7300	3103	-0.00631333	-46.0873	NA20291	ASW	AFR	male	12.202785619820459
NA20294	7300	3072	-0.00751799	-54.8813	NA20294	ASW	AFR	female	6.058975219726017
NA20296	7300	3065	-0.00664085	-48.4782	NA20296	ASW	AFR	female	10.532415334900536
NA20298	7300	3082	-0.00724095	-52.8589	NA20298	ASW	AFR	male	7.471897911692247
NA20299	7300	3179	-0.00756471	-55.2224	NA20299	ASW	AFR	female	5.820670270047578
NA20314	7300	3254	-0.00879499	-64.2034	NA20314	ASW	AFR	female	-0.4537851772173938
NA20317	7300	3156	-0.0065989	-48.172	NA20317	ASW	AFR	female	10.746337866684586
NA20318	7300	3148	-0.00672232	-49.0729	NA20318	ASW	AFR	male	10.11693613943361
NA20320	7300	3100	-0.00734662	-53.6303	NA20320	ASW	AFR	female	6.932969626198404
NA20321	7300	3103	-0.00641805	-46.8518	NA20321	ASW	AFR	female	11.668677926976226
NA20332	7300	3074	-0.00727707	-53.1226	NA20332	ASW	AFR	female	7.28766743608332
NA20334	7300	3131	-0.00587214	-42.8666	NA20334	ASW	AFR	female	14.452884568601919
NA20339	7300	3088	-0.00622925	-45.4735	NA20339	ASW	AFR	female	12.631608774650791
NA20340	7300	3131	-0.00627184	-45.7844	NA20340	ASW	AFR	male	12.414402650772086
NA20342	7300	3173	-0.00792308	-57.8385	NA20342	ASW	AFR	male	3.9929670192303073
NA20346	7300	3143	-0.00648889	-47.3689	NA20346	ASW	AFR	male	11.30741293290199
NA20348	7300	3102	-0.00697386	-50.9092	NA20348	ASW	AFR	male	8.834029721683619
NA20351	7300	3180	-0.00681733	-49.7665	NA20351	ASW	AFR	male	9.632361782655634
NA20355	7300	3078	-0.00466675	-34.0673	NA20355	ASW	AFR	female	20.600397742760546
NA20356	7300	3122	-0.00733699	-53.56	NA20356	ASW	AFR	male	6.982083780295131
NA20357	7300	3141	-0.00689381	-50.3248	NA20357	ASW	AFR	female	9.242312960006926
NA20359	7300	3124	-0.00758005	-55.3344	NA20359	ASW	AFR	female	5.742422969068435
NA20362	7300	3114	-0.00817856	-59.7035	NA20362	ASW	AFR	male	2.690009730604415
NA20412	7300	3166	-0.00741858	-54.1556	NA20412	ASW	AFR	female	6.565975811873908
NA20502	7300	3276	-0.00839532	-61.2858	NA20502	TSI	EUR	female	1.5845570132892624
NA20503	7300	3209	-0.00840671	-61.369	NA20503	TSI	EUR	female	1.5264304468476153
NA20504	7300	3250	-0.00867644	-63.338	NA20504	TSI	EUR	female	0.15081495016965799
NA20505	7300	3251	-0.00853401	-62.2983	NA20505	TSI	EUR	female	0.8771874397055016
NA20506	7300	3225	-0.0086096	-62.8501	NA20506	TSI	EUR	female	0.4916797550600488
NA20507	7300	3265	-0.00873555	-63.7695	NA20507	TSI	EUR	female	-0.15064674958480517
NA20508	7300	3274	-0.00896423	-65.4389	NA20508	TSI	EUR	female	-1.3169507161435583
NA20509	7300	3258	-0.0086654	-63.2574	NA20509	TSI	EUR	male	0.2071250614100078
NA20510	7300	3216	-0.00903355	-65.9449	NA20510	TSI	EUR	male	-1.670460843781469
NA20511	7300	3284	-0.00870055	-63.514	NA20511	TSI	EUR	male	0.02785490577386163
NA20512	7300	3297	-0.00895241	-65.3526	NA20512	TSI	EUR	male	-1.2566583761926597
NA20513	7300	3268	-0.00840163	-61.3319	NA20513	TSI	EUR	male	1.5523498652969578
NA20514	7300	3256	-0.00875479	-63.91	NA20514	TSI	EUR	female	-0.2488051941166727
NA20515	7300	3263	-0.00887555	-64.7915	NA20515	TSI	EUR	male	-0.8646533710194773
NA20516	7300	3302	-0.00861341	-62.8779	NA20516	TSI	EUR	male	0.47225765713844087
NA20517	7300	3277	-0.00880127	-64.2493	NA20517	TSI	EUR	female	-0.4858525978865267
NA20518	7300	3270	-0.00839323	-61.2706	NA20518	TSI	EUR	male	1.5951762898507176
NA20519	7300	3233	-0.00864741	-63.1261	NA20519	TSI	EUR	male	0.2988560490757316
NA20520	7300	3282	-0.00830193	-60.6041	NA20520	TSI	EUR	male	2.060817594338202
NA20521	7300	3237	-0.00887718	-64.8034	NA20521	TSI	EUR	male	-0.8729671467485092
NA20522	7300	3278	-0.00884834	-64.5929	NA20522	TSI	EUR	female	-0.7259041391046775
NA20524	7300	3240	-0.00888463	-64.8578	NA20524	TSI	EUR	male	-0.9109729786526648
NA20525	7300	3257	-0.0087701	-64.0217	NA20525	TSI	EUR	male	-0.3268429041110487
NA20527	7300	3268	-0.00857911	-62.6275	NA20527	TSI	EUR	male	0.647196265756094
NA20528	7300	3301	-0.00868958	-63.4339	NA20528	TSI	EUR	male	0.08381569870626719
NA20529	7300	3217	-0.00896064	-65.4127	NA20529	TSI	EUR	female	-1.298646436807364
NA20530	7300	3246	-0.00870133	-63.5197	NA20530	TSI	EUR	female	0.023872677063317832
NA20531	7300	3213	-0.00858352	-62.6597	NA20531	TSI	EUR	female	0.6247001667245884
NA20532	7300	3276	-0.00867456	-63.3243	NA20532	TSI	EUR	male	0.16038627180728524
NA20533	7300	3219	-0.00899903	-65.6929	NA20533	TSI	EUR	female	-1.4944044165783923
NA20534	7300	3234	-0.00877323	-64.0446	NA20534	TSI	EUR	male	-0.34284168261482467
NA20535	7300	3268	-0.00869982	-63.5087	NA20535	TSI	EUR	female	0.03155767983805697
NA20536	7300	3258	-0.00850958	-62.1199	NA20536	TSI	EUR	male	1.0018242119794185
NA20538	7300	3248	-0.00871903	-63.6489	NA20538	TSI	EUR	male	-0.06639117370904798
NA20539	7300	3271	-0.00867325	-63.3147	NA20539	TSI	EUR	male	0.1670931833197824
NA20540	7300	3318	-0.0088619	-64.6919	NA20540	TSI	EUR	female	-0.7950691640773148
NA20541	7300	3296	-0.00877174	-64.0337	NA20541	TSI	EUR	female	-0.3352265435016714
NA20542	7300	3349	-0.00848178	-61.917	NA20542	TSI	EUR	female	1.143577581342525
NA20543	7300	3234	-0.00830151	-60.601	NA20543	TSI	EUR	male	2.0629833678474485
NA20544	7300	3331	-0.0089473	-65.3153	NA20544	TSI	EUR	male	-1.2305992304201405
NA20581	7300	3244	-0.00866973	-63.289	NA20581	TSI	EUR	male	0.18504814434803235
NA20582	7300	3246	-0.00857888	-62.6258	NA20582	TSI	EUR	female	0.6483839480030985
NA20585	7300	3232	-0.00887473	-64.7855	NA20585	TSI	EUR	female	-0.8604615513241659
NA20586	7300	3179	-0.0084411	-61.62	NA20586	TSI	EUR	male	1.351072656260432
NA20587	7300	3274	-0.00876599	-63.9917	NA20587	TSI	EUR	female	-0.3058838056344969
NA20588	7300	3238	-0.00866525	-63.2563	NA20588	TSI	EUR	male	0.20789356168747725
NA20589	7300	3198	-0.00838523	-61.2122	NA20589	TSI	EUR	female	1.6359766682184123
NA20752	7300	3241	-0.00851548	-62.163	NA20752	TSI	EUR	male	0.9717129738347696
NA20753	7300	3320	-0.00875836	-63.936	NA20753	TSI	EUR	female	-0.2669697461296902
NA20754	7300	3334	-0.00848178	-61.917	NA20754	TSI	EUR	male	1.143577581342525
NA20755	7300	3313	-0.00835521	-60.993	NA20755	TSI	EUR	male	1.7891178144204485
NA20756	7300	3267	-0.00836285	-61.0488	NA20756	TSI	EUR	female	1.7501338912540558
NA20757	7300	3272	-0.00864355	-63.0979	NA20757	TSI	EUR	female	0.31855760164369296
NA20758	7300	3262	-0.00853445	-62.3015	NA20758	TSI	EUR	male	0.8749518025346692
NA20759	7300	3263	-0.00839738	-61.3009	NA20759	TSI	EUR	male	1.5740076003893981
NA20760	7300	3279	-0.00848463	-61.9378	NA20760	TSI	EUR	female	1.129045939732112
NA20761	7300	3270	-0.00835044	-60.9582	NA20761	TSI	EUR	female	1.8134303686532562
NA20762	7300	3335	-0.00893721	-65.2416	NA20762	TSI	EUR	male	-1.1791097118294096
NA20763	7300	3237	-0.00874033	-63.8044	NA20763	TSI	EUR	male	-0.17502916747919886
NA20764	7300	3296	-0.00845089	-61.6915	NA20764	TSI	EUR	female	1.30112013822464
NA20765	7300	3303	-0.00848738	-61.9579	NA20765	TSI	EUR	male	1.11500334375282
NA20766	7300	3276	-0.008675	-63.3275	NA20766	TSI	EUR	female	0.15815063463645285
NA20767	7300	3253	-0.00875038	-63.8778	NA20767	TSI	EUR	male	-0.22630909508517208
NA20768	7300	3296	-0.00890434	-65.0017	NA20768	TSI	EUR	female	-1.0115067876785464
NA20769	7300	3284	-0.0091783	-67.0016	NA20769	TSI	EUR	female	-2.4087101557873534
NA20770	7300	3223	-0.00892585	-65.1587	NA20770	TSI	EUR	male	-1.12119273637252
NA20771	7300	3347	-0.00882307	-64.4084	NA20771	TSI	EUR	female	-0.5970056834738584
NA20772	7300	3309	-0.00884092	-64.5387	NA20772	TSI	EUR	female	-0.6880380345237036
NA20773	7300	3262	-0.00868189	-63.3778	NA20773	TSI	EUR	female	0.12300921285742733
NA20774	7300	3286	-0.00858184	-62.6474	NA20774	TSI	EUR	female	0.6332933970999787
NA20775	7300	3295	-0.00882918	-64.453	NA20775	TSI	EUR	female	-0.6281648765423401
NA20778	7300	3279	-0.00898419	-65.5846	NA20778	TSI	EUR	male	-1.4187420710780254
NA20783	7300	3248	-0.00858382	-62.6619	NA20783	TSI	EUR	male	0.6231631661696396
NA20785	7300	3267	-0.00867262	-63.3101	NA20785	TSI	EUR	male	0.17030691175285675
NA20786	7300	3258	-0.00890616	-65.015	NA20786	TSI	EUR	female	-1.0207986546698202
NA20787	7300	3297	-0.00864132	-63.0816	NA20787	TSI	EUR	male	0.32994537848262245
NA20790	7300	3269	-0.00879468	-64.2012	NA20790	TSI	EUR	female	-0.452248176662445
NA20792	7300	3322	-0.00875382	-63.9029	NA20792	TSI	EUR	male	-0.2438448741438919
NA20795	7300	3248	-0.00872051	-63.6597	NA20795	TSI	EUR	female	-0.0739364491606104
NA20796	7300	3273	-0.0089411	-65.27	NA20796	TSI	EUR	male	-1.1989509917205428
NA20797	7300	3200	-0.00861893	-62.9182	NA20797	TSI	EUR	female	0.44410260151826597
NA20798	7300	3274	-0.00884986	-64.604	NA20798	TSI	EUR	male	-0.7336590055410025
NA20799	7300	3272	-0.00862393	-62.9547	NA20799	TSI	EUR	female	0.4186023650384536
NA20800	7300	3257	-0.00873667	-63.7777	NA20800	TSI	EUR	female	-0.15637556983506534
NA20801	7300	3250	-0.00900899	-65.7656	NA20801	TSI	EUR	male	-1.5451952985532544
NA20802	7300	3205	-0.00870508	-63.5471	NA20802	TSI	EUR	female	0.004730033788063322
NA20803	7300	3262	-0.00842792	-61.5238	NA20803	TSI	EUR	male	1.4182814987085854
NA20804	7300	3246	-0.00859866	-62.7702	NA20804	TSI	EUR	female	0.5475008206692726
NA20805	7300	3293	-0.00880603	-64.284	NA20805	TSI	EUR	male	-0.5100952884577437
NA20806	7300	3276	-0.00910101	-66.4374	NA20806	TSI	EUR	male	-2.0145393771049243
NA20807	7300	3256	-0.00873964	-63.7994	NA20807	TSI	EUR	female	-0.17153598439977108
NA20808	7300	3234	-0.00866289	-63.2391	NA20808	TSI	EUR	female	0.21991011148070444
NA20809	7300	3228	-0.00883362	-64.4854	NA20809	TSI	EUR	male	-0.6508007028970174
NA20810	7300	3318	-0.00906282	-66.1586	NA20810	TSI	EUR	male	-1.8197594885961381
NA20811	7300	3243	-0.00898875	-65.6179	NA20811	TSI	EUR	male	-1.4420066703870102
NA20812	7300	3252	-0.00883001	-64.4591	NA20812	TSI	EUR	male	-0.6324265598992423
NA20813	7300	3235	-0.00908251	-66.3023	NA20813	TSI	EUR	female	-1.920153570298838
NA20814	7300	3279	-0.00850671	-62.099	NA20814	TSI	EUR	male	1.0164257172514224
NA20815	7300	3215	-0.00916796	-66.9261	NA20815	TSI	EUR	male	-2.355963091288027
NA20818	7300	3257	-0.00879027	-64.169	NA20818	TSI	EUR	female	-0.4297520776309394
NA20819	7300	3245	-0.00847207	-61.8461	NA20819	TSI	EUR	female	1.1931109174087868
NA20821	7300	3295	-0.0086346	-63.0326	NA20821	TSI	EUR	female	0.36417857266099685
NA20822	7300	3321	-0.00859638	-62.7536	NA20822	TSI	EUR	female	0.5590981884929698
NA20826	7300	3254	-0.00829438	-60.549	NA20826	TSI	EUR	female	2.0993124718734784
NA20827	7300	3292	-0.0089957	-65.6686	NA20827	TSI	EUR	male	-1.4774275468123843
NA20828	7300	3255	-0.00893953	-65.2586	NA20828	TSI	EUR	female	-1.1909865342994552
NA20832	7300	3261	-0.00878384	-64.122	NA20832	TSI	EUR	female	-0.39691615668433716
NA20845	7300	3270	-0.0080951	-59.0942	NA20845	GIH	SAS	male	3.115689020663265
NA20846	7300	3214	-0.00856059	-62.4923	NA20846	GIH	SAS	male	0.7416519362237711
NA20847	7300	3242	-0.00832047	-60.7394	NA20847	GIH	SAS	female	1.966292060208934
NA20849	7300	3220	-0.00806548	-58.878	NA20849	GIH	SAS	female	3.2667342570176454
NA20850	7300	3247	-0.0083604	-61.0309	NA20850	GIH	SAS	male	1.762639486678399
NA20851	7300	3230	-0.00867411	-63.321	NA20851	GIH	SAS	female	0.16269177263970847
NA20852	7300	3261	-0.00845889	-61.7499	NA20852	GIH	SAS	male	1.2603197598569453
NA20853	7300	3244	-0.00852925	-62.2635	NA20853	GIH	SAS	female	0.9014999939383045
NA20854	7300	3308	-0.00849232	-61.9939	NA20854	GIH	SAS	female	1.089852425580957
NA20856	7300	3233	-0.00849197	-61.9914	NA20856	GIH	SAS	female	1.0915990171206682
NA20858	7300	3255	-0.00841601	-61.4369	NA20858	GIH	SAS	male	1.4789930206290092
NA20859	7300	3278	-0.00846334	-61.7824	NA20859	GIH	SAS	female	1.2376140698406721
NA20861	7300	3277	-0.00864345	-63.0972	NA20861	GIH	SAS	male	0.31904664727481397
NA20862	7300	3187	-0.00903655	-65.9668	NA20862	GIH	SAS	female	-1.6857609856693565
NA20863	7300	3190	-0.00808937	-59.0524	NA20863	GIH	SAS	male	3.144892031207268
NA20864	7300	3249	-0.00850107	-62.0578	NA20864	GIH	SAS	male	1.04520954582589
NA20866	7300	3273	-0.00848633	-61.9502	NA20866	GIH	SAS	male	1.120382845695136
NA20867	7300	3208	-0.00883701	-64.5102	NA20867	GIH	SAS	male	-0.6681268909709697
NA20868	7300	3245	-0.00886919	-64.7451	NA20868	GIH	SAS	female	-0.8322366320424002
NA20869	7300	3167	-0.00851212	-62.1385	NA20869	GIH	SAS	female	0.9888295709239543
NA20870	7300	3273	-0.00839785	-61.3043	NA20870	GIH	SAS	male	1.5716322358953891
NA20872	7300	3274	-0.00891845	-65.1047	NA20872	GIH	SAS	female	-1.083466359114718
NA20874	7300	3235	-0.00813499	-59.3854	NA20874	GIH	SAS	female	2.9122460381174977
NA20875	7300	3215	-0.00826788	-60.3555	NA20875	GIH	SAS	female	2.2344986570472645
NA20876	7300	3173	-0.0086184	-62.9143	NA20876	GIH	SAS	female	0.44682728432021934
NA20877	7300	3231	-0.00821481	-59.9681	NA20877	GIH	SAS	female	2.5051504820411905
NA20878	7300	3277	-0.00866375	-63.2454	NA20878	GIH	SAS	female	0.2155087008006305
NA20881	7300	3241	-0.00836592	-61.0712	NA20881	GIH	SAS	female	1.734484431058229
NA20882	7300	3268	-0.00854321	-62.3654	NA20882	GIH	SAS	female	0.8303089227796023
NA20884	7300	3235	-0.00822134	-60.0158	NA20884	GIH	SAS	male	2.471825515463467
NA20885	7300	3195	-0.00860995	-62.8526	NA20885	GIH	SAS	male	0.48993316352033245
NA20886	7300	3227	-0.00851955	-62.1927	NA20886	GIH	SAS	female	0.9509634663429755
NA20887	7300	3262	-0.0084324	-61.5565	NA20887	GIH	SAS	male	1.3954360813691404
NA20888	7300	3242	-0.00813419	-59.3796	NA20888	GIH	SAS	female	2.9162981304896274
NA20889	7300	3257	-0.00830781	-60.647	NA20889	GIH	SAS	male	2.03084608351673
NA20890	7300	3264	-0.00806034	-58.8405	NA20890	GIH	SAS	male	3.292933130113341
NA20891	7300	3266	-0.00854888	-62.4068	NA20891	GIH	SAS	male	0.8013853668819579
NA20892	7300	3239	-0.00845915	-61.7518	NA20892	GIH	SAS	female	1.258992350286759
NA20894	7300	3208	-0.00795333	-58.0593	NA20894	GIH	SAS	female	3.8387080544428573
NA20895	7300	3247	-0.00853484	-62.3043	NA20895	GIH	SAS	male	0.8729956200101903
NA20896	7300	3281	-0.00885888	-64.6698	NA20896	GIH	SAS	female	-0.7796292948662457
NA20897	7300	3254	-0.00809745	-59.1114	NA20897	GIH	SAS	male	3.1036724708700376
NA20899	7300	3254	-0.00826825	-60.3582	NA20899	GIH	SAS	female	2.2326123381843765
NA20900	7300	3229	-0.00855501	-62.4516	NA20900	GIH	SAS	female	0.7700864464902996
NA20901	7300	3187	-0.00815723	-59.5478	NA20901	GIH	SAS	male	2.798787451697738
NA20902	7300	3267	-0.00830027	-60.592	NA20902	GIH	SAS	female	2.0692710973904154
NA20903	7300	3225	-0.00799632	-58.3731	NA20903	GIH	SAS	male	3.619475884378082
NA20904	7300	3306	-0.00876674	-63.9972	NA20904	GIH	SAS	male	-0.309726307021864
NA20905	7300	3191	-0.00877223	-64.0373	NA20905	GIH	SAS	male	-0.3377416353188622
NA20906	7300	3170	-0.00826503	-60.3347	NA20906	GIH	SAS	female	2.2490302986576776
NA20908	7300	3256	-0.00845886	-61.7497	NA20908	GIH	SAS	female	1.260459487180122
NA20910	7300	3310	-0.00865533	-63.1839	NA20910	GIH	SAS	female	0.25847485267756687
NA20911	7300	3229	-0.00834532	-60.9208	NA20911	GIH	SAS	male	1.8395593780873614
NA21086	7300	3181	-0.00802003	-58.5462	NA21086	GIH	SAS	female	3.498541886168355
NA21087	7300	3255	-0.00842933	-61.5341	NA21087	GIH	SAS	male	1.4110855415649672
NA21088	7300	3236	-0.00809292	-59.0783	NA21088	GIH	SAS	female	3.126797342855841
NA21089	7300	3217	-0.00828684	-60.4939	NA21089	GIH	SAS	female	2.1378073494087553
NA21090	7300	3260	-0.00839503	-61.2837	NA21090	GIH	SAS	male	1.5860241501826204
NA21091	7300	3196	-0.00845473	-61.7195	NA21091	GIH	SAS	male	1.2815583129798553
NA21092	7300	3244	-0.00832889	-60.8009	NA21092	GIH	SAS	male	1.9233259083319976
NA21093	7300	3200	-0.00823412	-60.1091	NA21093	GIH	SAS	male	2.4066427192013786
NA21094	7300	3225	-0.00807858	-58.9736	NA21094	GIH	SAS	male	3.199944596539022
NA21095	7300	3263	-0.00845153	-61.6962	NA21095	GIH	SAS	male	1.29783654612998
NA21097	7300	3224	-0.00820926	-59.9276	NA21097	GIH	SAS	female	2.533445264984542
NA21098	7300	3264	-0.00845982	-61.7567	NA21098	GIH	SAS	male	1.255569030868922
NA21099	7300	3235	-0.00811496	-59.2392	NA21099	GIH	SAS	male	3.014386711359914
NA21100	7300	3284	-0.00840426	-61.3511	NA21100	GIH	SAS	male	1.5389360422719585
NA21101	7300	3235	-0.00818837	-59.7751	NA21101	GIH	SAS	female	2.6399873489070322
NA21102	7300	3251	-0.00874993	-63.8745	NA21102	GIH	SAS	female	-0.22400359425274885
NA21103	7300	3242	-0.00828149	-60.4549	NA21103	GIH	SAS	female	2.165054177428274
NA21104	7300	3225	-0.00842033	-61.4684	NA21104	GIH	SAS	male	1.4569859672286245
NA21105	7300	3217	-0.00827823	-60.4311	NA21105	GIH	SAS	male	2.1816817288863426
NA21106	7300	3288	-0.00846597	-61.8016	NA21106	GIH	SAS	female	1.2242002468156779
NA21107	7300	3260	-0.0079576	-58.0905	NA21107	GIH	SAS	male	3.8169105920272406
NA21108	7300	3281	-0.00840641	-61.3668	NA21108	GIH	SAS	female	1.5279674474025642
NA21109	7300	3232	-0.00809414	-59.0872	NA21109	GIH	SAS	male	3.1205794769744597
NA21110	7300	3260	-0.0084099	-61.3923	NA21110	GIH	SAS	female	1.510152213697491
NA21111	7300	3267	-0.00855038	-62.4178	NA21111	GIH	SAS	male	0.7937003641072188
NA21112	7300	3235	-0.00873134	-63.7388	NA21112	GIH	SAS	male	-0.12919860547712742
NA21113	7300	3290	-0.00864575	-63.114	NA21113	GIH	SAS	male	0.30730955212794514
NA21114	7300	3209	-0.0080389	-58.684	NA21114	GIH	SAS	male	3.402269760499376
NA21115	7300	3205	-0.00823977	-60.1503	NA21115	GIH	SAS	male	2.377858890626906
NA21116	7300	3319	-0.00893975	-65.2602	NA21116	GIH	SAS	male	-1.192104352884869
NA21117	7300	3186	-0.00832595	-60.7794	NA21117	GIH	SAS	male	1.9383465955735266
NA21118	7300	3186	-0.00845829	-61.7455	NA21118	GIH	SAS	male	1.263393760966838
NA21119	7300	3217	-0.00847984	-61.9028	NA21119	GIH	SAS	male	1.1534982212880966
NA21120	7300	3302	-0.00853782	-62.3261	NA21120	GIH	SAS	female	0.8577653417838936
NA21122	7300	3238	-0.00852647	-62.2432	NA21122	GIH	SAS	female	0.9156823172407732
NA21123	7300	3213	-0.00837874	-61.1648	NA21123	GIH	SAS	male	1.669092043811373
NA21124	7300	3286	-0.00841155	-61.4043	NA21124	GIH	SAS	male	1.5017685743068683
NA21125	7300	3243	-0.00860889	-62.8449	NA21125	GIH	SAS	female	0.49531266546264835
NA21126	7300	3220	-0.0082753	-60.4097	NA21126	GIH	SAS	male	2.1966325524662857
NA21127	7300	3271	-0.00829022	-60.5186	NA21127	GIH	SAS	male	2.120551024996389
NA21128	7300	3222	-0.00842599	-61.5097	NA21128	GIH	SAS	male	1.428132274992566
NA21129	7300	3285	-0.00852859	-62.2587	NA21129	GIH	SAS	male	0.9048534496945555
NA21130	7300	3303	-0.00835226	-60.9715	NA21130	GIH	SAS	male	1.8041385016619824
NA21133	7300	3218	-0.00835616	-61.0	NA21133	GIH	SAS	male	1.7842273581092536
NA21135	7300	3219	-0.00801055	-58.477	NA21135	GIH	SAS	male	3.5468875399876123
NA21137	7300	3237	-0.00871119	-63.5917	NA21137	GIH	SAS	female	-0.02642915928041839
NA21141	7300	3276	-0.00817232	-59.6579	NA21141	GIH	SAS	female	2.7218675602887803
NA21142	7300	3241	-0.00852193	-62.2101	NA21142	GIH	SAS	female	0.9388071892265765
NA21143	7300	3252	-0.00839173	-61.2596	NA21143	GIH	SAS	female	1.6028612926254566
NA21144	7300	3196	-0.00840237	-61.3373	NA21144	GIH	SAS	female	1.5485772275711767
